{
  "type": "FeatureCollection",
  "features": [
    {
      "id": "0",
      "type": "Feature",
      "properties": {
        "SA3_CODE21": "50401",
        "SA3_NAME21": "Bayswater - Bassendean",
        "AREASQKM21": 44.6693
      },
      "geometry": {
        "type": "Polygon",
        "coordinates": [
          [
            [
              115.89459893962353,
              -31.9390070248578
            ],
            [
              115.8945458996267,
              -31.938949034860467
            ],
            [
              115.89451290962921,
              -31.93892002486217
            ],
            [
              115.89445289963304,
              -31.93885703486519
            ],
            [
              115.89442588963423,
              -31.93882202486652
            ],
            [
              115.89438588963738,
              -31.93878802486857
            ],
            [
              115.89435890963856,
              -31.938753024869893
            ],
            [
              115.89432591964153,
              -31.93873002487161
            ],
            [
              115.89418491965682,
              -31.9386660348791
            ],
            [
              115.8941379096627,
              -31.938655034881624
            ],
            [
              115.89409789966705,
              -31.938637024883754
            ],
            [
              115.89404489967372,
              -31.93862502488662
            ],
            [
              115.8938629196953,
              -31.938567024896383
            ],
            [
              115.89374293970761,
              -31.93850305490271
            ],
            [
              115.89370293971248,
              -31.938492044904855
            ],
            [
              115.89359492972387,
              -31.938439044910574
            ],
            [
              115.8934818897339,
              -31.93835804491644
            ],
            [
              115.89342188973723,
              -31.938289044919433
            ],
            [
              115.89337490973836,
              -31.938215044921705
            ],
            [
              115.89336191973669,
              -31.93816905492221
            ],
            [
              115.89335592973407,
              -31.93812304492234
            ],
            [
              115.89335691972741,
              -31.9380370549219
            ],
            [
              115.89332282973051,
              -31.938013634923678
            ],
            [
              115.89304779976055,
              -31.93789159493828
            ],
            [
              115.89300782976453,
              -31.937868654940377
            ],
            [
              115.89296063976987,
              -31.9378506449429
            ],
            [
              115.89286091978023,
              -31.93779905494816
            ],
            [
              115.89280791978524,
              -31.93776505495093
            ],
            [
              115.89275389979109,
              -31.937741054953797
            ],
            [
              115.89267990979863,
              -31.9377010449577
            ],
            [
              115.8926399098017,
              -31.93766605495975
            ],
            [
              115.89256588980878,
              -31.93762004496362
            ],
            [
              115.89244590981849,
              -31.937522054969783
            ],
            [
              115.89238590982139,
              -31.93744705497277
            ],
            [
              115.89231290982613,
              -31.93737205497646
            ],
            [
              115.89211291984111,
              -31.937193044986675
            ],
            [
              115.89205893984627,
              -31.937159044989492
            ],
            [
              115.89199290985047,
              -31.937090044992832
            ],
            [
              115.89191892985747,
              -31.937043054996693
            ],
            [
              115.89188588985998,
              -31.937014044998385
            ],
            [
              115.89181153986664,
              -31.93696163500225
            ],
            [
              115.89176474987251,
              -31.936950645004778
            ],
            [
              115.89171758987703,
              -31.93692158500724
            ],
            [
              115.89154370989876,
              -31.936880625016634
            ],
            [
              115.89148285990697,
              -31.936874595019955
            ],
            [
              115.89143055991347,
              -31.936861735022788
            ],
            [
              115.89138277992029,
              -31.93686164502541
            ],
            [
              115.89132156992864,
              -31.936856585028764
            ],
            [
              115.89130499993095,
              -31.936856275029673
            ],
            [
              115.89126790993627,
              -31.936856055031722
            ],
            [
              115.89112690995763,
              -31.93687205503955
            ],
            [
              115.89111092996025,
              -31.936877055040462
            ],
            [
              115.89103890997191,
              -31.936895055044495
            ],
            [
              115.89098590998157,
              -31.936923045047546
            ],
            [
              115.89093791998975,
              -31.936940045050264
            ],
            [
              115.89089093999684,
              -31.936945055052867
            ],
            [
              115.89083093000541,
              -31.936945055056174
            ],
            [
              115.89072293001948,
              -31.936927055062053
            ],
            [
              115.8904408900544,
              -31.936857055077272
            ],
            [
              115.89034793006458,
              -31.936816075082213
            ],
            [
              115.89031391006769,
              -31.93679306508397
            ],
            [
              115.89027391007211,
              -31.93677605508611
            ],
            [
              115.89022091007877,
              -31.93676407508898
            ],
            [
              115.89017291008517,
              -31.93675807509159
            ],
            [
              115.89011291009373,
              -31.936758075094897
            ],
            [
              115.89006589010084,
              -31.936763075097506
            ],
            [
              115.89003053010647,
              -31.936770825099494
            ],
            [
              115.88991073012554,
              -31.936796645106195
            ],
            [
              115.88974991014844,
              -31.93679607511505
            ],
            [
              115.88970294015469,
              -31.936790065117616
            ],
            [
              115.8896089101663,
              -31.936766065122686
            ],
            [
              115.88951493017882,
              -31.93675406512781
            ],
            [
              115.88941389019149,
              -31.936731065133273
            ],
            [
              115.88891665025835,
              -31.936676715160427
            ],
            [
              115.8889087002593,
              -31.93667360516085
            ],
            [
              115.88887267026264,
              -31.936650615162723
            ],
            [
              115.88885869026421,
              -31.936644595163482
            ],
            [
              115.88881146027086,
              -31.93664339516607
            ],
            [
              115.88667081043643,
              -31.934794745275827
            ],
            [
              115.88576316050663,
              -31.934010905322367
            ],
            [
              115.88567297051344,
              -31.933930745326983
            ],
            [
              115.88649222036179,
              -31.93347301527982
            ],
            [
              115.88581718041311,
              -31.932878425314385
            ],
            [
              115.88557858043359,
              -31.93269928532674
            ],
            [
              115.88676502020122,
              -31.931867605257686
            ],
            [
              115.88714896012611,
              -31.931599005235356
            ],
            [
              115.88732482009155,
              -31.931474325225114
            ],
            [
              115.88781310999563,
              -31.931128155196685
            ],
            [
              115.88814963992967,
              -31.930891065177107
            ],
            [
              115.88855132985094,
              -31.93060923515372
            ],
            [
              115.88775357991226,
              -31.929915165194608
            ],
            [
              115.88745759993496,
              -31.929657445209767
            ],
            [
              115.88679457998586,
              -31.929080265243737
            ],
            [
              115.88612696003709,
              -31.928498305277948
            ],
            [
              115.88515321011178,
              -31.927649545327853
            ],
            [
              115.88608826991853,
              -31.92686028527285
            ],
            [
              115.88698817973194,
              -31.92609234521987
            ],
            [
              115.88789972954348,
              -31.92532180516624
            ],
            [
              115.88881021935522,
              -31.92455124511268
            ],
            [
              115.88913583928905,
              -31.924291205093592
            ],
            [
              115.88921032928295,
              -31.92435103508976
            ],
            [
              115.88950966925978,
              -31.924609165074408
            ],
            [
              115.88976184920769,
              -31.92439650505958
            ],
            [
              115.8893972892359,
              -31.92408222507827
            ],
            [
              115.88959449919584,
              -31.923924665066714
            ],
            [
              115.88964329918578,
              -31.923883895063845
            ],
            [
              115.88970921917158,
              -31.923820505059922
            ],
            [
              115.88988499913458,
              -31.92366303504955
            ],
            [
              115.89009764909055,
              -31.923482235037046
            ],
            [
              115.89046742906193,
              -31.923801175018085
            ],
            [
              115.89056936904088,
              -31.923715205012087
            ],
            [
              115.89071989902911,
              -31.923843445004362
            ],
            [
              115.89108613895343,
              -31.923534514982823
            ],
            [
              115.89078399897656,
              -31.9232702249983
            ],
            [
              115.89122206888584,
              -31.922897854972515
            ],
            [
              115.89114271889225,
              -31.922832944976612
            ],
            [
              115.89095616890901,
              -31.922702574986307
            ],
            [
              115.89093674890786,
              -31.92265099498715
            ],
            [
              115.89082979891629,
              -31.92256073499264
            ],
            [
              115.8912486788286,
              -31.922191934967937
            ],
            [
              115.89101072884702,
              -31.921986954980138
            ],
            [
              115.89110267882799,
              -31.921909054974726
            ],
            [
              115.89133868880977,
              -31.922112944962635
            ],
            [
              115.89170466873364,
              -31.921796944941086
            ],
            [
              115.89163119873908,
              -31.921730614944835
            ],
            [
              115.89147070875158,
              -31.921592944953066
            ],
            [
              115.89156206873255,
              -31.921514074947677
            ],
            [
              115.89140770874458,
              -31.921381934955594
            ],
            [
              115.89170962868211,
              -31.92112592493784
            ],
            [
              115.89174565867931,
              -31.921156914935988
            ],
            [
              115.8918230386633,
              -31.92109122493144
            ],
            [
              115.89189833864785,
              -31.921029224927025
            ],
            [
              115.89261847849882,
              -31.920417364884653
            ],
            [
              115.89270513848074,
              -31.920342194879552
            ],
            [
              115.89276604846785,
              -31.92028665487595
            ],
            [
              115.89312520839336,
              -31.91997976485481
            ],
            [
              115.89303147840069,
              -31.919899984859622
            ],
            [
              115.89296063840675,
              -31.919846484863285
            ],
            [
              115.89304739838886,
              -31.919773594858185
            ],
            [
              115.89338545831599,
              -31.919448164838137
            ],
            [
              115.89099324850241,
              -31.917402004960824
            ],
            [
              115.89105730848964,
              -31.917353874957087
            ],
            [
              115.8909621084968,
              -31.917269154961943
            ],
            [
              115.89132006842259,
              -31.916963534940894
            ],
            [
              115.89023758850718,
              -31.916041184996427
            ],
            [
              115.8898795985814,
              -31.916346845017493
            ],
            [
              115.88900195864996,
              -31.91559888506253
            ],
            [
              115.88765258875543,
              -31.914449925131784
            ],
            [
              115.88753658876443,
              -31.914349915137723
            ],
            [
              115.88744157877193,
              -31.914269925142605
            ],
            [
              115.88691834881277,
              -31.91382414516947
            ],
            [
              115.88608654887773,
              -31.913114945212154
            ],
            [
              115.88578356890147,
              -31.91285794522771
            ],
            [
              115.88563456891305,
              -31.912729945235352
            ],
            [
              115.88533256893666,
              -31.912472945250855
            ],
            [
              115.88451354900063,
              -31.911774955292906
            ],
            [
              115.88421256906302,
              -31.912031955310617
            ],
            [
              115.88372532910074,
              -31.911612745335617
            ],
            [
              115.88285151916888,
              -31.910866975380472
            ],
            [
              115.88314950910717,
              -31.91061295536294
            ],
            [
              115.88307551911292,
              -31.91054995536673
            ],
            [
              115.88205541919262,
              -31.90968132541911
            ],
            [
              115.88187054920697,
              -31.909522965428597
            ],
            [
              115.88153153923349,
              -31.909234975446005
            ],
            [
              115.88060275930599,
              -31.908442935493703
            ],
            [
              115.88126124915925,
              -31.907745435454324
            ],
            [
              115.88175564905046,
              -31.907240295424838
            ],
            [
              115.88255214887305,
              -31.906397305377208
            ],
            [
              115.88261850885826,
              -31.906326905373245
            ],
            [
              115.88311866874663,
              -31.905794905343324
            ],
            [
              115.88350928865967,
              -31.905381895319973
            ],
            [
              115.88446430844728,
              -31.90437576526289
            ],
            [
              115.88526456826959,
              -31.903535885215078
            ],
            [
              115.88604398809592,
              -31.90270997516847
            ],
            [
              115.88683235792182,
              -31.90189491512144
            ],
            [
              115.887457377784,
              -31.901251655084163
            ],
            [
              115.88765280774231,
              -31.90106893507258
            ],
            [
              115.88789618768901,
              -31.90082321505809
            ],
            [
              115.88934946738726,
              -31.899573814972516
            ],
            [
              115.89021962720794,
              -31.89884384492135
            ],
            [
              115.89075854709694,
              -31.898391754889666
            ],
            [
              115.89111420702528,
              -31.898115114868844
            ],
            [
              115.89104653703095,
              -31.898062274872334
            ],
            [
              115.88994667711638,
              -31.897119604928747
            ],
            [
              115.8898944871204,
              -31.897074424931425
            ],
            [
              115.88901614718858,
              -31.89632112497647
            ],
            [
              115.88876535720952,
              -31.89612512498942
            ],
            [
              115.88862596722113,
              -31.89601615499662
            ],
            [
              115.88716826734266,
              -31.89487681507189
            ],
            [
              115.88712971733824,
              -31.89474576507342
            ],
            [
              115.88724133731658,
              -31.894670005066942
            ],
            [
              115.8877109472192,
              -31.894267865039296
            ],
            [
              115.88836093708463,
              -31.893713665001034
            ],
            [
              115.88856756703949,
              -31.893506114988735
            ],
            [
              115.88859150703351,
              -31.893472554987266
            ],
            [
              115.8886301970239,
              -31.893418274984885
            ],
            [
              115.88881923697868,
              -31.893176724973415
            ],
            [
              115.88891522695802,
              -31.89308472496771
            ],
            [
              115.88934420686849,
              -31.892709264942425
            ],
            [
              115.88948623683872,
              -31.892583724934042
            ],
            [
              115.88970337679771,
              -31.892450684921485
            ],
            [
              115.8897976867816,
              -31.892415404916147
            ],
            [
              115.88990317676337,
              -31.892373004910134
            ],
            [
              115.88996905675188,
              -31.89234557490639
            ],
            [
              115.8902013767039,
              -31.89214887489273
            ],
            [
              115.89065317661053,
              -31.89176568486615
            ],
            [
              115.89180540637197,
              -31.89078333479834
            ],
            [
              115.89229790626996,
              -31.890362334769335
            ],
            [
              115.89213481628107,
              -31.890202124777623
            ],
            [
              115.8914177063374,
              -31.889595974814426
            ],
            [
              115.89059816639974,
              -31.888876634856388
            ],
            [
              115.88961445647676,
              -31.88804202490688
            ],
            [
              115.88942111649068,
              -31.88786176491674
            ],
            [
              115.8891288265092,
              -31.88755603493147
            ],
            [
              115.88899884651883,
              -31.887438594938118
            ],
            [
              115.88879006653814,
              -31.88730052494901
            ],
            [
              115.88860862655602,
              -31.88719513495854
            ],
            [
              115.88779646661956,
              -31.886506105000226
            ],
            [
              115.88633522673403,
              -31.885267245075262
            ],
            [
              115.8860057067598,
              -31.884987605092178
            ],
            [
              115.88563208678896,
              -31.884669645111348
            ],
            [
              115.88367002694162,
              -31.88299315521207
            ],
            [
              115.88290480700252,
              -31.882357665251423
            ],
            [
              115.8817631670909,
              -31.881376935310005
            ],
            [
              115.88140177711959,
              -31.88107603532859
            ],
            [
              115.87989804723635,
              -31.879788935405784
            ],
            [
              115.87962192725772,
              -31.879551975419965
            ],
            [
              115.87958604726079,
              -31.879524715421823
            ],
            [
              115.8794670572738,
              -31.879472715428143
            ],
            [
              115.87949556713973,
              -31.877755655418987
            ],
            [
              115.87949530712312,
              -31.877535855418024
            ],
            [
              115.87949410704279,
              -31.87647281541339
            ],
            [
              115.8795045769836,
              -31.87571059540944
            ],
            [
              115.87952724695779,
              -31.875412245406864
            ],
            [
              115.87950961695076,
              -31.875285795407272
            ],
            [
              115.87951859691331,
              -31.87480860540467
            ],
            [
              115.87950997686455,
              -31.87414836540222
            ],
            [
              115.87951213683527,
              -31.873765615400416
            ],
            [
              115.87951034681335,
              -31.873472485399223
            ],
            [
              115.8794328966956,
              -31.871771665395958
            ],
            [
              115.87870971679823,
              -31.871766705435796
            ],
            [
              115.87762391695276,
              -31.871765695495668
            ],
            [
              115.8776338769119,
              -31.871244675492818
            ],
            [
              115.8777148768343,
              -31.870372655484474
            ],
            [
              115.87786269676519,
              -31.86973760547353
            ],
            [
              115.87789602674955,
              -31.869593795471047
            ],
            [
              115.87830051655985,
              -31.867848555441018
            ],
            [
              115.87877669649635,
              -31.867905605415014
            ],
            [
              115.88026290629693,
              -31.8680666753338
            ],
            [
              115.88084405621457,
              -31.868071425301782
            ],
            [
              115.88090869620578,
              -31.868076605298242
            ],
            [
              115.8813377561485,
              -31.86812673527482
            ],
            [
              115.88287666594297,
              -31.86830659519078
            ],
            [
              115.88441265573341,
              -31.868426935106676
            ],
            [
              115.8857356755529,
              -31.868530615034217
            ],
            [
              115.88885416509557,
              -31.868354714861606
            ],
            [
              115.88986670494707,
              -31.868297604805587
            ],
            [
              115.8910566847684,
              -31.868175594739494
            ],
            [
              115.89323547443902,
              -31.867922114618366
            ],
            [
              115.89488983418892,
              -31.867729634526412
            ],
            [
              115.8964756939492,
              -31.86754513443827
            ],
            [
              115.89657467393423,
              -31.867533614432777
            ],
            [
              115.89930951353006,
              -31.86733778428134
            ],
            [
              115.90063869333359,
              -31.867242604207746
            ],
            [
              115.9031606629547,
              -31.8669806040678
            ],
            [
              115.90548783258821,
              -31.866515353937686
            ],
            [
              115.9065511124327,
              -31.866460643878938
            ],
            [
              115.90668032240649,
              -31.866357083871367
            ],
            [
              115.90958170195466,
              -31.86584459370948
            ],
            [
              115.91282469145762,
              -31.86537660352906
            ],
            [
              115.9138696913127,
              -31.865427603471815
            ],
            [
              115.91475667120626,
              -31.865690603424227
            ],
            [
              115.91548868113361,
              -31.866108613385816
            ],
            [
              115.91608268109326,
              -31.866694593355753
            ],
            [
              115.9164266910876,
              -31.86726859333938
            ],
            [
              115.91675373109993,
              -31.86804896332487
            ],
            [
              115.91681768110234,
              -31.868201603322028
            ],
            [
              115.91703760117665,
              -31.869600353316137
            ],
            [
              115.91736467128709,
              -31.871680603307375
            ],
            [
              115.91739519129636,
              -31.871861223306496
            ],
            [
              115.91798477121233,
              -31.871860223274076
            ],
            [
              115.91803080119581,
              -31.871728203270976
            ],
            [
              115.91810778118666,
              -31.87175222326685
            ],
            [
              115.91890369107507,
              -31.8717756032232
            ],
            [
              115.92130777073412,
              -31.871794183091147
            ],
            [
              115.92178668066539,
              -31.87178761306481
            ],
            [
              115.92198594063755,
              -31.871794583053887
            ],
            [
              115.9230027904928,
              -31.871795162998023
            ],
            [
              115.92310879048101,
              -31.87183915299238
            ],
            [
              115.92326877045952,
              -31.871856152983668
            ],
            [
              115.923268770446,
              -31.871677162982873
            ],
            [
              115.92461978025351,
              -31.87167614290864
            ],
            [
              115.92468278023956,
              -31.871610142904885
            ],
            [
              115.92468376025127,
              -31.871767152905527
            ],
            [
              115.92491170021935,
              -31.871774602893034
            ],
            [
              115.92584078008724,
              -31.871777142842006
            ],
            [
              115.92720597989262,
              -31.871774922766996
            ],
            [
              115.92741454986292,
              -31.87177457275554
            ],
            [
              115.92892724964736,
              -31.87177286267245
            ],
            [
              115.92966677954196,
              -31.87177210263183
            ],
            [
              115.92977860952499,
              -31.87175823262563
            ],
            [
              115.92987675951011,
              -31.871746072620176
            ],
            [
              115.93005476947727,
              -31.87164708260996
            ],
            [
              115.9301983294466,
              -31.871511272601484
            ],
            [
              115.93033976943224,
              -31.871588092594052
            ],
            [
              115.93066877939451,
              -31.871709082576515
            ],
            [
              115.93097978935435,
              -31.87176408255968
            ],
            [
              115.93130098930882,
              -31.871766892542063
            ],
            [
              115.93197780921224,
              -31.871764452504888
            ],
            [
              115.93296378907172,
              -31.87176306245074
            ],
            [
              115.93329366902516,
              -31.871768612432657
            ],
            [
              115.93340258900963,
              -31.87176824242667
            ],
            [
              115.93340280904395,
              -31.87222406242867
            ],
            [
              115.93340378905738,
              -31.87240406242942
            ],
            [
              115.93340378909514,
              -31.872905062431638
            ],
            [
              115.93340481910806,
              -31.87307806243236
            ],
            [
              115.93340481914126,
              -31.873518302434302
            ],
            [
              115.93340583916424,
              -31.87382509243561
            ],
            [
              115.9334058691965,
              -31.874253082437498
            ],
            [
              115.93340685920246,
              -31.87433408243781
            ],
            [
              115.93340685924868,
              -31.87494709244052
            ],
            [
              115.9334078492564,
              -31.87505110244094
            ],
            [
              115.93340784927948,
              -31.87535711244229
            ],
            [
              115.93340652929012,
              -31.87549567244298
            ],
            [
              115.93340583929563,
              -31.875567662443338
            ],
            [
              115.93340484930185,
              -31.875648022443738
            ],
            [
              115.93334184931071,
              -31.875647102447196
            ],
            [
              115.93340484930593,
              -31.875702102443974
            ],
            [
              115.93340568934383,
              -31.876206592446177
            ],
            [
              115.93340886940923,
              -31.87708014244987
            ],
            [
              115.93350204940447,
              -31.877192722445262
            ],
            [
              115.93351387944872,
              -31.877802142447305
            ],
            [
              115.93350485945975,
              -31.877931142448368
            ],
            [
              115.93344689947698,
              -31.87805014245208
            ],
            [
              115.93330691950587,
              -31.878169152460284
            ],
            [
              115.93315248953445,
              -31.878256242469156
            ],
            [
              115.93325191952991,
              -31.878384152464257
            ],
            [
              115.93338991953017,
              -31.87864815245786
            ],
            [
              115.93347890953869,
              -31.87892916245422
            ],
            [
              115.93351288955573,
              -31.87921915245364
            ],
            [
              115.93351354956276,
              -31.879314042454023
            ],
            [
              115.93351281956714,
              -31.879370632454307
            ],
            [
              115.93351463959519,
              -31.879745922455886
            ],
            [
              115.93351536959882,
              -31.879795522456053
            ],
            [
              115.93351635964214,
              -31.88037164245856
            ],
            [
              115.93351774970783,
              -31.881245582462345
            ],
            [
              115.93351858974856,
              -31.881787492464703
            ],
            [
              115.93351540975239,
              -31.881832092465086
            ],
            [
              115.93350602976362,
              -31.881963262466183
            ],
            [
              115.93354018977715,
              -31.882207162465388
            ],
            [
              115.93360395978216,
              -31.882394212462703
            ],
            [
              115.9335579697899,
              -31.882410222465303
            ],
            [
              115.93352697979653,
              -31.882439202467136
            ],
            [
              115.93351296980131,
              -31.88247620246807
            ],
            [
              115.93351398980364,
              -31.882509212468158
            ],
            [
              115.93342375981847,
              -31.882535262473226
            ],
            [
              115.93342298982735,
              -31.88265121247379
            ],
            [
              115.93342397986044,
              -31.883092222475685
            ],
            [
              115.93342696992504,
              -31.883954222479336
            ],
            [
              115.9334270099515,
              -31.88430523248089
            ],
            [
              115.93342897997776,
              -31.884657232482347
            ],
            [
              115.93342898000432,
              -31.885009242483896
            ],
            [
              115.93343000001956,
              -31.885213242484742
            ],
            [
              115.93342905002648,
              -31.885303282485204
            ],
            [
              115.93343201007022,
              -31.88588925248764
            ],
            [
              115.93343504016576,
              -31.88716127249311
            ],
            [
              115.93343799018962,
              -31.887483602494378
            ],
            [
              115.93371948013721,
              -31.887320232478192
            ],
            [
              115.93395761009495,
              -31.887210352464635
            ],
            [
              115.93401933009211,
              -31.887289162461588
            ],
            [
              115.93422585008604,
              -31.88759887245164
            ],
            [
              115.93418975009261,
              -31.88761767245369
            ],
            [
              115.93443163008106,
              -31.88792190244176
            ],
            [
              115.93464600006561,
              -31.88812187243089
            ],
            [
              115.93507337998932,
              -31.88791796240651
            ],
            [
              115.93552564991292,
              -31.88775938238099
            ],
            [
              115.93603452983139,
              -31.88764004235253
            ],
            [
              115.93659567974653,
              -31.88757527232144
            ],
            [
              115.93687913970557,
              -31.88756772230585
            ],
            [
              115.93712503967139,
              -31.887579242292393
            ],
            [
              115.9387350594427,
              -31.887589232204068
            ],
            [
              115.93986753928091,
              -31.88758398214191
            ],
            [
              115.94218598894969,
              -31.88757321201464
            ],
            [
              115.94436692863879,
              -31.887572201894983
            ],
            [
              115.94436492862995,
              -31.887451191894566
            ],
            [
              115.94490347855321,
              -31.887451351865018
            ],
            [
              115.94737967820036,
              -31.887452171729205
            ],
            [
              115.9477109181533,
              -31.887454171711052
            ],
            [
              115.9478708981309,
              -31.8874591817023
            ],
            [
              115.94813788809381,
              -31.887472171687715
            ],
            [
              115.94849788804387,
              -31.887490171668052
            ],
            [
              115.94986689785718,
              -31.88760215159347
            ],
            [
              115.95035088779078,
              -31.887636151567087
            ],
            [
              115.95089385771347,
              -31.887637151537326
            ],
            [
              115.95167105760262,
              -31.8876362414947
            ],
            [
              115.95347079734597,
              -31.887634111396025
            ],
            [
              115.95393117728024,
              -31.887632321370777
            ],
            [
              115.95590282699884,
              -31.887627091262683
            ],
            [
              115.95595480699272,
              -31.887644621259913
            ],
            [
              115.95601787698534,
              -31.887665921256563
            ],
            [
              115.96059767633324,
              -31.887673981005616
            ],
            [
              115.96098548627799,
              -31.88767465098437
            ],
            [
              115.9643296558018,
              -31.8876806108012
            ],
            [
              115.96426077589268,
              -31.88875797080976
            ],
            [
              115.96409178593314,
              -31.888974980819984
            ],
            [
              115.96406678593898,
              -31.88900596082149
            ],
            [
              115.96402677594726,
              -31.889039970823813
            ],
            [
              115.96393176596811,
              -31.889136960829465
            ],
            [
              115.96391176597396,
              -31.88917698083073
            ],
            [
              115.96385077598778,
              -31.88924498083439
            ],
            [
              115.96382978599331,
              -31.889278990835678
            ],
            [
              115.96376879600851,
              -31.8893649908394
            ],
            [
              115.96374182601662,
              -31.88942199084113
            ],
            [
              115.96371481602304,
              -31.88945600084276
            ],
            [
              115.96369382602904,
              -31.889495990844093
            ],
            [
              115.9636598060378,
              -31.889548000846187
            ],
            [
              115.96353680607851,
              -31.88985598085428
            ],
            [
              115.96351679608401,
              -31.889890990855534
            ],
            [
              115.963502826089,
              -31.889930980856473
            ],
            [
              115.96336182612589,
              -31.89015400086519
            ],
            [
              115.9633328061347,
              -31.890216010867054
            ],
            [
              115.96330582614107,
              -31.890250020868685
            ],
            [
              115.9632918161457,
              -31.89028502086962
            ],
            [
              115.96328480614972,
              -31.890325010870164
            ],
            [
              115.96332480614876,
              -31.890388010868257
            ],
            [
              115.96336481614698,
              -31.8904400108663
            ],
            [
              115.96341182614375,
              -31.890486000863923
            ],
            [
              115.96344482614205,
              -31.890526020862296
            ],
            [
              115.96347183614121,
              -31.89056601086099
            ],
            [
              115.96349785614314,
              -31.890641010859905
            ],
            [
              115.96349785614659,
              -31.890687000860105
            ],
            [
              115.96348986615246,
              -31.89075001086082
            ],
            [
              115.96348986615676,
              -31.89080701086107
            ],
            [
              115.96347683616118,
              -31.89084102086193
            ],
            [
              115.96344186617611,
              -31.890973010864432
            ],
            [
              115.96340083618713,
              -31.891042000866985
            ],
            [
              115.96338685619342,
              -31.891099040868006
            ],
            [
              115.96335984619984,
              -31.89113302086964
            ],
            [
              115.9633398462057,
              -31.891173040870907
            ],
            [
              115.96315683624547,
              -31.89135502088175
            ],
            [
              115.96307584626223,
              -31.89142403088649
            ],
            [
              115.96303485627016,
              -31.891452030888853
            ],
            [
              115.96300784627621,
              -31.891481020890467
            ],
            [
              115.96281187631564,
              -31.89163402090188
            ],
            [
              115.96278486632205,
              -31.89166802090351
            ],
            [
              115.96271087633606,
              -31.891714050907773
            ],
            [
              115.96267686634303,
              -31.89174204090975
            ],
            [
              115.96258886635984,
              -31.891799040914822
            ],
            [
              115.96255586636674,
              -31.89182805091677
            ],
            [
              115.9625218863733,
              -31.891851040918723
            ],
            [
              115.96248085638084,
              -31.891873040921084
            ],
            [
              115.96241387639246,
              -31.891901050924865
            ],
            [
              115.96225886642097,
              -31.89198604093373
            ],
            [
              115.9620288764658,
              -31.892146040947047
            ],
            [
              115.96199485647321,
              -31.89218005094905
            ],
            [
              115.96190087649127,
              -31.892242060954484
            ],
            [
              115.96179987651172,
              -31.892322070960372
            ],
            [
              115.96167789653374,
              -31.892384060967327
            ],
            [
              115.96158386655235,
              -31.89245307097278
            ],
            [
              115.96154988655933,
              -31.892481060974767
            ],
            [
              115.96135088659662,
              -31.892600070986205
            ],
            [
              115.96125288661888,
              -31.892710070992067
            ],
            [
              115.96082890671627,
              -31.893201081017462
            ],
            [
              115.96044390678816,
              -31.893427091039563
            ],
            [
              115.96036590681388,
              -31.893621101044694
            ],
            [
              115.96031790682758,
              -31.893712111047726
            ],
            [
              115.96022990684787,
              -31.893815091053
            ],
            [
              115.96020289685474,
              -31.893855091054654
            ],
            [
              115.96001991689324,
              -31.894020091065418
            ],
            [
              115.95989191691744,
              -31.89409911107278
            ],
            [
              115.95984493692717,
              -31.89413910107554
            ],
            [
              115.95980394693517,
              -31.894168111077907
            ],
            [
              115.95972295695441,
              -31.894270121082798
            ],
            [
              115.95953395698649,
              -31.89433813109346
            ],
            [
              115.95948694699364,
              -31.894344121096054
            ],
            [
              115.9593999270081,
              -31.894372111100946
            ],
            [
              115.9593519370158,
              -31.894383121103626
            ],
            [
              115.95931192702277,
              -31.894400121105893
            ],
            [
              115.9592579470313,
              -31.894411131108907
            ],
            [
              115.9592179370383,
              -31.89442811111116
            ],
            [
              115.95894196708315,
              -31.894501111126623
            ],
            [
              115.95889495709113,
              -31.89451811112927
            ],
            [
              115.95884093710093,
              -31.894546121132354
            ],
            [
              115.95875292711649,
              -31.89458612113735
            ],
            [
              115.95871292712472,
              -31.89462014113969
            ],
            [
              115.95866492713331,
              -31.89464314114244
            ],
            [
              115.95859094714773,
              -31.894694141146704
            ],
            [
              115.95855692715467,
              -31.894722131148693
            ],
            [
              115.95851692716255,
              -31.894751141151
            ],
            [
              115.95845472717605,
              -31.894812631154693
            ],
            [
              115.95832657720554,
              -31.894961601162372
            ],
            [
              115.95810392725359,
              -31.89517814117554
            ],
            [
              115.9580769172609,
              -31.895224131177223
            ],
            [
              115.95791394730003,
              -31.895435161187084
            ],
            [
              115.95787262731234,
              -31.89552057118973
            ],
            [
              115.95781893732514,
              -31.895589151192986
            ],
            [
              115.9577569173413,
              -31.8956861511968
            ],
            [
              115.95773691734763,
              -31.895732161198108
            ],
            [
              115.95762792737911,
              -31.89594415120502
            ],
            [
              115.95753193740951,
              -31.896166151211258
            ],
            [
              115.95752492741398,
              -31.896212161211857
            ],
            [
              115.95752495741701,
              -31.896252161212026
            ],
            [
              115.95753799741901,
              -31.896304161211546
            ],
            [
              115.9575439774221,
              -31.89635616121144
            ],
            [
              115.95756996742789,
              -31.896482151210588
            ],
            [
              115.9576159574321,
              -31.896625171208687
            ],
            [
              115.95762274743409,
              -31.896664581208505
            ],
            [
              115.95764895743822,
              -31.896769171207534
            ],
            [
              115.95766198743893,
              -31.896803181206963
            ],
            [
              115.95773998745636,
              -31.897182171204363
            ],
            [
              115.95775998745825,
              -31.89724518120355
            ],
            [
              115.95776596746296,
              -31.89731918120355
            ],
            [
              115.95777896746456,
              -31.897365171203038
            ],
            [
              115.95778020746502,
              -31.897373611203
            ],
            [
              115.95778494746673,
              -31.897405171202884
            ],
            [
              115.95783196746959,
              -31.897532171200876
            ],
            [
              115.9578445174716,
              -31.89758256120041
            ],
            [
              115.95789798747138,
              -31.897681171197927
            ],
            [
              115.95807800746216,
              -31.897899171189017
            ],
            [
              115.95811100745959,
              -31.897928181187346
            ],
            [
              115.95814399745666,
              -31.897951181185643
            ],
            [
              115.95831200744398,
              -31.898101181177097
            ],
            [
              115.9583919874365,
              -31.898153181172958
            ],
            [
              115.95844497743114,
              -31.898182171170163
            ],
            [
              115.95848498742679,
              -31.89820017116806
            ],
            [
              115.95862601740932,
              -31.898235171160476
            ],
            [
              115.95876701739355,
              -31.898293171153
            ],
            [
              115.95881403738906,
              -31.898322181150572
            ],
            [
              115.95885399738636,
              -31.89836217114854
            ],
            [
              115.95908099736484,
              -31.898506181136753
            ],
            [
              115.95923502734813,
              -31.898576181128625
            ],
            [
              115.95928199734365,
              -31.898605171126196
            ],
            [
              115.9593220373392,
              -31.898622171124053
            ],
            [
              115.95955603731848,
              -31.898790171111983
            ],
            [
              115.95959702731437,
              -31.898813171109843
            ],
            [
              115.95971003730517,
              -31.89890517110406
            ],
            [
              115.95975003730078,
              -31.898922171101947
            ],
            [
              115.95991005729142,
              -31.899101171093964
            ],
            [
              115.95993005729112,
              -31.899135181093026
            ],
            [
              115.96010072729368,
              -31.89949254108525
            ],
            [
              115.96022004729552,
              -31.89974318107982
            ],
            [
              115.96042105728601,
              -31.899997171069938
            ],
            [
              115.96045507728334,
              -31.90002617106821
            ],
            [
              115.96050806728054,
              -31.900089171065588
            ],
            [
              115.96054807727661,
              -31.90011318106349
            ],
            [
              115.96060705727281,
              -31.90017417106053
            ],
            [
              115.9607900372598,
              -31.900347831051278
            ],
            [
              115.96102206724326,
              -31.900568171039545
            ],
            [
              115.96114305723121,
              -31.900637171033214
            ],
            [
              115.96125606722076,
              -31.90071217102736
            ],
            [
              115.96129606721769,
              -31.90074717102533
            ],
            [
              115.96149010720431,
              -31.900937171015528
            ],
            [
              115.961597087199,
              -31.90106917101026
            ],
            [
              115.96162310719832,
              -31.90110918100902
            ],
            [
              115.96166311719914,
              -31.901196171007214
            ],
            [
              115.96178907719332,
              -31.901357181001025
            ],
            [
              115.96192211718993,
              -31.90156417099465
            ],
            [
              115.96194211719047,
              -31.901609180993752
            ],
            [
              115.96196909719013,
              -31.90165617099248
            ],
            [
              115.96198212719129,
              -31.901696170991947
            ],
            [
              115.96203457719108,
              -31.9017925909895
            ],
            [
              115.96204807719265,
              -31.901839170988968
            ],
            [
              115.9620880871926,
              -31.901914170987116
            ],
            [
              115.96212709719431,
              -31.902011170985404
            ],
            [
              115.96215410719356,
              -31.902052180984107
            ],
            [
              115.96220009719349,
              -31.902138170981978
            ],
            [
              115.96221309719418,
              -31.902172170981412
            ],
            [
              115.962232587194,
              -31.90220658098049
            ],
            [
              115.96237814720352,
              -31.902609180974306
            ],
            [
              115.96238482720591,
              -31.90265362097413
            ],
            [
              115.96240464720702,
              -31.90270564097328
            ],
            [
              115.96243114720674,
              -31.902752170972033
            ],
            [
              115.96244413720791,
              -31.9027921809715
            ],
            [
              115.96246414720768,
              -31.902827170970554
            ],
            [
              115.9624841472083,
              -31.902873180969674
            ],
            [
              115.96249709721029,
              -31.902924180969183
            ],
            [
              115.96253710721112,
              -31.903011170967382
            ],
            [
              115.96256312721472,
              -31.90310818096638
            ],
            [
              115.96258312721534,
              -31.903154170965486
            ],
            [
              115.9626421572255,
              -31.903401180963353
            ],
            [
              115.96264112723294,
              -31.903498200963845
            ],
            [
              115.96262714724443,
              -31.903624200965158
            ],
            [
              115.96262612724803,
              -31.90367019096542
            ],
            [
              115.96260510726307,
              -31.903830200967278
            ],
            [
              115.96260513726781,
              -31.90389319096756
            ],
            [
              115.96262963728199,
              -31.904127640967257
            ],
            [
              115.96262784730165,
              -31.904385590968502
            ],
            [
              115.96261419731184,
              -31.904495200969734
            ],
            [
              115.96260017731686,
              -31.904535200970688
            ],
            [
              115.9625921473292,
              -31.904684200971772
            ],
            [
              115.96258513733322,
              -31.904724190972345
            ],
            [
              115.96254414734685,
              -31.904827200975042
            ],
            [
              115.9625171373537,
              -31.90486720097669
            ],
            [
              115.9624755673669,
              -31.904963570979405
            ],
            [
              115.96236715739998,
              -31.905198200986387
            ],
            [
              115.96225817743405,
              -31.905444210993444
            ],
            [
              115.96210114747407,
              -31.90567822100308
            ],
            [
              115.96207417748003,
              -31.90570621100468
            ],
            [
              115.96201314749604,
              -31.90580321100846
            ],
            [
              115.96199854750068,
              -31.905837631009412
            ],
            [
              115.96183619754453,
              -31.906112211019533
            ],
            [
              115.96180918755397,
              -31.906186211021332
            ],
            [
              115.96178819756388,
              -31.906278211022883
            ],
            [
              115.9617681975693,
              -31.906312221024127
            ],
            [
              115.96175421757432,
              -31.906352211025073
            ],
            [
              115.96170621758762,
              -31.90643822102808
            ],
            [
              115.96165821760349,
              -31.90655821103125
            ],
            [
              115.96163821760892,
              -31.906592211032493
            ],
            [
              115.96162420761348,
              -31.90662622103341
            ],
            [
              115.96159719762554,
              -31.906735221035373
            ],
            [
              115.96157620763238,
              -31.906786201036756
            ],
            [
              115.96156218763828,
              -31.90683821103775
            ],
            [
              115.96153521764732,
              -31.906907211039538
            ],
            [
              115.96152820765134,
              -31.90694721104009
            ],
            [
              115.96149962766312,
              -31.907049591042117
            ],
            [
              115.96145820768757,
              -31.907296231045475
            ],
            [
              115.96145619771032,
              -31.9075942310469
            ],
            [
              115.9614822177139,
              -31.90769122104591
            ],
            [
              115.96148878771594,
              -31.907730611045736
            ],
            [
              115.96153452772107,
              -31.907885581043903
            ],
            [
              115.9615985777405,
              -31.90826458104208
            ],
            [
              115.9615982577466,
              -31.90834524104246
            ],
            [
              115.96160522774987,
              -31.90840223104232
            ],
            [
              115.96159825775479,
              -31.908454241042936
            ],
            [
              115.96157722776118,
              -31.908499231044296
            ],
            [
              115.96157025776564,
              -31.90854524104488
            ],
            [
              115.96155722777007,
              -31.908579221045745
            ],
            [
              115.96154280777598,
              -31.908630621046765
            ],
            [
              115.96153623778086,
              -31.908683231047345
            ],
            [
              115.96152156778676,
              -31.908733571048373
            ],
            [
              115.96151521779248,
              -31.908797231049004
            ],
            [
              115.96151422779909,
              -31.90888323104944
            ],
            [
              115.96152722780369,
              -31.908969221049112
            ],
            [
              115.96152722780671,
              -31.90900924104929
            ],
            [
              115.96154623781136,
              -31.90910723104868
            ],
            [
              115.96154623781439,
              -31.909147231048856
            ],
            [
              115.96155222781738,
              -31.90919823104875
            ],
            [
              115.96156521781944,
              -31.90925024104827
            ],
            [
              115.96157824782014,
              -31.909284221047717
            ],
            [
              115.9615782478236,
              -31.909330231047914
            ],
            [
              115.96160474782542,
              -31.90940462104679
            ],
            [
              115.96159722783,
              -31.909451241047407
            ],
            [
              115.961595227851,
              -31.90972624104874
            ],
            [
              115.96160222785474,
              -31.90978925104863
            ],
            [
              115.96160120785962,
              -31.909852251048974
            ],
            [
              115.96160825786208,
              -31.90989825104879
            ],
            [
              115.96160726786563,
              -31.90994325104904
            ],
            [
              115.96162668787319,
              -31.910080611048596
            ],
            [
              115.9617062578761,
              -31.91027025104506
            ],
            [
              115.96170424789537,
              -31.910522241046298
            ],
            [
              115.9617102678989,
              -31.910580261046224
            ],
            [
              115.96171026790235,
              -31.91062625104643
            ],
            [
              115.9617232679043,
              -31.910677251045943
            ],
            [
              115.9617232679108,
              -31.91076324104633
            ],
            [
              115.96171526791542,
              -31.910809251046963
            ],
            [
              115.96171526791889,
              -31.91085524104717
            ],
            [
              115.96167325794514,
              -31.91112425105067
            ],
            [
              115.96167325794859,
              -31.911170241050876
            ],
            [
              115.96165825795802,
              -31.911267261052114
            ],
            [
              115.96165825796149,
              -31.91131325105232
            ],
            [
              115.96163124797135,
              -31.911393241054157
            ],
            [
              115.96161025797738,
              -31.91143326105548
            ],
            [
              115.96159722798222,
              -31.911473251056375
            ],
            [
              115.96155623799412,
              -31.911553251058983
            ],
            [
              115.96150824800655,
              -31.911627251061926
            ],
            [
              115.96141283802832,
              -31.911735621067642
            ],
            [
              115.9613122380491,
              -31.911821271073535
            ],
            [
              115.96127124805706,
              -31.911849271075905
            ],
            [
              115.96123722806446,
              -31.911883271077915
            ],
            [
              115.9612042680709,
              -31.911906261079817
            ],
            [
              115.96110225809277,
              -31.91200326108585
            ],
            [
              115.96087927813747,
              -31.912174271098817
            ],
            [
              115.9608522681434,
              -31.912202261100415
            ],
            [
              115.96081225815169,
              -31.912236271102753
            ],
            [
              115.9607442581666,
              -31.912305271106796
            ],
            [
              115.96062924819067,
              -31.912407261113547
            ],
            [
              115.96054124820752,
              -31.912464261118615
            ],
            [
              115.96050726821453,
              -31.912493271120606
            ],
            [
              115.96047324822105,
              -31.912515261122568
            ],
            [
              115.96035224824305,
              -31.91257828112948
            ],
            [
              115.96034535824438,
              -31.912582921129875
            ],
            [
              115.960285238256,
              -31.91262327113336
            ],
            [
              115.96024424826314,
              -31.912640271135672
            ],
            [
              115.96015624827916,
              -31.9126862611407
            ],
            [
              115.95993323832204,
              -31.912833261153562
            ],
            [
              115.9599008183289,
              -31.912862581155473
            ],
            [
              115.95983227834203,
              -31.912907261159436
            ],
            [
              115.95979825834908,
              -31.912936271161428
            ],
            [
              115.95975828835603,
              -31.912953271163683
            ],
            [
              115.95968426836997,
              -31.91299826116793
            ],
            [
              115.95967028837454,
              -31.91303227116885
            ],
            [
              115.95963028838153,
              -31.91304929117113
            ],
            [
              115.95958925838912,
              -31.913072281173473
            ],
            [
              115.95953527839856,
              -31.913095281176542
            ],
            [
              115.95944653841502,
              -31.913145631181617
            ],
            [
              115.9594072684215,
              -31.913157291183815
            ],
            [
              115.95937273842854,
              -31.913185591185837
            ],
            [
              115.9593332484359,
              -31.913208291188102
            ],
            [
              115.95929170844305,
              -31.91322457119045
            ],
            [
              115.95923224845204,
              -31.913231291193732
            ],
            [
              115.95913125846636,
              -31.91323029119927
            ],
            [
              115.95908975847398,
              -31.913252561201645
            ],
            [
              115.9590566484808,
              -31.913280551203574
            ],
            [
              115.95898225849491,
              -31.91332729120786
            ],
            [
              115.95894926850218,
              -31.913361291209824
            ],
            [
              115.95867828855629,
              -31.91356629122557
            ],
            [
              115.95861160856994,
              -31.91362125122946
            ],
            [
              115.95834726862407,
              -31.913839291244926
            ],
            [
              115.95830726863187,
              -31.91386728124724
            ],
            [
              115.95822524864917,
              -31.913941281252058
            ],
            [
              115.95817126865943,
              -31.91397529125517
            ],
            [
              115.9580832686785,
              -31.91406129126037
            ],
            [
              115.95803625868773,
              -31.914095291263095
            ],
            [
              115.95800278869393,
              -31.914114071265022
            ],
            [
              115.95799526869531,
              -31.91411829126545
            ],
            [
              115.9579082487137,
              -31.914197301270573
            ],
            [
              115.95784024872682,
              -31.914243311274497
            ],
            [
              115.95781323873281,
              -31.914271301276102
            ],
            [
              115.95777925873983,
              -31.914300311278094
            ],
            [
              115.95757025878255,
              -31.91447131129031
            ],
            [
              115.95752923879051,
              -31.914499301292675
            ],
            [
              115.95748225880021,
              -31.914539311295425
            ],
            [
              115.95745524880617,
              -31.914567301297023
            ],
            [
              115.95741425881376,
              -31.914590301299377
            ],
            [
              115.95734727882761,
              -31.914647301303294
            ],
            [
              115.95730625883564,
              -31.914676311305673
            ],
            [
              115.95727227884262,
              -31.914704301307673
            ],
            [
              115.95724474884868,
              -31.914732621309298
            ],
            [
              115.95715028886771,
              -31.9148063113148
            ],
            [
              115.95712426887357,
              -31.914835311316352
            ],
            [
              115.95706925888446,
              -31.914875311319552
            ],
            [
              115.95684627893,
              -31.91505731133257
            ],
            [
              115.9568062789378,
              -31.915085301334898
            ],
            [
              115.95660329897879,
              -31.91524531134672
            ],
            [
              115.9565152989982,
              -31.91533631135195
            ],
            [
              115.95644729901431,
              -31.91542130135605
            ],
            [
              115.95626527905317,
              -31.915592311366787
            ],
            [
              115.9562242890612,
              -31.915621321369155
            ],
            [
              115.95619030906863,
              -31.915655331371166
            ],
            [
              115.95615628907693,
              -31.915701321373238
            ],
            [
              115.95611529908582,
              -31.915741331375667
            ],
            [
              115.95596630912205,
              -31.91594032138472
            ],
            [
              115.95573627916947,
              -31.91613433139818
            ],
            [
              115.9556962791773,
              -31.916162321400495
            ],
            [
              115.95566229918471,
              -31.916196321402502
            ],
            [
              115.95555961920579,
              -31.916281611408518
            ],
            [
              115.95529028926612,
              -31.916572321424553
            ],
            [
              115.95524228927599,
              -31.916612331427373
            ],
            [
              115.95500529933263,
              -31.916915321441703
            ],
            [
              115.95497131934006,
              -31.91694933144371
            ],
            [
              115.95491031935649,
              -31.917052321447514
            ],
            [
              115.95487630936478,
              -31.917097331449582
            ],
            [
              115.95485527937122,
              -31.917143321450933
            ],
            [
              115.9548223193785,
              -31.917177341452888
            ],
            [
              115.95479428938593,
              -31.917223351454638
            ],
            [
              115.95476026939383,
              -31.917263351456672
            ],
            [
              115.9547403093992,
              -31.91729735145791
            ],
            [
              115.95461784942786,
              -31.917445571465283
            ],
            [
              115.95458364943485,
              -31.917473561467286
            ],
            [
              115.95442129947354,
              -31.917679341477093
            ],
            [
              115.9544013294794,
              -31.91771933147837
            ],
            [
              115.9543673094877,
              -31.917765341480436
            ],
            [
              115.95434734949438,
              -31.917816351481758
            ],
            [
              115.95431931950104,
              -31.91785135148345
            ],
            [
              115.95430631950543,
              -31.917885331484317
            ],
            [
              115.95421068952679,
              -31.91798764149
            ],
            [
              115.95417031953521,
              -31.918022351492382
            ],
            [
              115.95401482956582,
              -31.918134601501393
            ],
            [
              115.95397434957421,
              -31.91816935150377
            ],
            [
              115.95380433961827,
              -31.918432341514247
            ],
            [
              115.95371633964207,
              -31.91858134151973
            ],
            [
              115.95368234964995,
              -31.91862134152177
            ],
            [
              115.95365533965682,
              -31.918661331523428
            ],
            [
              115.95356032967807,
              -31.918763341529086
            ],
            [
              115.95340432971494,
              -31.9189573515385
            ],
            [
              115.95329632973812,
              -31.919060361544876
            ],
            [
              115.95324931974741,
              -31.919094361547604
            ],
            [
              115.95322989975158,
              -31.919113331548747
            ],
            [
              115.95320832975625,
              -31.919134361550036
            ],
            [
              115.95317434976411,
              -31.91917436155207
            ],
            [
              115.95310032977933,
              -31.919236351556396
            ],
            [
              115.95303232979464,
              -31.919310351560455
            ],
            [
              115.9530053198015,
              -31.91935037156211
            ],
            [
              115.95293734982069,
              -31.91947635156639
            ],
            [
              115.95292336982568,
              -31.91951637156734
            ],
            [
              115.95291577982974,
              -31.919555631567935
            ],
            [
              115.95290238983426,
              -31.919590371568802
            ],
            [
              115.95287537984068,
              -31.919624351570448
            ],
            [
              115.95286066984535,
              -31.919658581571404
            ],
            [
              115.9527593798715,
              -31.919813371577657
            ],
            [
              115.95273236987744,
              -31.919841361579255
            ],
            [
              115.95257636991603,
              -31.920058361588758
            ],
            [
              115.9525623899207,
              -31.92009336158969
            ],
            [
              115.95253537992711,
              -31.920127371591313
            ],
            [
              115.95244036995656,
              -31.92033836159745
            ],
            [
              115.95228334999788,
              -31.920589371607175
            ],
            [
              115.95217538002152,
              -31.920698351613588
            ],
            [
              115.95213435002947,
              -31.92072638161596
            ],
            [
              115.95210136003683,
              -31.92076138161792
            ],
            [
              115.9520263900522,
              -31.9208233716223
            ],
            [
              115.95198540006152,
              -31.920869381624758
            ],
            [
              115.95195240006834,
              -31.920897371626687
            ],
            [
              115.9519253900744,
              -31.920926381628302
            ],
            [
              115.95181640010061,
              -31.921068371634906
            ],
            [
              115.95178242011241,
              -31.92116037163717
            ],
            [
              115.95173439012528,
              -31.921240381640168
            ],
            [
              115.95170040013355,
              -31.92128537164222
            ],
            [
              115.95168040013985,
              -31.92133138164353
            ],
            [
              115.95159167016152,
              -31.921450561648918
            ],
            [
              115.95155787016843,
              -31.921478641650886
            ],
            [
              115.95152440017628,
              -31.921519381652917
            ],
            [
              115.95148341018434,
              -31.921548371655284
            ],
            [
              115.95140939019957,
              -31.921610381659626
            ],
            [
              115.95138242020641,
              -31.921650381661266
            ],
            [
              115.95132139021986,
              -31.921713371664897
            ],
            [
              115.95130040022588,
              -31.921753371666213
            ],
            [
              115.95124642023835,
              -31.921816381669462
            ],
            [
              115.95123240024292,
              -31.92185038167039
            ],
            [
              115.95121240024832,
              -31.921884391671625
            ],
            [
              115.951124400269,
              -31.92199237167693
            ],
            [
              115.95109042027605,
              -31.92202138167892
            ],
            [
              115.95106341028203,
              -31.92204937168052
            ],
            [
              115.95098942029733,
              -31.922112381684865
            ],
            [
              115.95096245030372,
              -31.92214638168649
            ],
            [
              115.95092843031077,
              -31.922175371688486
            ],
            [
              115.95090043031782,
              -31.922215371690204
            ],
            [
              115.95084645033026,
              -31.922278381693438
            ],
            [
              115.95081243033766,
              -31.92231238169545
            ],
            [
              115.9507854203441,
              -31.922346391697083
            ],
            [
              115.95069742036094,
              -31.92240340170216
            ],
            [
              115.95056942038343,
              -31.92245940170943
            ],
            [
              115.95041444041158,
              -31.922539401718275
            ],
            [
              115.95030643042993,
              -31.922578401724376
            ],
            [
              115.94998344048109,
              -31.922645401742383
            ],
            [
              115.94992942048921,
              -31.922651401745362
            ],
            [
              115.94988245049677,
              -31.922662401747996
            ],
            [
              115.94958643054106,
              -31.92268940176434
            ],
            [
              115.94953241054877,
              -31.922689401767308
            ],
            [
              115.94946540055868,
              -31.92269439177101
            ],
            [
              115.94932444057793,
              -31.922682401778673
            ],
            [
              115.9489884506253,
              -31.922674391797067
            ],
            [
              115.94870646066323,
              -31.922644401812388
            ],
            [
              115.94841745070178,
              -31.922608401828093
            ],
            [
              115.94830346071632,
              -31.922585391834225
            ],
            [
              115.94804248074865,
              -31.922520421848247
            ],
            [
              115.94799547075492,
              -31.9225144218508
            ],
            [
              115.94795448075996,
              -31.922503421853
            ],
            [
              115.94788747076899,
              -31.92249642185665
            ],
            [
              115.94773344078833,
              -31.92246142186495
            ],
            [
              115.94760645080207,
              -31.922403421871646
            ],
            [
              115.9475654308062,
              -31.922380411873792
            ],
            [
              115.94749845081357,
              -31.922351421877348
            ],
            [
              115.94732446083145,
              -31.922259421886476
            ],
            [
              115.94727744083683,
              -31.922241421888963
            ],
            [
              115.94721744084276,
              -31.922206421892113
            ],
            [
              115.94717743084625,
              -31.922177411894165
            ],
            [
              115.94682247088126,
              -31.92196941191272
            ],
            [
              115.94678944088385,
              -31.92194142191441
            ],
            [
              115.94673546088892,
              -31.921906421917218
            ],
            [
              115.94669545089161,
              -31.921866421919226
            ],
            [
              115.94665545089552,
              -31.92184241192132
            ],
            [
              115.94652865090586,
              -31.921739641927815
            ],
            [
              115.94646846091177,
              -31.921704421930965
            ],
            [
              115.94622143093135,
              -31.92149642194359
            ],
            [
              115.9461814609349,
              -31.921467421945653
            ],
            [
              115.9461074709407,
              -31.92140442194943
            ],
            [
              115.94607448094366,
              -31.92138141195114
            ],
            [
              115.94601064095008,
              -31.92134569195448
            ],
            [
              115.94594045095712,
              -31.921306411958156
            ],
            [
              115.94590045096065,
              -31.921277421960223
            ],
            [
              115.94564546098657,
              -31.92113841197359
            ],
            [
              115.9455584809946,
              -31.921080411978114
            ],
            [
              115.94525045102725,
              -31.920930421994335
            ],
            [
              115.94521746103024,
              -31.92090742199605
            ],
            [
              115.94512347103964,
              -31.92085442200096
            ],
            [
              115.94498247105538,
              -31.920796422008436
            ],
            [
              115.94482943107202,
              -31.920727422016526
            ],
            [
              115.94480245107371,
              -31.92069841201788
            ],
            [
              115.94476248107812,
              -31.920681422020003
            ],
            [
              115.94465448108825,
              -31.920611422025615
            ],
            [
              115.94462145109078,
              -31.920582412027294
            ],
            [
              115.94458845109376,
              -31.920559422029005
            ],
            [
              115.94446746110663,
              -31.920501422035386
            ],
            [
              115.94414647113676,
              -31.92029342205206
            ],
            [
              115.94405245114719,
              -31.920253432057052
            ],
            [
              115.94377746117894,
              -31.92015443207169
            ],
            [
              115.94371048118714,
              -31.920136432075296
            ],
            [
              115.94366347119255,
              -31.92011943207778
            ],
            [
              115.94361646119756,
              -31.920096442080272
            ],
            [
              115.94357047120278,
              -31.92007844208272
            ],
            [
              115.943482471211,
              -31.920021442087297
            ],
            [
              115.94343662121585,
              -31.919998612089707
            ],
            [
              115.9431414512504,
              -31.919898432105448
            ],
            [
              115.94308045125827,
              -31.919887442108745
            ],
            [
              115.94272443130077,
              -31.91977744212779
            ],
            [
              115.94262446131277,
              -31.919747432133146
            ],
            [
              115.94257146131855,
              -31.919723442135947
            ],
            [
              115.94249744132829,
              -31.91971243213996
            ],
            [
              115.94245744133309,
              -31.9197004421421
            ],
            [
              115.94234246134857,
              -31.91968844214836
            ],
            [
              115.94228943135614,
              -31.919688442151266
            ],
            [
              115.94216646137274,
              -31.91967543215795
            ],
            [
              115.94213890137665,
              -31.91967543215946
            ],
            [
              115.94207346138599,
              -31.91967543216305
            ],
            [
              115.94196647140036,
              -31.919663442168876
            ],
            [
              115.94190647140883,
              -31.91966243217216
            ],
            [
              115.94185245141617,
              -31.919657432175104
            ],
            [
              115.94173846143235,
              -31.91965643218134
            ],
            [
              115.94140149148377,
              -31.919700442200032
            ],
            [
              115.94133451149415,
              -31.91971143220376
            ],
            [
              115.94117249152067,
              -31.91975646221284
            ],
            [
              115.94104448154279,
              -31.919807452220095
            ],
            [
              115.94071347160538,
              -31.920011452239162
            ],
            [
              115.94068649161142,
              -31.92004045224076
            ],
            [
              115.94053148164343,
              -31.920171452249853
            ],
            [
              115.94036949167423,
              -31.920273442259184
            ],
            [
              115.94030149168908,
              -31.92034145226322
            ],
            [
              115.94012571172232,
              -31.92044958227335
            ],
            [
              115.94006552173563,
              -31.92051245227693
            ],
            [
              115.9400305217445,
              -31.92056345227908
            ],
            [
              115.93999055175318,
              -31.920603452281444
            ],
            [
              115.93994251176564,
              -31.92067745228441
            ],
            [
              115.93988853177811,
              -31.92074046228765
            ],
            [
              115.93984053179575,
              -31.920883442290915
            ],
            [
              115.93979151182432,
              -31.921169452294883
            ],
            [
              115.93970271185731,
              -31.92143859230093
            ],
            [
              115.9396815018633,
              -31.92147848230228
            ],
            [
              115.93959255189331,
              -31.92170747230817
            ],
            [
              115.93951754191389,
              -31.921838472312867
            ],
            [
              115.93949754192022,
              -31.921884482314166
            ],
            [
              115.93946356192845,
              -31.92192947231623
            ],
            [
              115.93943556193592,
              -31.92197546231797
            ],
            [
              115.93931957197184,
              -31.922232462325475
            ],
            [
              115.93930555197686,
              -31.922272482326424
            ],
            [
              115.93929858198135,
              -31.92231847232701
            ],
            [
              115.9392715719925,
              -31.922415472328915
            ],
            [
              115.93924354200773,
              -31.92256447233113
            ],
            [
              115.939222552022,
              -31.92271346233293
            ],
            [
              115.93922153202561,
              -31.922759472333194
            ],
            [
              115.93920054203937,
              -31.922902482334983
            ],
            [
              115.9392005420424,
              -31.92294248233515
            ],
            [
              115.93918660204824,
              -31.92299348233614
            ],
            [
              115.93917258205288,
              -31.92302846233707
            ],
            [
              115.93915860205917,
              -31.92308546233809
            ],
            [
              115.93909758207911,
              -31.923234482342103
            ],
            [
              115.93909060208316,
              -31.923274482342663
            ],
            [
              115.93907659208817,
              -31.92331447234361
            ],
            [
              115.93906958209216,
              -31.92335447234417
            ],
            [
              115.93905560209673,
              -31.923388472345092
            ],
            [
              115.93903560210215,
              -31.923422482346332
            ],
            [
              115.93891858214391,
              -31.923754482354216
            ],
            [
              115.93891157214838,
              -31.9238004723548
            ],
            [
              115.93887058216632,
              -31.923960482357767
            ],
            [
              115.9388565721713,
              -31.924000472358706
            ],
            [
              115.93884956217532,
              -31.924040472359277
            ],
            [
              115.93880156219427,
              -31.924200492362615
            ],
            [
              115.93878057220071,
              -31.924246482363966
            ],
            [
              115.93876659220655,
              -31.92429749236498
            ],
            [
              115.93873758222179,
              -31.924444492367208
            ],
            [
              115.9387177222321,
              -31.924543602368736
            ],
            [
              115.93872458223548,
              -31.924601482368622
            ],
            [
              115.9386815822636,
              -31.924892492372265
            ],
            [
              115.93860559229518,
              -31.925167492377653
            ],
            [
              115.93859862229964,
              -31.925213502378238
            ],
            [
              115.93857862230635,
              -31.925264482379557
            ],
            [
              115.9385575923172,
              -31.92536849238118
            ],
            [
              115.93854361232258,
              -31.925413482382144
            ],
            [
              115.9385016023454,
              -31.92563648238543
            ],
            [
              115.93846061236205,
              -31.92577949238832
            ],
            [
              115.93840561237812,
              -31.92588849239182
            ],
            [
              115.93837863238883,
              -31.925979492393694
            ],
            [
              115.93837163239286,
              -31.926019492394268
            ],
            [
              115.93837064239692,
              -31.92607149239455
            ],
            [
              115.93836363240221,
              -31.926128492395186
            ],
            [
              115.93836363240698,
              -31.92619148239546
            ],
            [
              115.93836761242504,
              -31.926438492396336
            ],
            [
              115.93834662244612,
              -31.92667851239856
            ],
            [
              115.93834560244927,
              -31.92671851239879
            ],
            [
              115.93828268248598,
              -31.92708551240386
            ],
            [
              115.93825362251124,
              -31.927365512406702
            ],
            [
              115.93820212253566,
              -31.92759140241053
            ],
            [
              115.93819865253727,
              -31.927606512410787
            ],
            [
              115.93813664255904,
              -31.92777751241494
            ],
            [
              115.93812963256349,
              -31.92782352241553
            ],
            [
              115.93806065259194,
              -31.928069512420407
            ],
            [
              115.93799765261947,
              -31.928315502424955
            ],
            [
              115.93797765262532,
              -31.928355502426232
            ],
            [
              115.93787464265769,
              -31.92858951243292
            ],
            [
              115.93782066267187,
              -31.92867551243625
            ],
            [
              115.9377936526796,
              -31.92872650243797
            ],
            [
              115.93761666272124,
              -31.92894352244864
            ],
            [
              115.93756264273544,
              -31.929029532452
            ],
            [
              115.93751566274646,
              -31.929086532454818
            ],
            [
              115.93748066275538,
              -31.92913853245697
            ],
            [
              115.93732568279161,
              -31.929325532466304
            ],
            [
              115.93726469280507,
              -31.929388522469928
            ],
            [
              115.9371556728275,
              -31.92947952247632
            ],
            [
              115.93707471284289,
              -31.92953053248099
            ],
            [
              115.93660160292812,
              -31.92976467250799
            ],
            [
              115.93647169295167,
              -31.92983154251541
            ],
            [
              115.93625868299016,
              -31.929938552527588
            ],
            [
              115.93621167299901,
              -31.92996654253028
            ],
            [
              115.93595471304465,
              -31.930085552544913
            ],
            [
              115.9357126730869,
              -31.93018754255865
            ],
            [
              115.93556467311143,
              -31.930232552566963
            ],
            [
              115.9355096631214,
              -31.930260542570107
            ],
            [
              115.93537567314436,
              -31.930311542577687
            ],
            [
              115.93524766316521,
              -31.93034555258488
            ],
            [
              115.93492468321685,
              -31.930418572602914
            ],
            [
              115.93476269324155,
              -31.9304395626119
            ],
            [
              115.93459468326637,
              -31.930450572621176
            ],
            [
              115.93452767327722,
              -31.930467572624934
            ],
            [
              115.934372693301,
              -31.93048957263354
            ],
            [
              115.93421767332569,
              -31.930523572642198
            ],
            [
              115.93416369333379,
              -31.93052857264518
            ],
            [
              115.93384066338369,
              -31.93057857266314
            ],
            [
              115.93380066339023,
              -31.930589562665382
            ],
            [
              115.93375368339731,
              -31.930594562667977
            ],
            [
              115.93370565340543,
              -31.93061156267069
            ],
            [
              115.9336046934216,
              -31.93063457267635
            ],
            [
              115.93356469342856,
              -31.930651562678616
            ],
            [
              115.93346369344513,
              -31.930679582684284
            ],
            [
              115.93334966346215,
              -31.93068959269059
            ],
            [
              115.93325469347744,
              -31.930712592695897
            ],
            [
              115.93320067348553,
              -31.930717582698893
            ],
            [
              115.93314767349402,
              -31.930729592701848
            ],
            [
              115.9330526635083,
              -31.9307395827071
            ],
            [
              115.93299266351815,
              -31.930756582710476
            ],
            [
              115.93281771354783,
              -31.93081857272035
            ],
            [
              115.93256871358156,
              -31.930794582733927
            ],
            [
              115.93246771359424,
              -31.930771582739357
            ],
            [
              115.93221367362386,
              -31.930683582752916
            ],
            [
              115.93187068366964,
              -31.93064158277156
            ],
            [
              115.93183068367406,
              -31.930624582773692
            ],
            [
              115.9317836736812,
              -31.930629582776294
            ],
            [
              115.93163570370533,
              -31.93066959278459
            ],
            [
              115.93158171371385,
              -31.930680602787607
            ],
            [
              115.9315337237206,
              -31.930679602790242
            ],
            [
              115.93149371372725,
              -31.930691612792486
            ],
            [
              115.93143973373532,
              -31.930696602795475
            ],
            [
              115.93137972374389,
              -31.93069660279877
            ],
            [
              115.93131271375385,
              -31.93070160280246
            ],
            [
              115.93126570376057,
              -31.930701602805044
            ],
            [
              115.93121171376863,
              -31.930706592808033
            ],
            [
              115.93115769377634,
              -31.930706592811003
            ],
            [
              115.93111072378352,
              -31.93071261281361
            ],
            [
              115.93105670379114,
              -31.930711612816566
            ],
            [
              115.93092271381194,
              -31.93073360282403
            ],
            [
              115.93086872382092,
              -31.93075060282706
            ],
            [
              115.93047073388234,
              -31.930811602849186
            ],
            [
              115.93039769389316,
              -31.930816592853215
            ],
            [
              115.93027571391228,
              -31.930839612860026
            ],
            [
              115.93014172393265,
              -31.930855592867434
            ],
            [
              115.93009474394066,
              -31.930872592870106
            ],
            [
              115.93004072394834,
              -31.930872592873076
            ],
            [
              115.92974471399263,
              -31.930899622889438
            ],
            [
              115.92969072400037,
              -31.930899622892415
            ],
            [
              115.92958370401638,
              -31.93090961289833
            ],
            [
              115.92944869403604,
              -31.930914632905765
            ],
            [
              115.92917972407608,
              -31.93093662292064
            ],
            [
              115.92907270409128,
              -31.930935622926505
            ],
            [
              115.92902471409859,
              -31.93094162292917
            ],
            [
              115.9288776841195,
              -31.930940622937232
            ],
            [
              115.92880271413058,
              -31.93094561294138
            ],
            [
              115.92873570413973,
              -31.93093962294504
            ],
            [
              115.92868274414764,
              -31.930944612947957
            ],
            [
              115.92851371417176,
              -31.930944612957244
            ],
            [
              115.92846673417887,
              -31.930949632959837
            ],
            [
              115.9284197241851,
              -31.930943612962402
            ],
            [
              115.92837271419181,
              -31.930943612964978
            ],
            [
              115.92831270420074,
              -31.93094863296829
            ],
            [
              115.92801672424332,
              -31.930952642984565
            ],
            [
              115.92796274425142,
              -31.930957642987554
            ],
            [
              115.92790273425999,
              -31.930957642990847
            ],
            [
              115.92784871426814,
              -31.930963632993848
            ],
            [
              115.92768771429107,
              -31.930962633002686
            ],
            [
              115.92762672429929,
              -31.930956643006
            ],
            [
              115.92757971430639,
              -31.93096163300861
            ],
            [
              115.9272837343485,
              -31.93095964302485
            ],
            [
              115.92717671436466,
              -31.930971643030787
            ],
            [
              115.9271227343723,
              -31.93097064303375
            ],
            [
              115.92706170438149,
              -31.930976643037123
            ],
            [
              115.92686069441001,
              -31.930974643048152
            ],
            [
              115.92681368441627,
              -31.930968653050712
            ],
            [
              115.92675970442444,
              -31.930974643053702
            ],
            [
              115.92659173444882,
              -31.930979633062954
            ],
            [
              115.92647073446773,
              -31.9310016530697
            ],
            [
              115.92642970447443,
              -31.931012663072007
            ],
            [
              115.92638273448286,
              -31.93103565307468
            ],
            [
              115.92633571449085,
              -31.93105265307734
            ],
            [
              115.92619369451755,
              -31.931137663085522
            ],
            [
              115.92615270452468,
              -31.931154663087828
            ],
            [
              115.92609872453323,
              -31.93116565309086
            ],
            [
              115.92595170455544,
              -31.931181653099003
            ],
            [
              115.92590472456214,
              -31.931181653101586
            ],
            [
              115.92585771456842,
              -31.93117566310414
            ],
            [
              115.92581672457295,
              -31.931158663106316
            ],
            [
              115.92572971458357,
              -31.931134663110992
            ],
            [
              115.92563572459395,
              -31.931094653115974
            ],
            [
              115.92554272460322,
              -31.931041663120855
            ],
            [
              115.92540172462071,
              -31.93100666312844
            ],
            [
              115.92534770462845,
              -31.931006663131416
            ],
            [
              115.92524674464194,
              -31.930994663136904
            ],
            [
              115.9251385146573,
              -31.930993643142845
            ],
            [
              115.92508570466448,
              -31.93098866314572
            ],
            [
              115.92474968471313,
              -31.930997673164217
            ],
            [
              115.92463471473037,
              -31.931008683170578
            ],
            [
              115.92456072474094,
              -31.931008683174632
            ],
            [
              115.9243867247665,
              -31.931018673184248
            ],
            [
              115.92433270477417,
              -31.931017673187217
            ],
            [
              115.92421769479141,
              -31.931028683193578
            ],
            [
              115.9241707247981,
              -31.93102868319616
            ],
            [
              115.92412469480513,
              -31.931034673198727
            ],
            [
              115.92404370481661,
              -31.931033673203164
            ],
            [
              115.92398271482578,
              -31.931039673206545
            ],
            [
              115.92392971483328,
              -31.931038673209443
            ],
            [
              115.9236597548756,
              -31.931088673224505
            ],
            [
              115.92360573488375,
              -31.931094693227497
            ],
            [
              115.9235657348903,
              -31.931105693229732
            ],
            [
              115.92349875490072,
              -31.931116703233467
            ],
            [
              115.92323573494292,
              -31.93117869324819
            ],
            [
              115.92306075496738,
              -31.931171703257768
            ],
            [
              115.92294676498275,
              -31.931159693263986
            ],
            [
              115.92289274499046,
              -31.93115969326695
            ],
            [
              115.92284573499671,
              -31.9311537032695
            ],
            [
              115.92254373504143,
              -31.931174703286196
            ],
            [
              115.92249573504817,
              -31.931173703288824
            ],
            [
              115.92235477507089,
              -31.931207703296714
            ],
            [
              115.92230075507905,
              -31.931213703299715
            ],
            [
              115.92225374508523,
              -31.93120668330226
            ],
            [
              115.92204572511704,
              -31.931234713313817
            ],
            [
              115.92198473512572,
              -31.931234713317178
            ],
            [
              115.92193772513201,
              -31.93122872331973
            ],
            [
              115.92183672514636,
              -31.931227723325268
            ],
            [
              115.92177676515402,
              -31.93121571332852
            ],
            [
              115.9217027751641,
              -31.931209723332554
            ],
            [
              115.9216227651738,
              -31.931186703336852
            ],
            [
              115.9215217351873,
              -31.931174723342345
            ],
            [
              115.92146775519494,
              -31.931173723345314
            ],
            [
              115.92140073520407,
              -31.93116771334896
            ],
            [
              115.92109775524678,
              -31.93116071336558
            ],
            [
              115.9210307752559,
              -31.931154723369232
            ],
            [
              115.92083575528363,
              -31.93115372337994
            ],
            [
              115.92053375532788,
              -31.93116872339661
            ],
            [
              115.92048677533461,
              -31.931168723399185
            ],
            [
              115.92044575534128,
              -31.931179733401486
            ],
            [
              115.920398775348,
              -31.93117973340407
            ],
            [
              115.9202917553641,
              -31.931190743409992
            ],
            [
              115.92016375538451,
              -31.931218733417168
            ],
            [
              115.92010973539257,
              -31.93122372342014
            ],
            [
              115.91997475541396,
              -31.931251733427686
            ],
            [
              115.91992073542295,
              -31.93126873343073
            ],
            [
              115.91979272544206,
              -31.931279723437815
            ],
            [
              115.91973976544955,
              -31.93127872344072
            ],
            [
              115.9196927554558,
              -31.93127273344328
            ],
            [
              115.91957774547224,
              -31.931272733449596
            ],
            [
              115.91930972550733,
              -31.931230753464146
            ],
            [
              115.91926274551405,
              -31.93123075346673
            ],
            [
              115.91916171552754,
              -31.931218753472226
            ],
            [
              115.91910773553515,
              -31.93121775347518
            ],
            [
              115.91877879557768,
              -31.931158753493005
            ],
            [
              115.91873879558254,
              -31.93114774349515
            ],
            [
              115.91864476559506,
              -31.931135763500276
            ],
            [
              115.91859078560269,
              -31.93113476350323
            ],
            [
              115.91853775560983,
              -31.93112874350611
            ],
            [
              115.91849077561653,
              -31.931128743508708
            ],
            [
              115.91822177565612,
              -31.931144753523554
            ],
            [
              115.9181407756689,
              -31.93116075352809
            ],
            [
              115.91808679567706,
              -31.931166743531065
            ],
            [
              115.91803277568563,
              -31.931177753534097
            ],
            [
              115.91798576569268,
              -31.9311827535367
            ],
            [
              115.91792575570128,
              -31.93118275354
            ],
            [
              115.91787177570934,
              -31.931187743542978
            ],
            [
              115.9177907757209,
              -31.931187763547427
            ],
            [
              115.91767678573628,
              -31.931175773553647
            ],
            [
              115.91758280574795,
              -31.93115278355871
            ],
            [
              115.91753578575421,
              -31.931146763561266
            ],
            [
              115.91739478577473,
              -31.931151763569034
            ],
            [
              115.91730678578894,
              -31.931173773573974
            ],
            [
              115.91724678579789,
              -31.931178773577283
            ],
            [
              115.91715878581216,
              -31.931201763582227
            ],
            [
              115.91711176582011,
              -31.93121777358488
            ],
            [
              115.91705778582872,
              -31.931229773587912
            ],
            [
              115.91694379584574,
              -31.931239763594213
            ],
            [
              115.9167687758746,
              -31.93129077360407
            ],
            [
              115.91671479588312,
              -31.931301773607082
            ],
            [
              115.91666077589302,
              -31.931330763610177
            ],
            [
              115.91638578593707,
              -31.931393793625578
            ],
            [
              115.91605023599112,
              -31.931475473644376
            ],
            [
              115.91555278607107,
              -31.931593783672238
            ],
            [
              115.91540177609257,
              -31.93159278368054
            ],
            [
              115.91525278611633,
              -31.931625783688876
            ],
            [
              115.91521281612333,
              -31.931642803691147
            ],
            [
              115.91515182613331,
              -31.93165981369458
            ],
            [
              115.91503780615515,
              -31.931733803701167
            ],
            [
              115.91493582617268,
              -31.931772803706952
            ],
            [
              115.91485581618585,
              -31.931795803711452
            ],
            [
              115.91480179619394,
              -31.931800813714435
            ],
            [
              115.91474780620294,
              -31.9318177937175
            ],
            [
              115.91470079620966,
              -31.931817793720082
            ],
            [
              115.91461279622386,
              -31.93183981372501
            ],
            [
              115.91457253623089,
              -31.931856653727294
            ],
            [
              115.91448479624519,
              -31.931879813732223
            ],
            [
              115.91436382626802,
              -31.931953813739195
            ],
            [
              115.914336816274,
              -31.93198180374081
            ],
            [
              115.91420782629672,
              -31.932038803748164
            ],
            [
              115.91410781631312,
              -31.932066803753774
            ],
            [
              115.91405281632262,
              -31.932088823756892
            ],
            [
              115.91398579633349,
              -31.93210582376066
            ],
            [
              115.91385082635787,
              -31.93217383376838
            ],
            [
              115.91359481639951,
              -31.932240823782752
            ],
            [
              115.91354079640767,
              -31.932246833785747
            ],
            [
              115.91331883644403,
              -31.93230882379822
            ],
            [
              115.91290780651204,
              -31.932431833821365
            ],
            [
              115.91264475655507,
              -31.932504643836154
            ],
            [
              115.91260482656207,
              -31.932521833838425
            ],
            [
              115.91241582659246,
              -31.932566843849017
            ],
            [
              115.91230683661028,
              -31.93259685385514
            ],
            [
              115.91203180665578,
              -31.93267884387063
            ],
            [
              115.91176181670633,
              -31.93283785388618
            ],
            [
              115.91160581674242,
              -31.933020853895563
            ],
            [
              115.9115717967494,
              -31.933048843897563
            ],
            [
              115.91150481676246,
              -31.933094853901448
            ],
            [
              115.91121482681321,
              -31.933218843917935
            ],
            [
              115.9111738068199,
              -31.93322984392024
            ],
            [
              115.91108682683534,
              -31.933269843925196
            ],
            [
              115.91091782686463,
              -31.933337873934793
            ],
            [
              115.91081683688326,
              -31.933393873940595
            ],
            [
              115.91076284689271,
              -31.933416863943673
            ],
            [
              115.91071583690027,
              -31.9334278739463
            ],
            [
              115.91066783690886,
              -31.933450863949044
            ],
            [
              115.91048687693893,
              -31.933506863959238
            ],
            [
              115.91045285694553,
              -31.933529863961212
            ],
            [
              115.91040584695389,
              -31.933551863963896
            ],
            [
              115.91037186696049,
              -31.93357485396586
            ],
            [
              115.91032484696893,
              -31.933597863968554
            ],
            [
              115.91028385697692,
              -31.933625863970942
            ],
            [
              115.91023586698677,
              -31.933665853973753
            ],
            [
              115.9101488470048,
              -31.933739853978857
            ],
            [
              115.910120857011,
              -31.93376886398053
            ],
            [
              115.91008084701922,
              -31.933801863982872
            ],
            [
              115.91001985703267,
              -31.933864863986493
            ],
            [
              115.90998583703971,
              -31.9338938739885
            ],
            [
              115.90995886704613,
              -31.933927873990136
            ],
            [
              115.90993185705211,
              -31.933955863991752
            ],
            [
              115.90987783706542,
              -31.93402986399504
            ],
            [
              115.90985684707108,
              -31.934064863996362
            ],
            [
              115.90975585709363,
              -31.93417288400239
            ],
            [
              115.90968084710913,
              -31.93423587400679
            ],
            [
              115.9096468671169,
              -31.934274874008835
            ],
            [
              115.90957886713186,
              -31.934343884012875
            ],
            [
              115.90950484714628,
              -31.934394884017184
            ],
            [
              115.90947085715369,
              -31.934428894019195
            ],
            [
              115.90939683716903,
              -31.934491884023547
            ],
            [
              115.90919382720921,
              -31.934639884035366
            ],
            [
              115.90903884723815,
              -31.934729884044298
            ],
            [
              115.90901084724435,
              -31.93475887404596
            ],
            [
              115.90890981726437,
              -31.934832874051846
            ],
            [
              115.90885572727636,
              -31.93488965405507
            ],
            [
              115.90881469728737,
              -31.934957604057626
            ],
            [
              115.90875381730169,
              -31.9350318740613
            ],
            [
              115.90861084734024,
              -31.93527189407022
            ],
            [
              115.90858383734711,
              -31.935311894071884
            ],
            [
              115.90856981735169,
              -31.935345894072807
            ],
            [
              115.90834487741324,
              -31.935734894086895
            ],
            [
              115.90832486741951,
              -31.9357799040882
            ],
            [
              115.90818886745532,
              -31.93599689409664
            ],
            [
              115.9081678874618,
              -31.936042904098002
            ],
            [
              115.90808586749083,
              -31.936271894103523
            ],
            [
              115.90807889749487,
              -31.93631189410409
            ],
            [
              115.90805089750573,
              -31.936402894106028
            ],
            [
              115.90793267755593,
              -31.936843634114467
            ],
            [
              115.9077968575926,
              -31.937071914122953
            ],
            [
              115.90778287759807,
              -31.937117924123925
            ],
            [
              115.9077558676058,
              -31.93716892412564
            ],
            [
              115.90770768762346,
              -31.937311634128925
            ],
            [
              115.90763187765248,
              -31.937551914134165
            ],
            [
              115.90762487765741,
              -31.937603914134776
            ],
            [
              115.90756289768613,
              -31.93786691413934
            ],
            [
              115.90748664771434,
              -31.938095624144555
            ],
            [
              115.90747262772322,
              -31.93818661414572
            ],
            [
              115.90747686774995,
              -31.938547914147083
            ],
            [
              115.90748288775347,
              -31.938605914147015
            ],
            [
              115.90747587775832,
              -31.93865691414763
            ],
            [
              115.90747492776714,
              -31.93877191414818
            ],
            [
              115.90746792777121,
              -31.938811924148734
            ],
            [
              115.90748091777365,
              -31.938868944148286
            ],
            [
              115.90750588778181,
              -31.939023934147595
            ],
            [
              115.90751288778513,
              -31.939080934147466
            ],
            [
              115.90753891778706,
              -31.93915593414636
            ],
            [
              115.907544897791,
              -31.9392189441463
            ],
            [
              115.90757789779408,
              -31.93932193414495
            ],
            [
              115.90758490779746,
              -31.939379934144817
            ],
            [
              115.90761789779926,
              -31.939465944143382
            ],
            [
              115.90764454779946,
              -31.939519104142153
            ],
            [
              115.9076565878002,
              -31.93955165414163
            ],
            [
              115.90771688779988,
              -31.939660934138796
            ],
            [
              115.90774291779833,
              -31.939689934137505
            ],
            [
              115.90778988779769,
              -31.939769934135278
            ],
            [
              115.90784292779534,
              -31.939838934132663
            ],
            [
              115.90786292779595,
              -31.93988494413176
            ],
            [
              115.90788989779522,
              -31.939925944130465
            ],
            [
              115.90791402779378,
              -31.939952804129252
            ],
            [
              115.90796293779431,
              -31.940051944127006
            ],
            [
              115.90804790779912,
              -31.940275944123318
            ],
            [
              115.90810791779796,
              -31.94037393412045
            ],
            [
              115.90816791779461,
              -31.940442944117464
            ],
            [
              115.90818792779433,
              -31.940476944116504
            ],
            [
              115.90820091779548,
              -31.940516944115974
            ],
            [
              115.90822792779431,
              -31.94055194411463
            ],
            [
              115.90824091779547,
              -31.940591944114104
            ],
            [
              115.90826690779478,
              -31.940631944112855
            ],
            [
              115.90828690779585,
              -31.940683944111978
            ],
            [
              115.9083199077994,
              -31.940792944110655
            ],
            [
              115.90832588780154,
              -31.94083294411049
            ],
            [
              115.9083519178048,
              -31.94092494410948
            ],
            [
              115.90839892780458,
              -31.941010934107272
            ],
            [
              115.90854591779448,
              -31.94115493409982
            ],
            [
              115.90859890778957,
              -31.941189934097057
            ],
            [
              115.90871892777984,
              -31.941287934090894
            ],
            [
              115.90875290777672,
              -31.94131094408912
            ],
            [
              115.90877892777566,
              -31.941345944087843
            ],
            [
              115.90885992776848,
              -31.941403944083643
            ],
            [
              115.90888773776629,
              -31.941427564082222
            ],
            [
              115.90895989775987,
              -31.941478944078476
            ],
            [
              115.90899289775729,
              -31.941506934076784
            ],
            [
              115.90907388774964,
              -31.94155893407257
            ],
            [
              115.90910691774756,
              -31.941593944070902
            ],
            [
              115.90913994774503,
              -31.941622924069215
            ],
            [
              115.90923995773902,
              -31.94173193406419
            ],
            [
              115.90927394773635,
              -31.941760934062447
            ],
            [
              115.90930693773339,
              -31.941783934060744
            ],
            [
              115.90939391772791,
              -31.94187593405637
            ],
            [
              115.9094409277243,
              -31.941916934053967
            ],
            [
              115.90949392772106,
              -31.941973934051298
            ],
            [
              115.90954093771695,
              -31.94200893404886
            ],
            [
              115.90974792770051,
              -31.94218194403826
            ],
            [
              115.90982793769173,
              -31.942216944034012
            ],
            [
              115.90995594767563,
              -31.942245934027095
            ],
            [
              115.9100029576702,
              -31.94226293402458
            ],
            [
              115.91004993766443,
              -31.942274944022046
            ],
            [
              115.9100612076631,
              -31.942278934021456
            ],
            [
              115.91029791763565,
              -31.942362914008804
            ],
            [
              115.9103849276267,
              -31.942408924004223
            ],
            [
              115.91062593760022,
              -31.94251392399143
            ],
            [
              115.91073894759015,
              -31.942593923985577
            ],
            [
              115.91077292758793,
              -31.942628923983857
            ],
            [
              115.91081292758442,
              -31.94265791398179
            ],
            [
              115.91085292758127,
              -31.942691913979736
            ],
            [
              115.91087994757962,
              -31.94272092397838
            ],
            [
              115.91096294757324,
              -31.942793923974143
            ],
            [
              115.91099294757178,
              -31.942830923972647
            ],
            [
              115.91101995757094,
              -31.942870923971356
            ],
            [
              115.91112693756217,
              -31.94295692396584
            ],
            [
              115.91133392754439,
              -31.943112913955154
            ],
            [
              115.91151390753227,
              -31.943291923946042
            ],
            [
              115.91158793752643,
              -31.943354913942258
            ],
            [
              115.91161391752492,
              -31.94338392394095
            ],
            [
              115.91165392752444,
              -31.943452913939062
            ],
            [
              115.91169392752089,
              -31.943481923936986
            ],
            [
              115.91172093751969,
              -31.94351692393566
            ],
            [
              115.91179393751496,
              -31.94359192393197
            ],
            [
              115.91188095750817,
              -31.943666923927513
            ],
            [
              115.91191391750603,
              -31.943700923925867
            ],
            [
              115.9119479375029,
              -31.943723913924085
            ],
            [
              115.91198793749984,
              -31.943758923922054
            ],
            [
              115.91208093749398,
              -31.943856913917372
            ],
            [
              115.91212794749028,
              -31.943896913914966
            ],
            [
              115.91229493747991,
              -31.94407491390657
            ],
            [
              115.91245593746264,
              -31.944150913898046
            ],
            [
              115.91249594745953,
              -31.944184923896
            ],
            [
              115.91252893745663,
              -31.944208913894286
            ],
            [
              115.91255594745486,
              -31.944236923892923
            ],
            [
              115.91257594745467,
              -31.944271923891986
            ],
            [
              115.91260894745261,
              -31.944306923890323
            ],
            [
              115.91264194745136,
              -31.94435291388871
            ],
            [
              115.9126759574491,
              -31.94438692388701
            ],
            [
              115.91286294743499,
              -31.944553923877447
            ],
            [
              115.91295595742874,
              -31.944646923872757
            ],
            [
              115.91299595742561,
              -31.944680923870703
            ],
            [
              115.91303595742338,
              -31.94472691386871
            ],
            [
              115.91316294741355,
              -31.944836913862204
            ],
            [
              115.91319593741143,
              -31.944870913860544
            ],
            [
              115.91328295740509,
              -31.944951913856126
            ],
            [
              115.91331595740341,
              -31.944991923854477
            ],
            [
              115.91335595740034,
              -31.945026913852434
            ],
            [
              115.91339595739814,
              -31.945072923850447
            ],
            [
              115.91352294738823,
              -31.945181923843943
            ],
            [
              115.9135569273851,
              -31.945204913842176
            ],
            [
              115.91372997737263,
              -31.945366923833387
            ],
            [
              115.91377099736899,
              -31.94539591383125
            ],
            [
              115.91381100736584,
              -31.945429913829198
            ],
            [
              115.91387096735991,
              -31.945464913826054
            ],
            [
              115.91390396735738,
              -31.945493923824376
            ],
            [
              115.91405098734343,
              -31.945586923816705
            ],
            [
              115.91408496734067,
              -31.945614913814957
            ],
            [
              115.91417797733611,
              -31.94572991381036
            ],
            [
              115.91421096733403,
              -31.945764913808706
            ],
            [
              115.91427097733197,
              -31.945850913805778
            ],
            [
              115.91429794733031,
              -31.945879923804423
            ],
            [
              115.91441098732157,
              -31.94597792379864
            ],
            [
              115.91444496731974,
              -31.946017913796947
            ],
            [
              115.91476397730592,
              -31.946437923781268
            ],
            [
              115.91481099730277,
              -31.94648491377889
            ],
            [
              115.91484398730238,
              -31.94654191377733
            ],
            [
              115.91494396729807,
              -31.946673923772416
            ],
            [
              115.91498396729546,
              -31.94671492377041
            ],
            [
              115.91503696729347,
              -31.94678892376782
            ],
            [
              115.91505696729374,
              -31.946829923766902
            ],
            [
              115.91508397729197,
              -31.94685791376554
            ],
            [
              115.9151499672913,
              -31.946973923762428
            ],
            [
              115.91516299729248,
              -31.94701392376188
            ],
            [
              115.91526895729257,
              -31.947214923756942
            ],
            [
              115.91528297729312,
              -31.947248923756327
            ],
            [
              115.9153159672919,
              -31.947294913754725
            ],
            [
              115.91534896729412,
              -31.94738691375331
            ],
            [
              115.91538798729981,
              -31.94753591375181
            ],
            [
              115.91539396730201,
              -31.947575913751677
            ],
            [
              115.91541397730307,
              -31.947627913750807
            ],
            [
              115.91542700730513,
              -31.947679923750314
            ],
            [
              115.91546696730637,
              -31.947771923748526
            ],
            [
              115.91553898731257,
              -31.947989923745535
            ],
            [
              115.91556595731176,
              -31.94802992374423
            ],
            [
              115.91559198731362,
              -31.948103923743123
            ],
            [
              115.91560497731788,
              -31.948184913742768
            ],
            [
              115.91560380732534,
              -31.94828124374326
            ],
            [
              115.91560296733073,
              -31.94835091374361
            ],
            [
              115.91558997733947,
              -31.948441913744738
            ],
            [
              115.9155759573441,
              -31.94847692374566
            ],
            [
              115.91556894734816,
              -31.94851691374621
            ],
            [
              115.91550697736864,
              -31.948670913750313
            ],
            [
              115.91547897737915,
              -31.948756913752213
            ],
            [
              115.91545897738503,
              -31.948796913753494
            ],
            [
              115.91544495739005,
              -31.948836913754455
            ],
            [
              115.91531596742664,
              -31.949076913762603
            ],
            [
              115.91517296746255,
              -31.949281913771372
            ],
            [
              115.91515299746806,
              -31.94931691377263
            ],
            [
              115.91512500747417,
              -31.949344923774287
            ],
            [
              115.91507798748647,
              -31.949418923777188
            ],
            [
              115.91482701754003,
              -31.949652943792035
            ],
            [
              115.91480000754648,
              -31.949686933793657
            ],
            [
              115.9147659875539,
              -31.949720933795675
            ],
            [
              115.91474598755978,
              -31.949760933796963
            ],
            [
              115.91471798756635,
              -31.949794933798646
            ],
            [
              115.91451599760859,
              -31.949971943810528
            ],
            [
              115.91442799762547,
              -31.950028943815628
            ],
            [
              115.9143939776329,
              -31.95006294381765
            ],
            [
              115.91431900764829,
              -31.950124933822043
            ],
            [
              115.91427900765622,
              -31.950153943824365
            ],
            [
              115.91408299769579,
              -31.950306943835823
            ],
            [
              115.91403500770393,
              -31.95032394383854
            ],
            [
              115.91394802771936,
              -31.950363933843487
            ],
            [
              115.9138730177335,
              -31.9504089338478
            ],
            [
              115.91351984779487,
              -31.95055369386787
            ],
            [
              115.91325900784132,
              -31.950674943882746
            ],
            [
              115.91321199784933,
              -31.950691943885403
            ],
            [
              115.91317900785579,
              -31.95071493388733
            ],
            [
              115.9130439878793,
              -31.950770933894994
            ],
            [
              115.91300299788601,
              -31.950781943897297
            ],
            [
              115.91284802791328,
              -31.950849933906127
            ],
            [
              115.91257204795951,
              -31.950939933921685
            ],
            [
              115.91251802796768,
              -31.950945933924686
            ],
            [
              115.9124300279824,
              -31.95097393392965
            ],
            [
              115.91234902799735,
              -31.9510189539343
            ],
            [
              115.91229504800681,
              -31.951041963937364
            ],
            [
              115.91199903805634,
              -31.951137963954068
            ],
            [
              115.91195205806345,
              -31.95114295395668
            ],
            [
              115.91189803807117,
              -31.951142953959646
            ],
            [
              115.91179003808742,
              -31.951153963965638
            ],
            [
              115.91158227812082,
              -31.951203043977284
            ],
            [
              115.91149803813435,
              -31.951222943981996
            ],
            [
              115.91139302815132,
              -31.951248963987883
            ],
            [
              115.91134600815924,
              -31.951264963990536
            ],
            [
              115.91128501816887,
              -31.951276953993947
            ],
            [
              115.9112310381778,
              -31.951292953996987
            ],
            [
              115.91117701818642,
              -31.951304964000006
            ],
            [
              115.91109003820141,
              -31.951338964004943
            ],
            [
              115.91101506821335,
              -31.951354964009127
            ],
            [
              115.91096104822235,
              -31.951371944012177
            ],
            [
              115.91090804823074,
              -31.95138295401514
            ],
            [
              115.91086103823791,
              -31.951388954017748
            ],
            [
              115.91082004824462,
              -31.95139995402005
            ],
            [
              115.91070601826083,
              -31.951398954026324
            ],
            [
              115.91063203827095,
              -31.951392964030358
            ],
            [
              115.91046402829487,
              -31.95139196403959
            ],
            [
              115.91040303830314,
              -31.951385954042927
            ],
            [
              115.91002003836033,
              -31.95141895406414
            ],
            [
              115.90997904836703,
              -31.951429964066428
            ],
            [
              115.90993904837487,
              -31.95145797406876
            ],
            [
              115.90989203838332,
              -31.95148096407145
            ],
            [
              115.90986502838929,
              -31.951508974073043
            ],
            [
              115.90978402840261,
              -31.951531974077607
            ],
            [
              115.90973603840939,
              -31.95153097408025
            ],
            [
              115.90968303841743,
              -31.951536964083193
            ],
            [
              115.90957502843277,
              -31.95153596408912
            ],
            [
              115.90952805843774,
              -31.95151297409161
            ],
            [
              115.90948805844255,
              -31.951500964093754
            ],
            [
              115.9094410384488,
              -31.95149497409631
            ],
            [
              115.90940103845371,
              -31.951483984098466
            ],
            [
              115.90929303846903,
              -31.951482964104397
            ],
            [
              115.90924601847621,
              -31.951488974107004
            ],
            [
              115.9091860184847,
              -31.951487984110308
            ],
            [
              115.9091390384918,
              -31.951492974112917
            ],
            [
              115.90908501850043,
              -31.95150498411595
            ],
            [
              115.90864103856711,
              -31.95154797414054
            ],
            [
              115.90859303857397,
              -31.951547974143182
            ],
            [
              115.90853302858338,
              -31.95155898414653
            ],
            [
              115.90842502859965,
              -31.951569974152527
            ],
            [
              115.90837801860629,
              -31.951568974155105
            ],
            [
              115.90827103862239,
              -31.951579984161032
            ],
            [
              115.90817003863685,
              -31.951579984166592
            ],
            [
              115.90795906866884,
              -31.95160497417829
            ],
            [
              115.90765801871278,
              -31.951616994194918
            ],
            [
              115.90761800871931,
              -31.951627984197156
            ],
            [
              115.90750405873644,
              -31.95163899420348
            ],
            [
              115.9074560287433,
              -31.95163899420612
            ],
            [
              115.90707904880176,
              -31.95169999422713
            ],
            [
              115.90702605880928,
              -31.951698994230032
            ],
            [
              115.90697907881679,
              -31.951709994232665
            ],
            [
              115.90669006885803,
              -31.951709004248563
            ],
            [
              115.90652808887981,
              -31.951690994257397
            ],
            [
              115.9064740688879,
              -31.951695994260383
            ],
            [
              115.90632006890984,
              -31.951694994268852
            ],
            [
              115.90626604891798,
              -31.951700984271852
            ],
            [
              115.90621907892462,
              -31.95169999427443
            ],
            [
              115.90615804893379,
              -31.951706004277813
            ],
            [
              115.90611107894043,
              -31.95170498428039
            ],
            [
              115.90600408895655,
              -31.951715994286324
            ],
            [
              115.90596306896326,
              -31.951727004288628
            ],
            [
              115.9058892989744,
              -31.95173536429272
            ],
            [
              115.90568007900794,
              -31.951782994304445
            ],
            [
              115.9055730690245,
              -31.95180000431041
            ],
            [
              115.90529208906935,
              -31.951862174326138
            ],
            [
              115.90500709911292,
              -31.951900014341977
            ],
            [
              115.90496007912049,
              -31.951911024344625
            ],
            [
              115.90482506914142,
              -31.951933014352147
            ],
            [
              115.90477108915042,
              -31.951950014355194
            ],
            [
              115.90442907919822,
              -31.95193601437394
            ],
            [
              115.9043340692118,
              -31.95193601437917
            ],
            [
              115.90403206925562,
              -31.951945004395824
            ],
            [
              115.9037630692983,
              -31.952001004410867
            ],
            [
              115.90342605934673,
              -31.952005014429425
            ],
            [
              115.90328505936816,
              -31.952022024437273
            ],
            [
              115.90317705938527,
              -31.9520440144433
            ],
            [
              115.90291509942556,
              -31.95208203445788
            ],
            [
              115.90280008944283,
              -31.952093024464258
            ],
            [
              115.90274007945142,
              -31.95209302446756
            ],
            [
              115.90269306945767,
              -31.95208702447013
            ],
            [
              115.90262604946764,
              -31.95209202447384
            ],
            [
              115.90257805947404,
              -31.952086024476458
            ],
            [
              115.90248505948723,
              -31.952085034481566
            ],
            [
              115.90213508953413,
              -31.95204403450064
            ],
            [
              115.90208106954178,
              -31.952043034503596
            ],
            [
              115.90202807954844,
              -31.952031024506468
            ],
            [
              115.90192006956296,
              -31.952019024512353
            ],
            [
              115.90187305956876,
              -31.952007034514903
            ],
            [
              115.90157109960789,
              -31.951954034531283
            ],
            [
              115.90147005962143,
              -31.951942024536777
            ],
            [
              115.901370049634,
              -31.951919034542176
            ],
            [
              115.90104709967648,
              -31.951871024559743
            ],
            [
              115.90067804972298,
              -31.951789044579684
            ],
            [
              115.90051707974197,
              -31.95173604458831
            ],
            [
              115.90045006975065,
              -31.951724044591938
            ],
            [
              115.90035607976144,
              -31.951689054596958
            ],
            [
              115.90030308976814,
              -31.951678044599827
            ],
            [
              115.90005404979753,
              -31.951596054613177
            ],
            [
              115.90000107980418,
              -31.951584054616028
            ],
            [
              115.89962505984693,
              -31.951439044636096
            ],
            [
              115.89947106986327,
              -31.951364044644233
            ],
            [
              115.89923005988753,
              -31.951230054656897
            ],
            [
              115.89893608991515,
              -31.95104005467224
            ],
            [
              115.89888907992007,
              -31.951016064674736
            ],
            [
              115.89877508993065,
              -31.95094106468068
            ],
            [
              115.89864806994356,
              -31.950872064687353
            ],
            [
              115.89860104994767,
              -31.950837074689787
            ],
            [
              115.89853407995417,
              -31.95079706469329
            ],
            [
              115.8984880899581,
              -31.950762054695677
            ],
            [
              115.89838007996914,
              -31.950704064701355
            ],
            [
              115.8982870799772,
              -31.95063507470618
            ],
            [
              115.89825305997987,
              -31.950606064707923
            ],
            [
              115.89806709999206,
              -31.95041607471731
            ],
            [
              115.89803307999472,
              -31.950387064719067
            ],
            [
              115.89797978999789,
              -31.950328604721733
            ],
            [
              115.8978800700031,
              -31.950209074726697
            ],
            [
              115.89780605000882,
              -31.950145064730496
            ],
            [
              115.89765910002193,
              -31.950041074738113
            ],
            [
              115.89741907004397,
              -31.94987907475061
            ],
            [
              115.8973790700471,
              -31.949845064752658
            ],
            [
              115.89735206004877,
              -31.949816064754028
            ],
            [
              115.89731804005189,
              -31.949793064755795
            ],
            [
              115.89713207006406,
              -31.94960307476519
            ],
            [
              115.8969990700661,
              -31.94937907477153
            ],
            [
              115.89694607006533,
              -31.94926907477395
            ],
            [
              115.89690008006194,
              -31.949137074775905
            ],
            [
              115.89690008005846,
              -31.9490910647757
            ],
            [
              115.89686106005577,
              -31.94898206477737
            ],
            [
              115.89683405005576,
              -31.948931074778628
            ],
            [
              115.89680106005397,
              -31.948845074780067
            ],
            [
              115.89677507005456,
              -31.94880407478131
            ],
            [
              115.89674806005321,
              -31.948735064782493
            ],
            [
              115.89672207005432,
              -31.948701064783766
            ],
            [
              115.8966760800509,
              -31.948569064785723
            ],
            [
              115.89666309004883,
              -31.948517064786213
            ],
            [
              115.89666309004535,
              -31.948471074786
            ],
            [
              115.89667006004132,
              -31.948431054785445
            ],
            [
              115.89668407003582,
              -31.948385064784475
            ],
            [
              115.89669105003144,
              -31.94834007478389
            ],
            [
              115.89671105002556,
              -31.94830006478261
            ],
            [
              115.89675302000698,
              -31.948134064779563
            ],
            [
              115.89676704000237,
              -31.948100074778655
            ],
            [
              115.89682306997751,
              -31.947877074774574
            ],
            [
              115.89691204994573,
              -31.94762506476857
            ],
            [
              115.89693204993985,
              -31.94758507476728
            ],
            [
              115.89694602993399,
              -31.94753406476628
            ],
            [
              115.89705604990012,
              -31.947294064759163
            ],
            [
              115.89708305988836,
              -31.94719006475723
            ],
            [
              115.89710403988195,
              -31.94714506475587
            ],
            [
              115.8971110498779,
              -31.9471050747553
            ],
            [
              115.89719302984842,
              -31.946870064749753
            ],
            [
              115.89719401984526,
              -31.946830064749516
            ],
            [
              115.8972080298394,
              -31.946779064748533
            ],
            [
              115.89720802983638,
              -31.94673906474835
            ],
            [
              115.89722102983148,
              -31.946699074747468
            ],
            [
              115.89722901982638,
              -31.946647064746795
            ],
            [
              115.89727701980917,
              -31.946510074743546
            ],
            [
              115.89730402980146,
              -31.946459074741824
            ],
            [
              115.89740702976464,
              -31.946167044734864
            ],
            [
              115.8974960197398,
              -31.94600704472925
            ],
            [
              115.89752999973146,
              -31.945961054727192
            ],
            [
              115.89757101972,
              -31.945887054724604
            ],
            [
              115.89777399967156,
              -31.945630044712296
            ],
            [
              115.89779501966598,
              -31.945596044710985
            ],
            [
              115.89782199965956,
              -31.945562044709355
            ],
            [
              115.89799054962167,
              -31.945379594699258
            ],
            [
              115.89803267961041,
              -31.94531057469665
            ],
            [
              115.89813501957903,
              -31.945089054690037
            ],
            [
              115.89814895957396,
              -31.94504805468909
            ],
            [
              115.8981689695685,
              -31.94501405468782
            ],
            [
              115.89822396955203,
              -31.944900054684304
            ],
            [
              115.89825097954166,
              -31.944814054682425
            ],
            [
              115.89827897953506,
              -31.944780044680744
            ],
            [
              115.89829295952961,
              -31.94473405467976
            ],
            [
              115.89831295952415,
              -31.94470005467852
            ],
            [
              115.89839496949384,
              -31.944454034672916
            ],
            [
              115.89844997947647,
              -31.944328034669326
            ],
            [
              115.89853899944556,
              -31.944088034663363
            ],
            [
              115.89854699944009,
              -31.944031034662693
            ],
            [
              115.89856798943013,
              -31.943939034661106
            ],
            [
              115.89858097942489,
              -31.943894024660196
            ],
            [
              115.8986309793952,
              -31.943596024656138
            ],
            [
              115.89863097939214,
              -31.943556034655956
            ],
            [
              115.89864495938363,
              -31.943470024654797
            ],
            [
              115.8986449593806,
              -31.94343002465462
            ],
            [
              115.89865995936978,
              -31.94331503465329
            ],
            [
              115.89866098936317,
              -31.943230024652852
            ],
            [
              115.89862794935961,
              -31.943120024654196
            ],
            [
              115.8986149593554,
              -31.94304002465456
            ],
            [
              115.89860192935465,
              -31.943006024655112
            ],
            [
              115.89857593934535,
              -31.942834034655796
            ],
            [
              115.89856294934454,
              -31.942799034656346
            ],
            [
              115.898556929342,
              -31.942754034656478
            ],
            [
              115.89856392933791,
              -31.942713024655916
            ],
            [
              115.89857692933349,
              -31.942679034655058
            ],
            [
              115.89858495932849,
              -31.942628034654376
            ],
            [
              115.89860491932215,
              -31.94258202465308
            ],
            [
              115.89863294930512,
              -31.942410034650774
            ],
            [
              115.89860696930664,
              -31.94238102465207
            ],
            [
              115.89847895931923,
              -31.942306024658798
            ],
            [
              115.89837193933276,
              -31.94228302466459
            ],
            [
              115.89825791934805,
              -31.942270024670798
            ],
            [
              115.89816396936241,
              -31.94228202467603
            ],
            [
              115.89812994936894,
              -31.94230402467799
            ],
            [
              115.89812293937295,
              -31.942344024678565
            ],
            [
              115.89812293937598,
              -31.942384034678724
            ],
            [
              115.89811494938014,
              -31.942424034679345
            ],
            [
              115.89811494938324,
              -31.942465034679522
            ],
            [
              115.89814093938516,
              -31.942539034678433
            ],
            [
              115.89814793938717,
              -31.94257902467822
            ],
            [
              115.89813392939222,
              -31.942619024679168
            ],
            [
              115.89811391939763,
              -31.94265302468041
            ],
            [
              115.89807293940478,
              -31.942670024682755
            ],
            [
              115.8980189494134,
              -31.942682034685774
            ],
            [
              115.89793791942748,
              -31.942715044690388
            ],
            [
              115.89790492943392,
              -31.94273803469229
            ],
            [
              115.8978639394406,
              -31.942749024694606
            ],
            [
              115.89780991944832,
              -31.942749024697584
            ],
            [
              115.89776293945458,
              -31.94274303470013
            ],
            [
              115.89758160947643,
              -31.94268958470988
            ],
            [
              115.89745498949058,
              -31.942638024716622
            ],
            [
              115.89742195949312,
              -31.94260903471831
            ],
            [
              115.89739494949174,
              -31.94254002471949
            ],
            [
              115.89738191948975,
              -31.942489024719983
            ],
            [
              115.89737592948585,
              -31.94242603472004
            ],
            [
              115.89736296948375,
              -31.942374024720525
            ],
            [
              115.89734993947826,
              -31.942277034720817
            ],
            [
              115.89732395947632,
              -31.942202034721916
            ],
            [
              115.8972909594771,
              -31.942150034723504
            ],
            [
              115.89728394947458,
              -31.942104024723676
            ],
            [
              115.89727095947295,
              -31.942058034724194
            ],
            [
              115.89729194946739,
              -31.942024024722876
            ],
            [
              115.89732592945998,
              -31.941990024720866
            ],
            [
              115.89737293945242,
              -31.941979034718226
            ],
            [
              115.89744593944549,
              -31.942025024714415
            ],
            [
              115.89746593944528,
              -31.94206002471347
            ],
            [
              115.89749294944664,
              -31.942129034712288
            ],
            [
              115.89749896944882,
              -31.94216903471214
            ],
            [
              115.89751893944853,
              -31.942203034711174
            ],
            [
              115.8975789394448,
              -31.942267024708162
            ],
            [
              115.89761193944184,
              -31.942290034706435
            ],
            [
              115.8976929294329,
              -31.94232502470214
            ],
            [
              115.89775293942563,
              -31.942342024698913
            ],
            [
              115.89779994941938,
              -31.942348034696348
            ],
            [
              115.8978409394127,
              -31.94233702469405
            ],
            [
              115.8978879494034,
              -31.94230302469131
            ],
            [
              115.89791495939654,
              -31.942263024689648
            ],
            [
              115.89792893939187,
              -31.942228024688728
            ],
            [
              115.89792893938885,
              -31.942188034688538
            ],
            [
              115.89792295938668,
              -31.9421480346887
            ],
            [
              115.89790992938596,
              -31.942114034689265
            ],
            [
              115.89781560938805,
              -31.941963644693796
            ],
            [
              115.89771096938652,
              -31.941746024698592
            ],
            [
              115.89770493938343,
              -31.941694024698684
            ],
            [
              115.89771895937363,
              -31.94159103469747
            ],
            [
              115.89773194936922,
              -31.941557034696604
            ],
            [
              115.89775293936363,
              -31.941523024695286
            ],
            [
              115.89780093934725,
              -31.94139702469209
            ],
            [
              115.89777392934853,
              -31.94136302469343
            ],
            [
              115.89772694935517,
              -31.94136202469601
            ],
            [
              115.89767953936236,
              -31.941367574698653
            ],
            [
              115.89757295937149,
              -31.941287024704167
            ],
            [
              115.897539959374,
              -31.941258034705843
            ],
            [
              115.89764796934995,
              -31.9411440346994
            ],
            [
              115.89766194934535,
              -31.941110034698475
            ],
            [
              115.89767595933688,
              -31.941024024697327
            ],
            [
              115.89767595933385,
              -31.94098403469715
            ],
            [
              115.89766296933303,
              -31.940949034697706
            ],
            [
              115.89762992933554,
              -31.940920024699402
            ],
            [
              115.89754893934455,
              -31.94088603470371
            ],
            [
              115.89750192935081,
              -31.940880024706267
            ],
            [
              115.89740793936241,
              -31.940856034711324
            ],
            [
              115.89734793937052,
              -31.94085003471461
            ],
            [
              115.89730091937724,
              -31.940850034717204
            ],
            [
              115.89724693938531,
              -31.94085503472019
            ],
            [
              115.89719995939204,
              -31.940855034722773
            ],
            [
              115.89688492943172,
              -31.94078502473981
            ],
            [
              115.8967979194406,
              -31.940738034744395
            ],
            [
              115.89671691944694,
              -31.94066903474855
            ],
            [
              115.89664395945385,
              -31.940623024752366
            ],
            [
              115.8966039594582,
              -31.940605024754486
            ],
            [
              115.89650992946946,
              -31.94057603475953
            ],
            [
              115.89645594947625,
              -31.940564024762452
            ],
            [
              115.89640893948251,
              -31.94055803476502
            ],
            [
              115.89636892948647,
              -31.94053503476711
            ],
            [
              115.89635593948576,
              -31.94050103476768
            ],
            [
              115.89635593948266,
              -31.940460034767487
            ],
            [
              115.89639593947571,
              -31.94044403476522
            ],
            [
              115.89647094946156,
              -31.9403980247609
            ],
            [
              115.89649094945608,
              -31.940364024759624
            ],
            [
              115.89650492945155,
              -31.940330034758716
            ],
            [
              115.89648492945174,
              -31.940295034759664
            ],
            [
              115.89645791945348,
              -31.940267024761024
            ],
            [
              115.89641791945698,
              -31.940238034763105
            ],
            [
              115.89616993948401,
              -31.940127034776253
            ],
            [
              115.89591592951278,
              -31.940028024789815
            ],
            [
              115.89588194951588,
              -31.94000503479158
            ],
            [
              115.89580894952155,
              -31.939942034795322
            ],
            [
              115.89579095952276,
              -31.93992403479623
            ],
            [
              115.89574893952526,
              -31.93987802479834
            ],
            [
              115.89569590952807,
              -31.939815034800986
            ],
            [
              115.89566188952945,
              -31.939769024802658
            ],
            [
              115.89562889953243,
              -31.93974603480435
            ],
            [
              115.8956018895341,
              -31.93971702480573
            ],
            [
              115.89550190954444,
              -31.939665034811004
            ],
            [
              115.89525388957189,
              -31.9395600348242
            ],
            [
              115.89520691957688,
              -31.939537034826678
            ],
            [
              115.89517388957597,
              -31.93946303482817
            ],
            [
              115.89516088957473,
              -31.9394220448287
            ],
            [
              115.89512690957746,
              -31.93939403483045
            ],
            [
              115.8950399295855,
              -31.93933603483498
            ],
            [
              115.89501390958698,
              -31.939307024836282
            ],
            [
              115.8949049195968,
              -31.93923104484194
            ],
            [
              115.89473989961165,
              -31.93911603485052
            ],
            [
              115.89463893961955,
              -31.939030024855704
            ],
            [
              115.89459893962353,
              -31.9390070248578
            ]
          ]
        ]
      }
    },
    {
      "id": "1",
      "type": "Feature",
      "properties": {
        "SA3_CODE21": "50603",
        "SA3_NAME21": "Canning",
        "AREASQKM21": 68.1883
      },
      "geometry": {
        "type": "Polygon",
        "coordinates": [
          [
            [
              115.88649471047879,
              -32.06684961586836
            ],
            [
              115.88604371053219,
              -32.06670059589253
            ],
            [
              115.88557772059035,
              -32.0665856059177
            ],
            [
              115.88531470062443,
              -32.066537615931985
            ],
            [
              115.88504770065978,
              -32.0664986159465
            ],
            [
              115.88485071068638,
              -32.06647659595727
            ],
            [
              115.88482669070207,
              -32.06663760595929
            ],
            [
              115.88447370074994,
              -32.06660060597857
            ],
            [
              115.8839877008186,
              -32.06658660600527
            ],
            [
              115.88374169085436,
              -32.066592616018866
            ],
            [
              115.88349572089088,
              -32.06660859603248
            ],
            [
              115.88325070092789,
              -32.066632606046085
            ],
            [
              115.88300772096534,
              -32.06666661605962
            ],
            [
              115.88167671117547,
              -32.06691860613405
            ],
            [
              115.88147972120642,
              -32.06695360614507
            ],
            [
              115.8811357012602,
              -32.06701160616427
            ],
            [
              115.8807897213135,
              -32.06705960618356
            ],
            [
              115.88041771136972,
              -32.06709660620422
            ],
            [
              115.88024770139592,
              -32.06712060621368
            ],
            [
              115.88003370142756,
              -32.06713260622553
            ],
            [
              115.87980371146195,
              -32.06715060623827
            ],
            [
              115.8795897114925,
              -32.06714861625006
            ],
            [
              115.87933472152855,
              -32.067141606264094
            ],
            [
              115.87907572156405,
              -32.06711960627827
            ],
            [
              115.87896972157878,
              -32.06711360628406
            ],
            [
              115.87886270159379,
              -32.06710861628995
            ],
            [
              115.8785737016339,
              -32.06709061630579
            ],
            [
              115.87835572166428,
              -32.06707860631775
            ],
            [
              115.87824571167893,
              -32.06706360632375
            ],
            [
              115.87741172179228,
              -32.06698061636936
            ],
            [
              115.87597672198766,
              -32.06684160644783
            ],
            [
              115.87461615217262,
              -32.066705886522236
            ],
            [
              115.87348472232631,
              -32.066591616584105
            ],
            [
              115.87238673247461,
              -32.066469606644105
            ],
            [
              115.87176272255815,
              -32.066390616678156
            ],
            [
              115.87069287270228,
              -32.0662669567366
            ],
            [
              115.87075372268372,
              -32.06613764673267
            ],
            [
              115.87092571266054,
              -32.06615760672328
            ],
            [
              115.87093673265737,
              -32.06613660672258
            ],
            [
              115.87100571263605,
              -32.06598660671813
            ],
            [
              115.87111671260065,
              -32.065730606710865
            ],
            [
              115.87122373256713,
              -32.06549160670392
            ],
            [
              115.87130870253891,
              -32.065280616698296
            ],
            [
              115.87168169241505,
              -32.064355616673666
            ],
            [
              115.87189372233293,
              -32.06367560665897
            ],
            [
              115.87211969223982,
              -32.062877606643
            ],
            [
              115.8722556921772,
              -32.062310606633
            ],
            [
              115.87237070212392,
              -32.06182660662453
            ],
            [
              115.87258171200864,
              -32.06070861660797
            ],
            [
              115.87264872196684,
              -32.060285616602414
            ],
            [
              115.87269369192724,
              -32.05984960659801
            ],
            [
              115.8727127118939,
              -32.05944659659519
            ],
            [
              115.87273173185513,
              -32.05897260659204
            ],
            [
              115.87274271182419,
              -32.05858660658974
            ],
            [
              115.87274870177926,
              -32.05800661658685
            ],
            [
              115.8727467316741,
              -32.05661961658085
            ],
            [
              115.87274570167217,
              -32.05659260658078
            ],
            [
              115.87274673166863,
              -32.05654761658055
            ],
            [
              115.87274771164375,
              -32.056222606579055
            ],
            [
              115.87275472153884,
              -32.054855606572644
            ],
            [
              115.87275538147776,
              -32.05405327656907
            ],
            [
              115.87275673144923,
              -32.05368061656735
            ],
            [
              115.8727697213814,
              -32.05281261656281
            ],
            [
              115.87277972130616,
              -32.051841606557986
            ],
            [
              115.87278169127714,
              -32.051463606556204
            ],
            [
              115.8727916912178,
              -32.0507016165523
            ],
            [
              115.87279370110541,
              -32.04922660654569
            ],
            [
              115.87279772108741,
              -32.048997616544455
            ],
            [
              115.87283371104765,
              -32.048542606540465
            ],
            [
              115.87286970102305,
              -32.04828660653737
            ],
            [
              115.8729187109967,
              -32.04803259653354
            ],
            [
              115.87296573096916,
              -32.047758616529734
            ],
            [
              115.87302471093317,
              -32.04739660652489
            ],
            [
              115.87303070092982,
              -32.047363606524414
            ],
            [
              115.87305271091844,
              -32.04725559652272
            ],
            [
              115.87311370087473,
              -32.046795616517336
            ],
            [
              115.87314071085709,
              -32.04661461651504
            ],
            [
              115.87317772082126,
              -32.04621260651123
            ],
            [
              115.87318272080383,
              -32.04599260650999
            ],
            [
              115.8731947307387,
              -32.04515860650566
            ],
            [
              115.86867687137868,
              -32.04505585675432
            ],
            [
              115.86663801177868,
              -32.046471256873026
            ],
            [
              115.86600269190325,
              -32.04691160691001
            ],
            [
              115.86575376195212,
              -32.0470851269245
            ],
            [
              115.8649908421018,
              -32.047614736968924
            ],
            [
              115.86133756259895,
              -32.047263207168946
            ],
            [
              115.86134438251757,
              -32.04620650716391
            ],
            [
              115.86142403247341,
              -32.04577604715762
            ],
            [
              115.86147556246735,
              -32.045793377154844
            ],
            [
              115.8616366024456,
              -32.045811377146045
            ],
            [
              115.86183261241409,
              -32.04576638713504
            ],
            [
              115.86191959239856,
              -32.04572638713006
            ],
            [
              115.8620135723838,
              -32.04570938712479
            ],
            [
              115.86211457236851,
              -32.04569837711917
            ],
            [
              115.86225557235004,
              -32.0457213771115
            ],
            [
              115.86232959233988,
              -32.04572738710743
            ],
            [
              115.86241058232652,
              -32.04570437710287
            ],
            [
              115.86226958234019,
              -32.04561838711027
            ],
            [
              115.86195459237608,
              -32.04549637712712
            ],
            [
              115.86170657240244,
              -32.04537536714028
            ],
            [
              115.86144461242688,
              -32.045203357153966
            ],
            [
              115.8612495924426,
              -32.045042367164015
            ],
            [
              115.86104260245563,
              -32.04482336717447
            ],
            [
              115.86096259245099,
              -32.044611357177956
            ],
            [
              115.86091660243876,
              -32.0443643471794
            ],
            [
              115.86087758242262,
              -32.044078357180304
            ],
            [
              115.86090459240437,
              -32.04388933717798
            ],
            [
              115.86108757234892,
              -32.043505337166195
            ],
            [
              115.8611955723234,
              -32.04337331715964
            ],
            [
              115.86133759229354,
              -32.043248337151255
            ],
            [
              115.86148659225952,
              -32.043082337142295
            ],
            [
              115.86160160222693,
              -32.04287032713502
            ],
            [
              115.8616966121876,
              -32.04253230712828
            ],
            [
              115.86169858215938,
              -32.04216530712656
            ],
            [
              115.86159857215283,
              -32.04189030713087
            ],
            [
              115.8615794121526,
              -32.04185130713175
            ],
            [
              115.86148560215153,
              -32.0416602971361
            ],
            [
              115.86142559214316,
              -32.041437297138415
            ],
            [
              115.86141965212221,
              -32.041150577137486
            ],
            [
              115.8614075321017,
              -32.040858287136864
            ],
            [
              115.86142257207202,
              -32.04049627713444
            ],
            [
              115.86145658205369,
              -32.040319267131785
            ],
            [
              115.86138355204278,
              -32.04003826713458
            ],
            [
              115.86126353204037,
              -32.03978024714006
            ],
            [
              115.86109658204764,
              -32.039561247148306
            ],
            [
              115.8609695620545,
              -32.03941224715467
            ],
            [
              115.86080955205865,
              -32.03916523716241
            ],
            [
              115.86067556205779,
              -32.03890123716864
            ],
            [
              115.86056255205129,
              -32.03860322717355
            ],
            [
              115.8605225520378,
              -32.03835021717464
            ],
            [
              115.86054456201722,
              -32.038121227172425
            ],
            [
              115.86060555199587,
              -32.03795522716833
            ],
            [
              115.86074067196,
              -32.03773858715992
            ],
            [
              115.86103056189928,
              -32.037486217142806
            ],
            [
              115.86141454182865,
              -32.03728121712072
            ],
            [
              115.86175154177084,
              -32.03715655710157
            ],
            [
              115.86227677168522,
              -32.037020567072
            ],
            [
              115.863400541503,
              -32.03674223700876
            ],
            [
              115.86384452142683,
              -32.03657723698353
            ],
            [
              115.86395468140537,
              -32.036502996977134
            ],
            [
              115.86420952135578,
              -32.03633123696231
            ],
            [
              115.86465453126121,
              -32.03592621693598
            ],
            [
              115.86492448119765,
              -32.035599216919636
            ],
            [
              115.86509239116424,
              -32.03547627690983
            ],
            [
              115.86537650110769,
              -32.03526820689324
            ],
            [
              115.86559948106016,
              -32.035063196880046
            ],
            [
              115.86580151100853,
              -32.03476519686758
            ],
            [
              115.86593751097256,
              -32.03454818685912
            ],
            [
              115.86620647092226,
              -32.034394176843605
            ],
            [
              115.86640164088733,
              -32.03430256683244
            ],
            [
              115.86658447085117,
              -32.03417117682177
            ],
            [
              115.86671247081718,
              -32.0339651868138
            ],
            [
              115.86680832078086,
              -32.033668426807196
            ],
            [
              115.86684157076812,
              -32.0335635868049
            ],
            [
              115.86685544075135,
              -32.03336916680328
            ],
            [
              115.86684344073788,
              -32.03316916680307
            ],
            [
              115.86686355071312,
              -32.0328815668007
            ],
            [
              115.86693246069197,
              -32.03273315679623
            ],
            [
              115.86708061064897,
              -32.03244658678679
            ],
            [
              115.86712164063,
              -32.032274596783765
            ],
            [
              115.86725742060148,
              -32.03215514677577
            ],
            [
              115.86739886056897,
              -32.031994596767255
            ],
            [
              115.86760844052425,
              -32.03180114675484
            ],
            [
              115.86778981048259,
              -32.03159464674392
            ],
            [
              115.86812141041683,
              -32.03135512672458
            ],
            [
              115.86829639038568,
              -32.031275116714575
            ],
            [
              115.86861938033864,
              -32.03126512669672
            ],
            [
              115.8689213803006,
              -32.03133412668037
            ],
            [
              115.86927664026454,
              -32.03152958666163
            ],
            [
              115.8694714002411,
              -32.03158811665115
            ],
            [
              115.86964638021388,
              -32.031560126641374
            ],
            [
              115.8698553801796,
              -32.0315031066296
            ],
            [
              115.87005040014822,
              -32.03145809661864
            ],
            [
              115.87029239010967,
              -32.031407116605074
            ],
            [
              115.87055246007208,
              -32.03140280659072
            ],
            [
              115.87059538006588,
              -32.03140209658835
            ],
            [
              115.8709913700127,
              -32.03144910656671
            ],
            [
              115.87130738997402,
              -32.03153609654967
            ],
            [
              115.87158237993854,
              -32.031588076534746
            ],
            [
              115.87197938988477,
              -32.03162909651303
            ],
            [
              115.87227536984325,
              -32.03164108649675
            ],
            [
              115.87262353980218,
              -32.031756646478065
            ],
            [
              115.87285936977715,
              -32.03187208646558
            ],
            [
              115.87314139974984,
              -32.03204508645079
            ],
            [
              115.87320921974235,
              -32.03207431644718
            ],
            [
              115.87331539973061,
              -32.032120086441516
            ],
            [
              115.87359662969598,
              -32.032194586426364
            ],
            [
              115.87395337964931,
              -32.03225306640694
            ],
            [
              115.87428337960519,
              -32.03229507638893
            ],
            [
              115.87454540956679,
              -32.03228406637444
            ],
            [
              115.87479360952945,
              -32.032260646360655
            ],
            [
              115.87513736947993,
              -32.032257076341686
            ],
            [
              115.87548035942991,
              -32.032246046322726
            ],
            [
              115.87568135940157,
              -32.03225204631168
            ],
            [
              115.87581637938403,
              -32.03227605630434
            ],
            [
              115.87592196936971,
              -32.03228671629856
            ],
            [
              115.87604438935313,
              -32.03229905629187
            ],
            [
              115.87630036931522,
              -32.032283046277676
            ],
            [
              115.87646136928865,
              -32.0322370362686
            ],
            [
              115.87649337928299,
              -32.03222305626678
            ],
            [
              115.8767173792433,
              -32.032123046254
            ],
            [
              115.87698732919465,
              -32.03199202623854
            ],
            [
              115.87718935916185,
              -32.031941026227166
            ],
            [
              115.87740437912889,
              -32.03191303621521
            ],
            [
              115.87768035908499,
              -32.03185603619974
            ],
            [
              115.87790187904548,
              -32.03175357618707
            ],
            [
              115.87812437900322,
              -32.03161703617421
            ],
            [
              115.87819839898762,
              -32.03155146616984
            ],
            [
              115.87827336897183,
              -32.031485036165414
            ],
            [
              115.87836735894794,
              -32.03134800615964
            ],
            [
              115.87863132887314,
              -32.03086100614294
            ],
            [
              115.8788283588128,
              -32.03043798613021
            ],
            [
              115.87893635878294,
              -32.03024899612343
            ],
            [
              115.87899734876896,
              -32.03017998611977
            ],
            [
              115.87909129875081,
              -32.03011799611432
            ],
            [
              115.8792063087299,
              -32.03005999610772
            ],
            [
              115.87933332871575,
              -32.030112996100954
            ],
            [
              115.87950834868687,
              -32.03006299609108
            ],
            [
              115.87958233867322,
              -32.030022996086835
            ],
            [
              115.87970533864693,
              -32.02990899607956
            ],
            [
              115.87979979862864,
              -32.029846586074065
            ],
            [
              115.87989433861209,
              -32.0298069760687
            ],
            [
              115.8800152985931,
              -32.029784976061926
            ],
            [
              115.88016987857053,
              -32.029779616053375
            ],
            [
              115.88091772845685,
              -32.029693646011786
            ],
            [
              115.8810193084414,
              -32.02968196600614
            ],
            [
              115.88118833841115,
              -32.02960297599648
            ],
            [
              115.88126932839394,
              -32.029528975991695
            ],
            [
              115.88132433838172,
              -32.029471975988415
            ],
            [
              115.88138532836739,
              -32.02939795598471
            ],
            [
              115.88143379835432,
              -32.02931764598171
            ],
            [
              115.88209433818773,
              -32.028369925941135
            ],
            [
              115.88216934817218,
              -32.028306935936705
            ],
            [
              115.882209608163,
              -32.028261595934296
            ],
            [
              115.88227833814489,
              -32.02815294593002
            ],
            [
              115.88229931813885,
              -32.02811294592869
            ],
            [
              115.8823593281272,
              -32.028072935925216
            ],
            [
              115.88245433811062,
              -32.02803393591981
            ],
            [
              115.88254934809186,
              -32.02796594591428
            ],
            [
              115.88260435807744,
              -32.02787991591086
            ],
            [
              115.88265234806188,
              -32.027765925907715
            ],
            [
              115.88267932805236,
              -32.027690925905894
            ],
            [
              115.88268034804742,
              -32.02762791590556
            ],
            [
              115.88267432803919,
              -32.02750792590536
            ],
            [
              115.88268986803077,
              -32.02742665590416
            ],
            [
              115.88275633801528,
              -32.02734791590014
            ],
            [
              115.88285130799687,
              -32.02728492589463
            ],
            [
              115.88290532798786,
              -32.02726792589157
            ],
            [
              115.88300033797083,
              -32.02722291588614
            ],
            [
              115.88306676795743,
              -32.02717159588227
            ],
            [
              115.88317031793348,
              -32.02705189587602
            ],
            [
              115.88322532791173,
              -32.02686889587219
            ],
            [
              115.88327430789384,
              -32.026725905868865
            ],
            [
              115.8832672978909,
              -32.02667390586901
            ],
            [
              115.88310326788165,
              -32.02624289587615
            ],
            [
              115.88283630789844,
              -32.02595989588961
            ],
            [
              115.88212627797458,
              -32.02562290592725
            ],
            [
              115.88208626797814,
              -32.025593895929326
            ],
            [
              115.88206028797798,
              -32.02554290593052
            ],
            [
              115.88208725796802,
              -32.0254628959287
            ],
            [
              115.88216226795298,
              -32.0254058759243
            ],
            [
              115.88254927786807,
              -32.02501787590127
            ],
            [
              115.88264380784759,
              -32.02492663589567
            ],
            [
              115.88268556783727,
              -32.02486958589311
            ],
            [
              115.88279425781306,
              -32.02475586588662
            ],
            [
              115.88288828779747,
              -32.02472787588132
            ],
            [
              115.88294927778567,
              -32.02468785587778
            ],
            [
              115.88303727776791,
              -32.024619865872616
            ],
            [
              115.88326226771359,
              -32.024328865858955
            ],
            [
              115.88330259770255,
              -32.02425956585642
            ],
            [
              115.88336431768896,
              -32.02419686585274
            ],
            [
              115.88344531767567,
              -32.024174865848195
            ],
            [
              115.88353228766371,
              -32.02418086584343
            ],
            [
              115.88364627765128,
              -32.02423284583736
            ],
            [
              115.88372559764603,
              -32.02431363583336
            ],
            [
              115.88387356762934,
              -32.02437259582547
            ],
            [
              115.88400131761544,
              -32.024430855818686
            ],
            [
              115.88469182753462,
              -32.0246695957817
            ],
            [
              115.88491432750679,
              -32.02472283576967
            ],
            [
              115.8850753274873,
              -32.02476984576101
            ],
            [
              115.88524932746458,
              -32.02479883575156
            ],
            [
              115.88541733744233,
              -32.02482285574241
            ],
            [
              115.88553931742491,
              -32.02482384573569
            ],
            [
              115.88568038740397,
              -32.02481384572788
            ],
            [
              115.88640235727902,
              -32.02453082568686
            ],
            [
              115.8865853672468,
              -32.02445183567644
            ],
            [
              115.88673936722242,
              -32.02442101566781
            ],
            [
              115.88678035721591,
              -32.02441283566552
            ],
            [
              115.88692934719339,
              -32.02439683565724
            ],
            [
              115.8869693471881,
              -32.024402825655066
            ],
            [
              115.88807438701551,
              -32.024214815593375
            ],
            [
              115.88838543696279,
              -32.02410778557577
            ],
            [
              115.88877540690274,
              -32.024052785554055
            ],
            [
              115.88889140688008,
              -32.02397279554732
            ],
            [
              115.88904043685136,
              -32.023875795538665
            ],
            [
              115.88910043684025,
              -32.02384279553523
            ],
            [
              115.88917540682557,
              -32.023790795530864
            ],
            [
              115.88927644680858,
              -32.023757785525156
            ],
            [
              115.8894184267861,
              -32.02372979551722
            ],
            [
              115.889566576761,
              -32.023678605508834
            ],
            [
              115.88970140673784,
              -32.02362778550119
            ],
            [
              115.89069537656115,
              -32.02317577544445
            ],
            [
              115.89093138651783,
              -32.02305077543091
            ],
            [
              115.89097350651056,
              -32.023034365428515
            ],
            [
              115.89113436648277,
              -32.02297177541938
            ],
            [
              115.89131635645502,
              -32.02294976540927
            ],
            [
              115.89164733639728,
              -32.022813765390445
            ],
            [
              115.89176256637688,
              -32.022762575383865
            ],
            [
              115.89187637635766,
              -32.02272376537744
            ],
            [
              115.89197835633871,
              -32.022666765371575
            ],
            [
              115.89204635632382,
              -32.02259878536753
            ],
            [
              115.8921343563034,
              -32.02249577536222
            ],
            [
              115.89217534629276,
              -32.0224327753597
            ],
            [
              115.89235233625138,
              -32.02222176534901
            ],
            [
              115.89243471623183,
              -32.02211963534403
            ],
            [
              115.89250931621115,
              -32.02198774533934
            ],
            [
              115.89271733612921,
              -32.02130074532486
            ],
            [
              115.89276532611592,
              -32.02121575532184
            ],
            [
              115.89279233610725,
              -32.021152745320066
            ],
            [
              115.89282632609807,
              -32.02109574531796
            ],
            [
              115.89288833608263,
              -32.021009755314154
            ],
            [
              115.89291530607179,
              -32.02091775531227
            ],
            [
              115.892978676045,
              -32.020683585307744
            ],
            [
              115.89308028601958,
              -32.020540725301515
            ],
            [
              115.89312832600967,
              -32.0205007352987
            ],
            [
              115.8932093159942,
              -32.020449725294014
            ],
            [
              115.89335827596769,
              -32.02038174528551
            ],
            [
              115.8935672759348,
              -32.02034274527384
            ],
            [
              115.893775285909,
              -32.02039572526261
            ],
            [
              115.89399526588716,
              -32.02052272525107
            ],
            [
              115.89427128585251,
              -32.02058773523616
            ],
            [
              115.89443232583652,
              -32.020680735227714
            ],
            [
              115.89450528583046,
              -32.02073873522394
            ],
            [
              115.8945722958239,
              -32.02077873522043
            ],
            [
              115.89461230581952,
              -32.020796735218305
            ],
            [
              115.89473231580934,
              -32.02088875521212
            ],
            [
              115.89476629580666,
              -32.02091775521038
            ],
            [
              115.89485929580249,
              -32.02103874520578
            ],
            [
              115.89543855577062,
              -32.02171264517687
            ],
            [
              115.89598681572582,
              -32.022157615148664
            ],
            [
              115.89637528568252,
              -32.022320745128
            ],
            [
              115.89649526567021,
              -32.02238477512168
            ],
            [
              115.89666228565505,
              -32.022500765112994
            ],
            [
              115.89768961553742,
              -32.02289056505817
            ],
            [
              115.89792325550971,
              -32.02296676504566
            ],
            [
              115.89815725548803,
              -32.02312277503346
            ],
            [
              115.898251245482,
              -32.02322076502873
            ],
            [
              115.89831124547872,
              -32.023290775025735
            ],
            [
              115.8983982654693,
              -32.02333076502112
            ],
            [
              115.89871325543255,
              -32.02344176500427
            ],
            [
              115.89896226539437,
              -32.023408764990435
            ],
            [
              115.89905727537955,
              -32.023392764985125
            ],
            [
              115.89919228535764,
              -32.02335877497755
            ],
            [
              115.89927225534535,
              -32.0233477749731
            ],
            [
              115.89932624533677,
              -32.02333676497008
            ],
            [
              115.8993942453266,
              -32.02333076496631
            ],
            [
              115.89947523531507,
              -32.02333176496186
            ],
            [
              115.89973522529053,
              -32.0234997649483
            ],
            [
              115.89984322527773,
              -32.023534764942504
            ],
            [
              115.89996422526218,
              -32.02355876493595
            ],
            [
              115.90005821524652,
              -32.023529774930665
            ],
            [
              115.90011223523622,
              -32.023495774927525
            ],
            [
              115.90084924510015,
              -32.02309376488522
            ],
            [
              115.90099122507594,
              -32.023042784877155
            ],
            [
              115.90107824506696,
              -32.023088774872576
            ],
            [
              115.90111120506572,
              -32.02313476487096
            ],
            [
              115.90114423506667,
              -32.023209774869485
            ],
            [
              115.90115722506785,
              -32.023249774868944
            ],
            [
              115.90116321507311,
              -32.02333076486897
            ],
            [
              115.9010921851156,
              -32.023756544874765
            ],
            [
              115.9010622151334,
              -32.023934794877206
            ],
            [
              115.90104159514784,
              -32.024086564879006
            ],
            [
              115.90104024516329,
              -32.024287794879974
            ],
            [
              115.901006225179,
              -32.02443079488248
            ],
            [
              115.90091267523492,
              -32.02499160489008
            ],
            [
              115.90082051528765,
              -32.02551262489746
            ],
            [
              115.90079857530252,
              -32.02566759489935
            ],
            [
              115.90079142531806,
              -32.02585899490059
            ],
            [
              115.90079065531974,
              -32.02587964490072
            ],
            [
              115.90078726535411,
              -32.02632680490288
            ],
            [
              115.90077226536197,
              -32.02640180490403
            ],
            [
              115.90075755537407,
              -32.02653358490543
            ],
            [
              115.90070283539357,
              -32.02668757490912
            ],
            [
              115.90067425540815,
              -32.026825804911304
            ],
            [
              115.9006673654189,
              -32.02695453491226
            ],
            [
              115.90066626542057,
              -32.0269748049124
            ],
            [
              115.90066287544843,
              -32.027335574914176
            ],
            [
              115.90067630545258,
              -32.027415804913794
            ],
            [
              115.90067330547517,
              -32.027707814915246
            ],
            [
              115.90074240547507,
              -32.02783748491201
            ],
            [
              115.90163972532535,
              -32.027558614861405
            ],
            [
              115.90161971532677,
              -32.02753961486243
            ],
            [
              115.90157869532871,
              -32.02748760486446
            ],
            [
              115.90156369532976,
              -32.02747260486522
            ],
            [
              115.9015486853309,
              -32.027459594865995
            ],
            [
              115.90152770533156,
              -32.02742861486701
            ],
            [
              115.90152270533126,
              -32.02741560486722
            ],
            [
              115.90152270532907,
              -32.027386594867096
            ],
            [
              115.90152868532535,
              -32.02734859486661
            ],
            [
              115.90153671532197,
              -32.027319614866045
            ],
            [
              115.90154471531972,
              -32.02730460486553
            ],
            [
              115.90154868531815,
              -32.02729160486524
            ],
            [
              115.9015577053158,
              -32.02727759486469
            ],
            [
              115.90156569531396,
              -32.02726860486422
            ],
            [
              115.90157770531142,
              -32.02725759486351
            ],
            [
              115.90161971530176,
              -32.02720960486097
            ],
            [
              115.90163570529835,
              -32.027194604860036
            ],
            [
              115.90164972529564,
              -32.02718561485922
            ],
            [
              115.90171071528559,
              -32.027168614855775
            ],
            [
              115.90172969528237,
              -32.02716160485472
            ],
            [
              115.90177769527475,
              -32.02715161485202
            ],
            [
              115.90182871526682,
              -32.02714360484918
            ],
            [
              115.90188970525752,
              -32.0271366048458
            ],
            [
              115.90193369525022,
              -32.02712360484331
            ],
            [
              115.90196971524371,
              -32.02710560484127
            ],
            [
              115.90198668524039,
              -32.027093614840275
            ],
            [
              115.90199771523812,
              -32.02708460483963
            ],
            [
              115.90203370523122,
              -32.02706160483755
            ],
            [
              115.9020607152266,
              -32.02705160483602
            ],
            [
              115.90207969522312,
              -32.02704161483492
            ],
            [
              115.9021176852164,
              -32.02702460483276
            ],
            [
              115.90216970520687,
              -32.02699759482978
            ],
            [
              115.90218371520413,
              -32.02698760482897
            ],
            [
              115.90219871520137,
              -32.02697959482809
            ],
            [
              115.90221470519822,
              -32.02696860482719
            ],
            [
              115.90226971518828,
              -32.02694159482404
            ],
            [
              115.90230672518118,
              -32.02691760482189
            ],
            [
              115.9023207051787,
              -32.02691161482109
            ],
            [
              115.9023507051729,
              -32.02689161481935
            ],
            [
              115.90237472516839,
              -32.02687760481797
            ],
            [
              115.90240169516281,
              -32.02685461481639
            ],
            [
              115.90241571515965,
              -32.02683960481554
            ],
            [
              115.9024366951546,
              -32.02681259481428
            ],
            [
              115.90244272515284,
              -32.0268006148139
            ],
            [
              115.90245272515048,
              -32.02678860481329
            ],
            [
              115.90246170514875,
              -32.02678261481276
            ],
            [
              115.90246969514759,
              -32.02678261481232
            ],
            [
              115.90249371514454,
              -32.02678760481103
            ],
            [
              115.90250670514277,
              -32.02678860481032
            ],
            [
              115.90252970513914,
              -32.026784604809045
            ],
            [
              115.90254170513741,
              -32.02678460480838
            ],
            [
              115.90257371513236,
              -32.02677861480659
            ],
            [
              115.90262171512444,
              -32.02676461480389
            ],
            [
              115.90265671511834,
              -32.026750604801904
            ],
            [
              115.9026857051136,
              -32.02674261480028
            ],
            [
              115.90270271511048,
              -32.02673360479928
            ],
            [
              115.9027347251049,
              -32.02672059479747
            ],
            [
              115.90276669509919,
              -32.02670561479566
            ],
            [
              115.90278571509532,
              -32.02669061479454
            ],
            [
              115.90279870509285,
              -32.02668259479379
            ],
            [
              115.90284571508454,
              -32.026661604791116
            ],
            [
              115.90287769507836,
              -32.02664060478926
            ],
            [
              115.902900725074,
              -32.026626604787936
            ],
            [
              115.90291170507174,
              -32.02661760478729
            ],
            [
              115.90292470506873,
              -32.0266026047865
            ],
            [
              115.90294371506475,
              -32.026585604785375
            ],
            [
              115.90295769506135,
              -32.02656760478454
            ],
            [
              115.90303471504527,
              -32.026500594779996
            ],
            [
              115.90305369504102,
              -32.02648059477887
            ],
            [
              115.9030657050386,
              -32.026471604778166
            ],
            [
              115.90307570503673,
              -32.02646561477759
            ],
            [
              115.90308271503524,
              -32.02645960477717
            ],
            [
              115.9031007050308,
              -32.026434604776085
            ],
            [
              115.90310869502859,
              -32.02642060477558
            ],
            [
              115.9031216950237,
              -32.02638060477468
            ],
            [
              115.90313169501776,
              -32.02632160477387
            ],
            [
              115.90314169501376,
              -32.026287604773174
            ],
            [
              115.9031727250043,
              -32.02622159477119
            ],
            [
              115.90317669500244,
              -32.02620459477088
            ],
            [
              115.90317370499895,
              -32.02615261477081
            ],
            [
              115.90317370499812,
              -32.026141604770764
            ],
            [
              115.90317969499567,
              -32.026120604770355
            ],
            [
              115.90320071499025,
              -32.02608860476906
            ],
            [
              115.9032337149834,
              -32.02606061476712
            ],
            [
              115.90324769498031,
              -32.02604660476629
            ],
            [
              115.90329171497152,
              -32.02601360476371
            ],
            [
              115.90330068496992,
              -32.026009604763196
            ],
            [
              115.90330671496848,
              -32.02600161476284
            ],
            [
              115.90330871496747,
              -32.02599260476268
            ],
            [
              115.90331069496598,
              -32.025976604762505
            ],
            [
              115.90331970496295,
              -32.025953604761916
            ],
            [
              115.90332970495984,
              -32.02593161476127
            ],
            [
              115.90333470495847,
              -32.02592260476094
            ],
            [
              115.90334171495465,
              -32.0258856047604
            ],
            [
              115.90334270495192,
              -32.0258515947602
            ],
            [
              115.90334770495052,
              -32.02584260475988
            ],
            [
              115.90337069494338,
              -32.025791604758396
            ],
            [
              115.90338471494006,
              -32.02577460475754
            ],
            [
              115.90340369493646,
              -32.025762614756445
            ],
            [
              115.90342471493265,
              -32.02575260475525
            ],
            [
              115.90343971493007,
              -32.025746614754404
            ],
            [
              115.90344971492817,
              -32.02574059475382
            ],
            [
              115.90349169491897,
              -32.02569860475131
            ],
            [
              115.90349771491745,
              -32.02568961475095
            ],
            [
              115.90350370491552,
              -32.02567560475056
            ],
            [
              115.90353870490685,
              -32.02562760474842
            ],
            [
              115.9035607149019,
              -32.02560360474711
            ],
            [
              115.90357768489845,
              -32.02559060474611
            ],
            [
              115.90359071489547,
              -32.02557559474534
            ],
            [
              115.90360371489268,
              -32.02556360474456
            ],
            [
              115.90363269488569,
              -32.0255256047428
            ],
            [
              115.90364970488196,
              -32.02550860474179
            ],
            [
              115.90366470487896,
              -32.02549760474093
            ],
            [
              115.90368470487425,
              -32.02547360473971
            ],
            [
              115.90369970487068,
              -32.02545460473881
            ],
            [
              115.90370872486787,
              -32.02543460473822
            ],
            [
              115.90372270486232,
              -32.02538759473724
            ],
            [
              115.90372868485909,
              -32.02535661473678
            ],
            [
              115.90373270485799,
              -32.025349604736526
            ],
            [
              115.90373868485676,
              -32.02534460473618
            ],
            [
              115.90374770485523,
              -32.02534160473566
            ],
            [
              115.90376172485307,
              -32.02533961473488
            ],
            [
              115.9037936948484,
              -32.02533861473312
            ],
            [
              115.90378971484843,
              -32.0253316047333
            ],
            [
              115.90378070484937,
              -32.025326604733785
            ],
            [
              115.90376971485021,
              -32.02531659473434
            ],
            [
              115.90375672485077,
              -32.02529961473498
            ],
            [
              115.90372069485144,
              -32.0252405947367
            ],
            [
              115.90371171485107,
              -32.02521860473709
            ],
            [
              115.90370470484964,
              -32.02518659473734
            ],
            [
              115.90370569484793,
              -32.02516559473721
            ],
            [
              115.903714704843,
              -32.0251176147365
            ],
            [
              115.90371868483605,
              -32.0250336047359
            ],
            [
              115.90372069483479,
              -32.025020594735736
            ],
            [
              115.90372671483249,
              -32.02500159473532
            ],
            [
              115.90374971482498,
              -32.02494659473381
            ],
            [
              115.90376770482008,
              -32.02491560473269
            ],
            [
              115.90377869481601,
              -32.024882604731935
            ],
            [
              115.90378070481471,
              -32.02486959473176
            ],
            [
              115.90377971481358,
              -32.02485259473174
            ],
            [
              115.90377672481242,
              -32.02483160473182
            ],
            [
              115.90376770481245,
              -32.02481459473224
            ],
            [
              115.90373671481385,
              -32.02477460473377
            ],
            [
              115.9037267148146,
              -32.024765614734285
            ],
            [
              115.90367269481823,
              -32.024711604737
            ],
            [
              115.90364072482063,
              -32.02468260473865
            ],
            [
              115.90362269482213,
              -32.02466859473957
            ],
            [
              115.9036126948228,
              -32.024658604740075
            ],
            [
              115.9036057148235,
              -32.02465461474044
            ],
            [
              115.90359871482444,
              -32.02465361474083
            ],
            [
              115.90357469482787,
              -32.02465361474214
            ],
            [
              115.90354772483197,
              -32.02465660474364
            ],
            [
              115.90352468483519,
              -32.0246556147449
            ],
            [
              115.90348870483997,
              -32.024650594746866
            ],
            [
              115.90344271484665,
              -32.0246516147494
            ],
            [
              115.90341270485087,
              -32.02465059475105
            ],
            [
              115.90340672485141,
              -32.024646604751354
            ],
            [
              115.90338369485396,
              -32.024636614752595
            ],
            [
              115.90335368485651,
              -32.024613594754136
            ],
            [
              115.90333470485734,
              -32.02458860475506
            ],
            [
              115.9033237248574,
              -32.024568604755565
            ],
            [
              115.90331371485685,
              -32.02454261475602
            ],
            [
              115.90330769485597,
              -32.024519594756235
            ],
            [
              115.90329871485295,
              -32.024462594756486
            ],
            [
              115.9032897048531,
              -32.024447614756916
            ],
            [
              115.90327572485359,
              -32.0244275947576
            ],
            [
              115.90325371485456,
              -32.02439860475867
            ],
            [
              115.90321871485735,
              -32.02436960476047
            ],
            [
              115.9031967048594,
              -32.024354594761625
            ],
            [
              115.90317169486113,
              -32.0243306047629
            ],
            [
              115.90313570486447,
              -32.02430660476476
            ],
            [
              115.90312370486545,
              -32.024296594765374
            ],
            [
              115.90307668486959,
              -32.024262614767814
            ],
            [
              115.9030186948739,
              -32.02420961477077
            ],
            [
              115.90298970487571,
              -32.024178604772224
            ],
            [
              115.90295269487827,
              -32.0241426047741
            ],
            [
              115.90292371488076,
              -32.024120604775604
            ],
            [
              115.90288269488391,
              -32.02408460477769
            ],
            [
              115.90282071488953,
              -32.02404161478092
            ],
            [
              115.90277570489302,
              -32.024002594783234
            ],
            [
              115.90269570489956,
              -32.023937604787335
            ],
            [
              115.90265569490293,
              -32.023906604789396
            ],
            [
              115.90257769490994,
              -32.02385160479346
            ],
            [
              115.90255871491152,
              -32.02383659479444
            ],
            [
              115.90253170491297,
              -32.02380461479578
            ],
            [
              115.90252269491336,
              -32.02379260479621
            ],
            [
              115.90250571491427,
              -32.02377260479707
            ],
            [
              115.90248469491387,
              -32.02372761479802
            ],
            [
              115.90247370491272,
              -32.02369161479847
            ],
            [
              115.90246272491216,
              -32.023663604798934
            ],
            [
              115.90245772491157,
              -32.02364660479914
            ],
            [
              115.90245370491081,
              -32.023628604799285
            ],
            [
              115.90245370490778,
              -32.02358860479912
            ],
            [
              115.90245071490646,
              -32.023565604799174
            ],
            [
              115.90244469490467,
              -32.023530604799355
            ],
            [
              115.90244169490425,
              -32.02351959479947
            ],
            [
              115.90243969490344,
              -32.02350461479951
            ],
            [
              115.90242144490047,
              -32.0234313148002
            ],
            [
              115.90240570489571,
              -32.02333861480065
            ],
            [
              115.90239070489517,
              -32.02330361480132
            ],
            [
              115.90237570489553,
              -32.02327959480204
            ],
            [
              115.90235271489657,
              -32.02324961480318
            ],
            [
              115.9023347148976,
              -32.02322961480407
            ],
            [
              115.90229971489877,
              -32.02317860480578
            ],
            [
              115.90228471489901,
              -32.02315361480648
            ],
            [
              115.90226368489816,
              -32.02310260480742
            ],
            [
              115.90225270489648,
              -32.02305959480785
            ],
            [
              115.9022467148959,
              -32.02304059480808
            ],
            [
              115.9022417148932,
              -32.02299560480816
            ],
            [
              115.90224171489093,
              -32.02296559480802
            ],
            [
              115.90223269488737,
              -32.02290160480823
            ],
            [
              115.90222069488425,
              -32.022837594808614
            ],
            [
              115.90221269488083,
              -32.02277760480878
            ],
            [
              115.90220470487567,
              -32.02269461480887
            ],
            [
              115.90219470487348,
              -32.0226466048092
            ],
            [
              115.90217072487327,
              -32.02259861481031
            ],
            [
              115.90215969487365,
              -32.02258261481086
            ],
            [
              115.90213071487378,
              -32.022529604812206
            ],
            [
              115.90211268487438,
              -32.022503594813095
            ],
            [
              115.90210370487485,
              -32.02249260481353
            ],
            [
              115.90208969487587,
              -32.02247960481424
            ],
            [
              115.90206169487884,
              -32.02246559481571
            ],
            [
              115.90203169488098,
              -32.02243760481724
            ],
            [
              115.90201972488147,
              -32.022421604817836
            ],
            [
              115.90200771488237,
              -32.02241059481845
            ],
            [
              115.90199972488223,
              -32.02239359481882
            ],
            [
              115.90199669488071,
              -32.02236760481887
            ],
            [
              115.90196971487637,
              -32.02225960481987
            ],
            [
              115.90196070487296,
              -32.02219760482009
            ],
            [
              115.90195869487081,
              -32.02216560482007
            ],
            [
              115.90195770486544,
              -32.0220926048198
            ],
            [
              115.90195471486425,
              -32.02207160481987
            ],
            [
              115.90194172486356,
              -32.02203760482043
            ],
            [
              115.90193270486358,
              -32.02202059482086
            ],
            [
              115.90190868486411,
              -32.02198260482201
            ],
            [
              115.90190171486368,
              -32.021963604822304
            ],
            [
              115.90189569486189,
              -32.021928594822484
            ],
            [
              115.90188671486105,
              -32.02190060482285
            ],
            [
              115.90187470486066,
              -32.02187259482339
            ],
            [
              115.90186769485985,
              -32.021848604823674
            ],
            [
              115.90185569485939,
              -32.0218195948242
            ],
            [
              115.90183970485975,
              -32.02179460482497
            ],
            [
              115.90182170486075,
              -32.02177360482587
            ],
            [
              115.90181572486092,
              -32.02176459482616
            ],
            [
              115.90180670486139,
              -32.0217536048266
            ],
            [
              115.9017997048616,
              -32.02174359482696
            ],
            [
              115.9017857248624,
              -32.021727594827645
            ],
            [
              115.90177871486266,
              -32.02171760482799
            ],
            [
              115.9017446948645,
              -32.02167760482968
            ],
            [
              115.90173469486517,
              -32.02166760483019
            ],
            [
              115.90172969486528,
              -32.02165960483043
            ],
            [
              115.9017237048656,
              -32.021652594830734
            ],
            [
              115.9017107148665,
              -32.02163961483139
            ],
            [
              115.90170071486702,
              -32.02162760483188
            ],
            [
              115.90166771486902,
              -32.02159160483355
            ],
            [
              115.90165369486951,
              -32.02157160483422
            ],
            [
              115.90164369487019,
              -32.021561614834724
            ],
            [
              115.90162471487193,
              -32.021548604835715
            ],
            [
              115.90161570487254,
              -32.021539594836185
            ],
            [
              115.90159070487468,
              -32.021520604837455
            ],
            [
              115.90157471487636,
              -32.021512604838314
            ],
            [
              115.90156672487727,
              -32.02150961483874
            ],
            [
              115.90153368488123,
              -32.021499604840514
            ],
            [
              115.901520694883,
              -32.02149860484122
            ],
            [
              115.90150069488551,
              -32.0214936048423
            ],
            [
              115.90148269488789,
              -32.02149061484327
            ],
            [
              115.90147470488871,
              -32.021486594843694
            ],
            [
              115.90145470489057,
              -32.02147361484474
            ],
            [
              115.90143269489138,
              -32.02144260484581
            ],
            [
              115.90142572489177,
              -32.021434614846164
            ],
            [
              115.90140469489359,
              -32.02141860484724
            ],
            [
              115.90139969489383,
              -32.021412594847504
            ],
            [
              115.90139371489433,
              -32.021407604847795
            ],
            [
              115.90138170489543,
              -32.02139961484843
            ],
            [
              115.9013696948967,
              -32.021393594849066
            ],
            [
              115.90135370489809,
              -32.02138160484989
            ],
            [
              115.90132870489985,
              -32.02135759485115
            ],
            [
              115.90131571490096,
              -32.02134760485183
            ],
            [
              115.901304724902,
              -32.02134061485241
            ],
            [
              115.9012897249036,
              -32.021333604853204
            ],
            [
              115.90126471490669,
              -32.021326604854536
            ],
            [
              115.9012577149076,
              -32.02132561485492
            ],
            [
              115.90121369491398,
              -32.021326604857336
            ],
            [
              115.90116970492001,
              -32.021322614859756
            ],
            [
              115.90115171492255,
              -32.021322614860736
            ],
            [
              115.9011447049234,
              -32.02132059486113
            ],
            [
              115.90112671492597,
              -32.02132059486212
            ],
            [
              115.90111871492702,
              -32.02131959486255
            ],
            [
              115.90109371493008,
              -32.02131260486389
            ],
            [
              115.90108170493129,
              -32.02130561486452
            ],
            [
              115.90106572493357,
              -32.0213056148654
            ],
            [
              115.90099670494497,
              -32.02132561486929
            ],
            [
              115.90099071494568,
              -32.02132361486961
            ],
            [
              115.9009846949461,
              -32.02131759486992
            ],
            [
              115.90098071494431,
              -32.02128661486999
            ],
            [
              115.90097370494473,
              -32.021278604870346
            ],
            [
              115.90096071494635,
              -32.02127560487104
            ],
            [
              115.90095370494734,
              -32.02127560487142
            ],
            [
              115.90093972494952,
              -32.0212776048722
            ],
            [
              115.90091771495305,
              -32.02128259487344
            ],
            [
              115.90091070495382,
              -32.02127960487382
            ],
            [
              115.900904714954,
              -32.02127060487411
            ],
            [
              115.90088971495416,
              -32.021244594874815
            ],
            [
              115.90087770495475,
              -32.02122961487541
            ],
            [
              115.90087270495503,
              -32.02122360487566
            ],
            [
              115.90085869495613,
              -32.02121161487637
            ],
            [
              115.9008536949566,
              -32.02120859487665
            ],
            [
              115.90084069495822,
              -32.021205604877345
            ],
            [
              115.90082471496044,
              -32.021204604878214
            ],
            [
              115.90078872496515,
              -32.02119860488017
            ],
            [
              115.90077372496701,
              -32.02119461488099
            ],
            [
              115.90075569496913,
              -32.02118859488194
            ],
            [
              115.90073470497182,
              -32.021184604883075
            ],
            [
              115.90068670497759,
              -32.02116959488565
            ],
            [
              115.90065969498112,
              -32.021165604887116
            ],
            [
              115.90065071498242,
              -32.02116560488761
            ],
            [
              115.90060169498906,
              -32.021160604890305
            ],
            [
              115.90058571499105,
              -32.02115661489116
            ],
            [
              115.90058271499142,
              -32.02115561489132
            ],
            [
              115.90056771499289,
              -32.0211466048921
            ],
            [
              115.90053771499628,
              -32.0211345948937
            ],
            [
              115.90052271499779,
              -32.021126604894484
            ],
            [
              115.90051168499906,
              -32.02112260489507
            ],
            [
              115.90050070500018,
              -32.02111659489566
            ],
            [
              115.90044671500604,
              -32.021091604898515
            ],
            [
              115.90042569500821,
              -32.021080614899624
            ],
            [
              115.90039769501125,
              -32.021067604901106
            ],
            [
              115.90035670501608,
              -32.021053604903294
            ],
            [
              115.90031969502013,
              -32.021037604905274
            ],
            [
              115.90030670502168,
              -32.02103360490596
            ],
            [
              115.90028571502434,
              -32.0210286149071
            ],
            [
              115.90022870503104,
              -32.021009614910156
            ],
            [
              115.90018972503601,
              -32.02100160491225
            ],
            [
              115.90015168504057,
              -32.020989614914306
            ],
            [
              115.90013270504289,
              -32.02098459491532
            ],
            [
              115.90012570504386,
              -32.0209836049157
            ],
            [
              115.9000836850491,
              -32.02097361491796
            ],
            [
              115.90005069505307,
              -32.020963604919736
            ],
            [
              115.89999970505954,
              -32.0209526149225
            ],
            [
              115.89998871506087,
              -32.020949594923096
            ],
            [
              115.89996469506401,
              -32.02094560492439
            ],
            [
              115.89993071506835,
              -32.020938604926236
            ],
            [
              115.89990772507151,
              -32.020936614927486
            ],
            [
              115.89988469507452,
              -32.02093261492874
            ],
            [
              115.89985070507922,
              -32.020930594930604
            ],
            [
              115.89981472508369,
              -32.02092160493254
            ],
            [
              115.89979971508569,
              -32.020919604933354
            ],
            [
              115.89974270509377,
              -32.0209186149365
            ],
            [
              115.89969872509985,
              -32.0209156149389
            ],
            [
              115.89967171510364,
              -32.02091461494038
            ],
            [
              115.8996417151081,
              -32.020916614942045
            ],
            [
              115.89961371511214,
              -32.02091661494358
            ],
            [
              115.89959969511433,
              -32.02091960494436
            ],
            [
              115.89958871511628,
              -32.02092460494498
            ],
            [
              115.89957969511812,
              -32.02093159494551
            ],
            [
              115.89956969512062,
              -32.02094560494613
            ],
            [
              115.89955469512337,
              -32.02095361494699
            ],
            [
              115.89954571512482,
              -32.020955614947496
            ],
            [
              115.89952772512731,
              -32.02095461494849
            ],
            [
              115.89950969512957,
              -32.020950594949454
            ],
            [
              115.89949468513127,
              -32.02094460495025
            ],
            [
              115.89947570513323,
              -32.02093461495125
            ],
            [
              115.89946669513431,
              -32.02093159495173
            ],
            [
              115.89942271513924,
              -32.020913594954074
            ],
            [
              115.8994017251417,
              -32.020906604955194
            ],
            [
              115.89935569514756,
              -32.02089661495769
            ],
            [
              115.89934569514892,
              -32.020895614958235
            ],
            [
              115.89933569515021,
              -32.020893594958785
            ],
            [
              115.89931069515326,
              -32.02088660496012
            ],
            [
              115.89923969516212,
              -32.02086960496395
            ],
            [
              115.89921571516496,
              -32.020861614965234
            ],
            [
              115.8991787051695,
              -32.02085160496723
            ],
            [
              115.89915969517175,
              -32.020845604968244
            ],
            [
              115.89914370517381,
              -32.02084261496911
            ],
            [
              115.89909972518015,
              -32.020842614971535
            ],
            [
              115.89909070518165,
              -32.020845604972045
            ],
            [
              115.8990766951839,
              -32.02084860497283
            ],
            [
              115.89902069519191,
              -32.02084860497592
            ],
            [
              115.89899069519599,
              -32.020845604977545
            ],
            [
              115.89893569520379,
              -32.02084460498057
            ],
            [
              115.89885969521481,
              -32.02084660498476
            ],
            [
              115.89885170521605,
              -32.02084760498521
            ],
            [
              115.89883969521799,
              -32.020850604985874
            ],
            [
              115.89883268521929,
              -32.02085460498629
            ],
            [
              115.89880370522428,
              -32.020865604987925
            ],
            [
              115.89880071522502,
              -32.02086960498811
            ],
            [
              115.89880071522556,
              -32.02087659498814
            ],
            [
              115.89879969522592,
              -32.0208796149882
            ],
            [
              115.89880169522601,
              -32.02088460498812
            ],
            [
              115.89880272522686,
              -32.02089761498812
            ],
            [
              115.89879772522755,
              -32.02089761498841
            ],
            [
              115.8987957152277,
              -32.0208956149885
            ],
            [
              115.8987937052276,
              -32.02089060498859
            ],
            [
              115.89878571522807,
              -32.02088161498899
            ],
            [
              115.89878571522792,
              -32.02087961498898
            ],
            [
              115.89878271522791,
              -32.02087359498911
            ],
            [
              115.89877771522822,
              -32.020868604989374
            ],
            [
              115.89877370522866,
              -32.02086660498958
            ],
            [
              115.89876870522929,
              -32.02086560498986
            ],
            [
              115.8987357052332,
              -32.020854604991634
            ],
            [
              115.89872669523442,
              -32.020853604992105
            ],
            [
              115.8986916852388,
              -32.020845604993994
            ],
            [
              115.89866770524225,
              -32.020845604995316
            ],
            [
              115.89865770524378,
              -32.02084660499589
            ],
            [
              115.89863471524745,
              -32.02085160499716
            ],
            [
              115.89862069524959,
              -32.020853604997946
            ],
            [
              115.89861368525081,
              -32.02085659499835
            ],
            [
              115.89860671525258,
              -32.02086660499877
            ],
            [
              115.8986056952532,
              -32.02087260499886
            ],
            [
              115.89860270525399,
              -32.02087761499904
            ],
            [
              115.89860069525429,
              -32.02087761499915
            ],
            [
              115.8985956952546,
              -32.02087260499942
            ],
            [
              115.89859569525414,
              -32.020866604999384
            ],
            [
              115.89859470525406,
              -32.02086360499941
            ],
            [
              115.89858872525433,
              -32.02085559499971
            ],
            [
              115.89857970525517,
              -32.02084960500018
            ],
            [
              115.89857671525552,
              -32.020848605000346
            ],
            [
              115.89856569525642,
              -32.020839595000915
            ],
            [
              115.89854068525895,
              -32.02082561500224
            ],
            [
              115.89850371526312,
              -32.0208106050042
            ],
            [
              115.89849871526373,
              -32.02080960500446
            ],
            [
              115.89848670526499,
              -32.0208036150051
            ],
            [
              115.89846670526626,
              -32.02078259500611
            ],
            [
              115.89845772526603,
              -32.02076259500652
            ],
            [
              115.89845170526637,
              -32.02075560500682
            ],
            [
              115.89843571526775,
              -32.02074360500764
            ],
            [
              115.89841669526957,
              -32.020731615008636
            ],
            [
              115.89839870527102,
              -32.02071660500956
            ],
            [
              115.8983737052727,
              -32.020691595010824
            ],
            [
              115.89835669527406,
              -32.0206776150117
            ],
            [
              115.89835271527447,
              -32.02067561501191
            ],
            [
              115.89834369527512,
              -32.02066660501236
            ],
            [
              115.8983386952753,
              -32.020659615012605
            ],
            [
              115.89833070527574,
              -32.020650605012996
            ],
            [
              115.89832668527609,
              -32.02064760501322
            ],
            [
              115.89832168527637,
              -32.02064160501347
            ],
            [
              115.89831971527659,
              -32.02064061501356
            ],
            [
              115.89831369527674,
              -32.02063160501387
            ],
            [
              115.89829270527844,
              -32.02061459501494
            ],
            [
              115.89828369527899,
              -32.02060460501539
            ],
            [
              115.89827671527893,
              -32.02059060501571
            ],
            [
              115.8982686852797,
              -32.02058561501614
            ],
            [
              115.89825270528137,
              -32.02057759501698
            ],
            [
              115.89824569528203,
              -32.02057260501734
            ],
            [
              115.89823372528329,
              -32.02056661501798
            ],
            [
              115.8982217152844,
              -32.02055860501861
            ],
            [
              115.89821372528499,
              -32.02055160501901
            ],
            [
              115.89820371528604,
              -32.020546615019526
            ],
            [
              115.89819470528721,
              -32.02054461502003
            ],
            [
              115.89818671528809,
              -32.020541595020454
            ],
            [
              115.89815769529115,
              -32.020526615021986
            ],
            [
              115.8981487152922,
              -32.02052359502245
            ],
            [
              115.89814469529254,
              -32.02052060502267
            ],
            [
              115.89813572529359,
              -32.02051760502315
            ],
            [
              115.89812969529424,
              -32.02051460502346
            ],
            [
              115.89811969529558,
              -32.02051360502401
            ],
            [
              115.8981017052977,
              -32.020507615024975
            ],
            [
              115.8980837052997,
              -32.02049960502594
            ],
            [
              115.89806469530187,
              -32.020492615026946
            ],
            [
              115.89804870530341,
              -32.02048260502779
            ],
            [
              115.89801972530655,
              -32.020469595029326
            ],
            [
              115.89798570531015,
              -32.02045261503112
            ],
            [
              115.89796570531249,
              -32.02044560503219
            ],
            [
              115.89795770531335,
              -32.0204416050326
            ],
            [
              115.89791869531793,
              -32.020428605034695
            ],
            [
              115.89788671532153,
              -32.020415615036406
            ],
            [
              115.89785269532528,
              -32.020400615038206
            ],
            [
              115.89783371532745,
              -32.020393595039224
            ],
            [
              115.89780670533071,
              -32.02038560504067
            ],
            [
              115.89778170533384,
              -32.020379615042025
            ],
            [
              115.89776871533557,
              -32.020377615042726
            ],
            [
              115.89775469533758,
              -32.02037761504351
            ],
            [
              115.89773071534069,
              -32.02037359504481
            ],
            [
              115.89771272534313,
              -32.02037160504578
            ],
            [
              115.8976757153478,
              -32.020363615047785
            ],
            [
              115.89766070534937,
              -32.02035559504857
            ],
            [
              115.89765370534955,
              -32.02034461504892
            ],
            [
              115.89764972534911,
              -32.02033160504908
            ],
            [
              115.89765070534776,
              -32.02031560504894
            ],
            [
              115.89765771534532,
              -32.02029660504848
            ],
            [
              115.89766169534421,
              -32.020289615048235
            ],
            [
              115.89766468534312,
              -32.02028060504803
            ],
            [
              115.89766771534087,
              -32.020256605047756
            ],
            [
              115.8976757153378,
              -32.02023161504719
            ],
            [
              115.89767571533554,
              -32.020201605047085
            ],
            [
              115.89767169533484,
              -32.02018460504722
            ],
            [
              115.89766968533482,
              -32.02018060504731
            ],
            [
              115.89766771533434,
              -32.020170595047375
            ],
            [
              115.89765968533335,
              -32.020142605047695
            ],
            [
              115.89765472533128,
              -32.02010560504781
            ],
            [
              115.89765472532945,
              -32.02008161504771
            ],
            [
              115.89765870532636,
              -32.02004861504733
            ],
            [
              115.89766070532535,
              -32.02003860504718
            ],
            [
              115.89767071532205,
              -32.02001460504651
            ],
            [
              115.89767968531936,
              -32.01999560504595
            ],
            [
              115.89769669531556,
              -32.01997760504492
            ],
            [
              115.89771071531202,
              -32.01995760504407
            ],
            [
              115.8977207153092,
              -32.01993960504344
            ],
            [
              115.89773469530563,
              -32.019918615042585
            ],
            [
              115.89776769529826,
              -32.019883605040604
            ],
            [
              115.89778269529442,
              -32.01986161503967
            ],
            [
              115.89778769529303,
              -32.019852605039375
            ],
            [
              115.89779269529113,
              -32.019836605039025
            ],
            [
              115.89780568528782,
              -32.01981760503823
            ],
            [
              115.89783671527935,
              -32.01976459503628
            ],
            [
              115.89784872527657,
              -32.01975061503557
            ],
            [
              115.89785671527441,
              -32.01973760503507
            ],
            [
              115.8978606952731,
              -32.01972759503481
            ],
            [
              115.89786470527153,
              -32.01971461503452
            ],
            [
              115.89786970526916,
              -32.01969259503416
            ],
            [
              115.89787372526789,
              -32.0196836050339
            ],
            [
              115.89788171526442,
              -32.019652595033314
            ],
            [
              115.89788368526223,
              -32.01962760503308
            ],
            [
              115.89788171525342,
              -32.01950759503268
            ],
            [
              115.8978786852518,
              -32.019480605032726
            ],
            [
              115.89787970524907,
              -32.01944660503252
            ],
            [
              115.89788368524572,
              -32.01940960503213
            ],
            [
              115.8978836852435,
              -32.019380615032006
            ],
            [
              115.89788171524121,
              -32.01934660503196
            ],
            [
              115.89787770523934,
              -32.01931460503205
            ],
            [
              115.89786872523709,
              -32.019267615032334
            ],
            [
              115.8978647052369,
              -32.01925760503249
            ],
            [
              115.89785372523588,
              -32.01922360503296
            ],
            [
              115.89784569523553,
              -32.01920360503331
            ],
            [
              115.89783970523479,
              -32.01918260503355
            ],
            [
              115.89783171523356,
              -32.01915159503385
            ],
            [
              115.89782568523233,
              -32.01912360503407
            ],
            [
              115.89781671523131,
              -32.01909360503443
            ],
            [
              115.89781470523032,
              -32.019076605034456
            ],
            [
              115.89781068522932,
              -32.01905560503459
            ],
            [
              115.89779871522768,
              -32.019011615035055
            ],
            [
              115.89779170522618,
              -32.01897860503529
            ],
            [
              115.89778572522536,
              -32.01895661503553
            ],
            [
              115.89777969522375,
              -32.0189236050357
            ],
            [
              115.89777572522354,
              -32.01891359503589
            ],
            [
              115.89775769522166,
              -32.0188546050366
            ],
            [
              115.89774670522104,
              -32.01882561503711
            ],
            [
              115.89773469521995,
              -32.01878861503759
            ],
            [
              115.89772969521933,
              -32.01877061503779
            ],
            [
              115.897722725219,
              -32.01875361503809
            ],
            [
              115.89771670521837,
              -32.01873361503834
            ],
            [
              115.89770870521814,
              -32.018715615038694
            ],
            [
              115.89769469521809,
              -32.01868860503936
            ],
            [
              115.89768571521779,
              -32.01866760503976
            ],
            [
              115.89766669521781,
              -32.01863160504064
            ],
            [
              115.89766169521768,
              -32.018620615040874
            ],
            [
              115.89762869521427,
              -32.01851360504222
            ],
            [
              115.8976057052135,
              -32.01845960504323
            ],
            [
              115.8976027152124,
              -32.01843960504332
            ],
            [
              115.89759270521262,
              -32.0184236050438
            ],
            [
              115.89821642508315,
              -32.017894415007135
            ],
            [
              115.89952648481123,
              -32.016782934930134
            ],
            [
              115.8996276247904,
              -32.0166990549242
            ],
            [
              115.8995046847525,
              -32.01596660492772
            ],
            [
              115.8992867146859,
              -32.01467659493403
            ],
            [
              115.89924170467191,
              -32.014406604935324
            ],
            [
              115.89907771462207,
              -32.013439594940074
            ],
            [
              115.89904175461618,
              -32.013293964941404
            ],
            [
              115.89898416461939,
              -32.013227624944285
            ],
            [
              115.89871957463694,
              -32.01295915495766
            ],
            [
              115.89817305468047,
              -32.01250048498571
            ],
            [
              115.89741564474069,
              -32.01186439502458
            ],
            [
              115.89701579477303,
              -32.011535765045146
            ],
            [
              115.89683391478769,
              -32.01138568505449
            ],
            [
              115.89653472481267,
              -32.01114944506991
            ],
            [
              115.89637813482786,
              -32.01105429507812
            ],
            [
              115.89633510483725,
              -32.01109666508067
            ],
            [
              115.8957326649624,
              -32.0116095551161
            ],
            [
              115.89571825497767,
              -32.011783755117655
            ],
            [
              115.89567145498593,
              -32.01180410512033
            ],
            [
              115.89521068508121,
              -32.01219073514739
            ],
            [
              115.894372935255,
              -32.01290056519663
            ],
            [
              115.89403976532716,
              -32.01322307521641
            ],
            [
              115.89314963544709,
              -32.01312348526496
            ],
            [
              115.89210796558686,
              -32.012999055321764
            ],
            [
              115.89099073573674,
              -32.01286556538271
            ],
            [
              115.89036143582157,
              -32.01279607541704
            ],
            [
              115.88669056631613,
              -32.0123858556174
            ],
            [
              115.8869270461726,
              -32.010940095597995
            ],
            [
              115.88707826609932,
              -32.01025942558667
            ],
            [
              115.88720678605054,
              -32.009859105577824
            ],
            [
              115.88734902600319,
              -32.00950331556842
            ],
            [
              115.88736409599815,
              -32.009465355567414
            ],
            [
              115.88752933594809,
              -32.00911768555678
            ],
            [
              115.88771653589555,
              -32.00877829554498
            ],
            [
              115.8879897758163,
              -32.0082493655276
            ],
            [
              115.88821516573907,
              -32.00765681551257
            ],
            [
              115.88830477570154,
              -32.007331005506195
            ],
            [
              115.88837426565277,
              -32.0068192555001
            ],
            [
              115.88837748564603,
              -32.006736385499565
            ],
            [
              115.88838865562049,
              -32.00642065549756
            ],
            [
              115.8883825555999,
              -32.00613823549666
            ],
            [
              115.88831123556491,
              -32.005542265497944
            ],
            [
              115.88824108555139,
              -32.00523131550043
            ],
            [
              115.88806829552469,
              -32.004553155506954
            ],
            [
              115.88785549549596,
              -32.00377277551523
            ],
            [
              115.88764634546826,
              -32.00301316552339
            ],
            [
              115.88738971543133,
              -32.00204159553324
            ],
            [
              115.88728872542242,
              -32.001733615537454
            ],
            [
              115.88690671537066,
              -32.00033060555229
            ],
            [
              115.88676651534321,
              -31.999704585557254
            ],
            [
              115.88668369530959,
              -31.999104615559165
            ],
            [
              115.88665869528754,
              -31.998766595559047
            ],
            [
              115.88665271525952,
              -31.998385615557698
            ],
            [
              115.8866407052537,
              -31.998286595557932
            ],
            [
              115.88663971523945,
              -31.998096605557127
            ],
            [
              115.8867237052142,
              -31.997922615551758
            ],
            [
              115.88672071520273,
              -31.997765605551212
            ],
            [
              115.88671935512022,
              -31.99667491554648
            ],
            [
              115.88673589501931,
              -31.995375935539837
            ],
            [
              115.88674385500886,
              -31.995253415538855
            ],
            [
              115.88675246499811,
              -31.995127815537828
            ],
            [
              115.8867704549778,
              -31.9948936455358
            ],
            [
              115.88686802487057,
              -31.993664055525002
            ],
            [
              115.88695514484131,
              -31.993442835519232
            ],
            [
              115.88703183481582,
              -31.99325139551416
            ],
            [
              115.88725141475457,
              -31.99285819550033
            ],
            [
              115.88749764469412,
              -31.992525645485294
            ],
            [
              115.88751925468893,
              -31.992497925483992
            ],
            [
              115.88808270456452,
              -31.9919206054504
            ],
            [
              115.88828469452233,
              -31.991745605438506
            ],
            [
              115.88830871451346,
              -31.991673605436866
            ],
            [
              115.88837069449973,
              -31.991609595433165
            ],
            [
              115.8885687044601,
              -31.991460595421596
            ],
            [
              115.8887347044252,
              -31.99131359541181
            ],
            [
              115.88882869441107,
              -31.991304605406604
            ],
            [
              115.88888870440672,
              -31.991360605403518
            ],
            [
              115.88935469437163,
              -31.99177720537972
            ],
            [
              115.89046692428408,
              -31.992721295322628
            ],
            [
              115.89126109422205,
              -31.9934021552819
            ],
            [
              115.89204835416011,
              -31.994070785241508
            ],
            [
              115.89313795407595,
              -31.995017645185694
            ],
            [
              115.89350587404758,
              -31.995337935166848
            ],
            [
              115.89401005400946,
              -31.99578697514109
            ],
            [
              115.89405001400696,
              -31.99582972513907
            ],
            [
              115.89446579398152,
              -31.99627899511816
            ],
            [
              115.89477396396406,
              -31.996629925102734
            ],
            [
              115.89485955395895,
              -31.996724565098443
            ],
            [
              115.8953327039249,
              -31.997168825074368
            ],
            [
              115.89559586390328,
              -31.99738043506082
            ],
            [
              115.8963741938428,
              -31.998052095020935
            ],
            [
              115.89723625377583,
              -31.998796424976785
            ],
            [
              115.89751963375377,
              -31.999040784962247
            ],
            [
              115.89786270372723,
              -31.99933860494469
            ],
            [
              115.89842242368351,
              -31.99981865491601
            ],
            [
              115.89936270360931,
              -32.00061560486777
            ],
            [
              115.8999826935607,
              -32.00114560483599
            ],
            [
              115.90078131339418,
              -32.00045662478902
            ],
            [
              115.9002258234362,
              -31.99996197481739
            ],
            [
              115.90171695312694,
              -31.99869657472976
            ],
            [
              115.90316483282632,
              -31.997464214644655
            ],
            [
              115.90396115266284,
              -31.996810724597964
            ],
            [
              115.90463691261091,
              -31.9974020245634
            ],
            [
              115.90486588256272,
              -31.997198354549898
            ],
            [
              115.9050883425165,
              -31.997008984536837
            ],
            [
              115.90602399232206,
              -31.996209714481843
            ],
            [
              115.90632891225977,
              -31.995963364463975
            ],
            [
              115.90717958208572,
              -31.995272444414137
            ],
            [
              115.90820450187299,
              -31.99440037435392
            ],
            [
              115.90838773183495,
              -31.994244454343153
            ],
            [
              115.91000161150005,
              -31.99287172424835
            ],
            [
              115.9107050713541,
              -31.992273454207027
            ],
            [
              115.91124867130586,
              -31.992663594178858
            ],
            [
              115.91194443124567,
              -31.99318440414292
            ],
            [
              115.91208872123036,
              -31.993254594135283
            ],
            [
              115.91244970119885,
              -31.99352060411661
            ],
            [
              115.91270071117388,
              -31.993665614103453
            ],
            [
              115.91292771114679,
              -31.993736944091296
            ],
            [
              115.9130454211316,
              -31.99375864408492
            ],
            [
              115.91375469103477,
              -31.9938206040462
            ],
            [
              115.91419670097274,
              -31.99383660402197
            ],
            [
              115.915011020859,
              -31.99387366397737
            ],
            [
              115.91515030083025,
              -31.993757203969203
            ],
            [
              115.91593943066681,
              -31.993089633922875
            ],
            [
              115.91809581022078,
              -31.99127313379636
            ],
            [
              115.9183127301693,
              -31.991003253783237
            ],
            [
              115.91855801011893,
              -31.99080173376886
            ],
            [
              115.92030270975802,
              -31.989330603666495
            ],
            [
              115.92049170972174,
              -31.98920861365557
            ],
            [
              115.92220527936978,
              -31.987797043555194
            ],
            [
              115.92406465898246,
              -31.986193513445954
            ],
            [
              115.92407812897166,
              -31.98607598344471
            ],
            [
              115.9257986986154,
              -31.984619613343764
            ],
            [
              115.92586968861015,
              -31.984684603340142
            ],
            [
              115.92595400859274,
              -31.98461409333521
            ],
            [
              115.92662870845305,
              -31.98404298329562
            ],
            [
              115.9279060981883,
              -31.982958183220685
            ],
            [
              115.92862656803933,
              -31.98235086317844
            ],
            [
              115.92980077779632,
              -31.981358063109585
            ],
            [
              115.92996670776164,
              -31.981213613099822
            ],
            [
              115.9307901776969,
              -31.98191563305772
            ],
            [
              115.93133592765506,
              -31.98239480302987
            ],
            [
              115.93161278763333,
              -31.982631673015725
            ],
            [
              115.93275723754373,
              -31.98361195295724
            ],
            [
              115.93313665751292,
              -31.98392280293778
            ],
            [
              115.93388008745568,
              -31.984572842899848
            ],
            [
              115.93481550738368,
              -31.985391092852122
            ],
            [
              115.93519350735338,
              -31.98570591283277
            ],
            [
              115.9367082172351,
              -31.98700918275541
            ],
            [
              115.93724275719318,
              -31.987466372728097
            ],
            [
              115.93739054716245,
              -31.987339902719427
            ],
            [
              115.9409764964199,
              -31.98430183250925
            ],
            [
              115.9412944763734,
              -31.984287832491734
            ],
            [
              115.94159447634985,
              -31.984544832476416
            ],
            [
              115.94172850632206,
              -31.984430812468563
            ],
            [
              115.94187950629089,
              -31.984303832459712
            ],
            [
              115.94218026626724,
              -31.98456043244435
            ],
            [
              115.94248248620468,
              -31.984304832426645
            ],
            [
              115.9429134761709,
              -31.98467381240464
            ],
            [
              115.94321569610837,
              -31.98441827238693
            ],
            [
              115.94351247608505,
              -31.98467180237178
            ],
            [
              115.94381447602258,
              -31.984416812354084
            ],
            [
              115.94387689601787,
              -31.98447272235091
            ],
            [
              115.94394948601195,
              -31.98453179234719
            ],
            [
              115.94509201586183,
              -31.98470867228532
            ],
            [
              115.94893969534006,
              -31.985089602076016
            ],
            [
              115.95266970483424,
              -31.98545860187317
            ],
            [
              115.95279270481763,
              -31.985471611866505
            ],
            [
              115.95308748477336,
              -31.985444191850213
            ],
            [
              115.95971040387484,
              -31.9860956914902
            ],
            [
              115.96388137330892,
              -31.986505721263562
            ],
            [
              115.96466838320195,
              -31.9865805712208
            ],
            [
              115.96479430318966,
              -31.986656531214237
            ],
            [
              115.96514733316177,
              -31.98695653119623
            ],
            [
              115.96544568310001,
              -31.986703601178775
            ],
            [
              115.9655236830938,
              -31.9867696011748
            ],
            [
              115.96603268305294,
              -31.987193601148807
            ],
            [
              115.96639852297209,
              -31.9868157411271
            ],
            [
              115.96924132258646,
              -31.98709648097271
            ],
            [
              115.96950930256529,
              -31.98732447095905
            ],
            [
              115.96972133252132,
              -31.98714347094665
            ],
            [
              115.96999271248454,
              -31.987170610931912
            ],
            [
              115.97277331210731,
              -31.987445410780932
            ],
            [
              115.97351682195314,
              -31.986811020737445
            ],
            [
              115.97445932187861,
              -31.98761239068942
            ],
            [
              115.97460631186694,
              -31.98773639068192
            ],
            [
              115.9747213218431,
              -31.9876384006752
            ],
            [
              115.9775203214634,
              -31.987915360523278
            ],
            [
              115.97765333147282,
              -31.98829336051768
            ],
            [
              115.97773534149047,
              -31.98868337051493
            ],
            [
              115.97774334149676,
              -31.988782380514927
            ],
            [
              115.97835778136934,
              -31.988258040478993
            ],
            [
              115.97797033154728,
              -31.98988437050739
            ],
            [
              115.97772136165663,
              -31.99086339052534
            ],
            [
              115.97715277187663,
              -31.992703660564583
            ],
            [
              115.97702316195554,
              -31.993504570575226
            ],
            [
              115.97698213199311,
              -31.99392577057933
            ],
            [
              115.97697530203978,
              -31.994532180582393
            ],
            [
              115.97706312208537,
              -31.995304120581004
            ],
            [
              115.97718624213363,
              -31.99617892057814
            ],
            [
              115.97731727220865,
              -31.997424070576482
            ],
            [
              115.97737268223219,
              -31.997841590575305
            ],
            [
              115.97755598227297,
              -31.99873159056921
            ],
            [
              115.97768811234012,
              -31.99987387056704
            ],
            [
              115.97778564240211,
              -32.00088224056618
            ],
            [
              115.9777863724779,
              -32.00188978057058
            ],
            [
              115.97765282258527,
              -32.00306078058307
            ],
            [
              115.97741341268986,
              -32.003994440600295
            ],
            [
              115.97733592271518,
              -32.00418336060537
            ],
            [
              115.97723570274795,
              -32.00442759061194
            ],
            [
              115.97720471275834,
              -32.00450661061399
            ],
            [
              115.9770717027741,
              -32.00446260062106
            ],
            [
              115.9763067028653,
              -32.00421960066185
            ],
            [
              115.9757097029355,
              -32.004016600693596
            ],
            [
              115.97359570339519,
              -32.00609961081849
            ],
            [
              115.97306969352073,
              -32.006765610850216
            ],
            [
              115.97276171360163,
              -32.00725360086923
            ],
            [
              115.97232371369684,
              -32.00768459089511
            ],
            [
              115.97226370371155,
              -32.00776560089874
            ],
            [
              115.97216070373557,
              -32.007888590904926
            ],
            [
              115.97197969377451,
              -32.00806160091559
            ],
            [
              115.97177770381671,
              -32.008237590927436
            ],
            [
              115.97171368382892,
              -32.00827759093111
            ],
            [
              115.97162170384384,
              -32.00830061093625
            ],
            [
              115.97141471388667,
              -32.00847562094835
            ],
            [
              115.97097470397786,
              -32.00884959097409
            ],
            [
              115.97068770403452,
              -32.0090556109907
            ],
            [
              115.97042870405659,
              -32.00885661100401
            ],
            [
              115.97008870408402,
              -32.00857461102136
            ],
            [
              115.96979437410512,
              -32.00829517103624
            ],
            [
              115.96867663419332,
              -32.0073416610932
            ],
            [
              115.96839046421641,
              -32.00710465110782
            ],
            [
              115.96805361424363,
              -32.00682566112503
            ],
            [
              115.9679976242579,
              -32.00690865112845
            ],
            [
              115.96648363457113,
              -32.008186701217
            ],
            [
              115.96640892458703,
              -32.00825584122139
            ],
            [
              115.96294470530711,
              -32.01122460142421
            ],
            [
              115.96230384544032,
              -32.011774041461734
            ],
            [
              115.96220872546064,
              -32.01186278146733
            ],
            [
              115.96094447571977,
              -32.01289687154115
            ],
            [
              115.96012873588947,
              -32.01359743158893
            ],
            [
              115.95790971634744,
              -32.015453851718696
            ],
            [
              115.95781193636807,
              -32.01554182172445
            ],
            [
              115.95770626638927,
              -32.01562170173057
            ],
            [
              115.95585279677134,
              -32.01716573183896
            ],
            [
              115.95534610687578,
              -32.01758785186859
            ],
            [
              115.95495880695869,
              -32.01795093189141
            ],
            [
              115.9544526170615,
              -32.01835276192092
            ],
            [
              115.95440787707102,
              -32.01839331192355
            ],
            [
              115.9539228271737,
              -32.018832951952085
            ],
            [
              115.95351730725375,
              -32.01912351197559
            ],
            [
              115.95305770735027,
              -32.01952985200257
            ],
            [
              115.95227488751468,
              -32.020221972048525
            ],
            [
              115.95178870761119,
              -32.020577592076755
            ],
            [
              115.95079791781346,
              -32.021375982134586
            ],
            [
              115.94985613800499,
              -32.02212519218952
            ],
            [
              115.9493856881024,
              -32.022522592217065
            ],
            [
              115.94946069809647,
              -32.022586602213245
            ],
            [
              115.94905769818035,
              -32.02293261223686
            ],
            [
              115.94832167833223,
              -32.02354660227992
            ],
            [
              115.94804029837715,
              -32.02360777229561
            ],
            [
              115.94677812864414,
              -32.024747622369865
            ],
            [
              115.9463119587454,
              -32.02520374239743
            ],
            [
              115.94521716896823,
              -32.02607648246132
            ],
            [
              115.94501988900957,
              -32.02624936247291
            ],
            [
              115.94491184903252,
              -32.02634823247926
            ],
            [
              115.9445595491074,
              -32.0266706325
            ],
            [
              115.94438197914509,
              -32.026833182510465
            ],
            [
              115.94427379916947,
              -32.02695044251691
            ],
            [
              115.94433470916304,
              -32.02698100251371
            ],
            [
              115.94393890924502,
              -32.02731524253689
            ],
            [
              115.9438917092492,
              -32.027280612539315
            ],
            [
              115.9434076893508,
              -32.02770761256775
            ],
            [
              115.94336870936003,
              -32.02775559257011
            ],
            [
              115.9433457093664,
              -32.02779661257156
            ],
            [
              115.94332369937474,
              -32.02786460257306
            ],
            [
              115.94324971938583,
              -32.027871612577144
            ],
            [
              115.94319269939598,
              -32.02789760258038
            ],
            [
              115.94313969940696,
              -32.02794259258349
            ],
            [
              115.94250894953524,
              -32.0284433026203
            ],
            [
              115.9419867096401,
              -32.02884060265069
            ],
            [
              115.94183858968158,
              -32.02910883266001
            ],
            [
              115.94116643981555,
              -32.02960628269906
            ],
            [
              115.94074267990007,
              -32.029921352723704
            ],
            [
              115.93993292006168,
              -32.03052340277079
            ],
            [
              115.9397139201053,
              -32.03068542278352
            ],
            [
              115.93902893024206,
              -32.03119543282334
            ],
            [
              115.93886355027651,
              -32.03133751283305
            ],
            [
              115.93748772055515,
              -32.032414602913285
            ],
            [
              115.93710352063285,
              -32.03271380293568
            ],
            [
              115.93650499075402,
              -32.0331815029706
            ],
            [
              115.93639301077617,
              -32.0332624929771
            ],
            [
              115.93628902079774,
              -32.033350492983196
            ],
            [
              115.93619299081868,
              -32.03344549298888
            ],
            [
              115.93602899085742,
              -32.033646492998784
            ],
            [
              115.93590110089184,
              -32.03385932300672
            ],
            [
              115.93586657090331,
              -32.033945553009005
            ],
            [
              115.93581072092186,
              -32.03408504301269
            ],
            [
              115.93547938106424,
              -32.0353395630364
            ],
            [
              115.93540393109663,
              -32.0356251130418
            ],
            [
              115.9350594112408,
              -32.03687800306625
            ],
            [
              115.93434660154223,
              -32.039512383116985
            ],
            [
              115.93397726169842,
              -32.0408770531433
            ],
            [
              115.93394627171114,
              -32.04098624314547
            ],
            [
              115.93322773200242,
              -32.0434750131959
            ],
            [
              115.93285849215088,
              -32.044737563221744
            ],
            [
              115.93272220220568,
              -32.045203573231284
            ],
            [
              115.93269819221565,
              -32.04528958323298
            ],
            [
              115.93240684233837,
              -32.04635925325369
            ],
            [
              115.93219193242889,
              -32.04714855326898
            ],
            [
              115.93197611251857,
              -32.04792429328424
            ],
            [
              115.93160173267391,
              -32.04926760331073
            ],
            [
              115.93029269322545,
              -32.05407460340379
            ],
            [
              115.9326963630773,
              -32.05667378328334
            ],
            [
              115.93299011305567,
              -32.05694493326841
            ],
            [
              115.93323492303625,
              -32.057152483255884
            ],
            [
              115.93350422301612,
              -32.05739702324219
            ],
            [
              115.93391823298452,
              -32.05776483322108
            ],
            [
              115.9341165829693,
              -32.05793953321098
            ],
            [
              115.93455615293482,
              -32.05831717318853
            ],
            [
              115.934961482902,
              -32.058652523167765
            ],
            [
              115.93556198285053,
              -32.05911071313683
            ],
            [
              115.93589318282234,
              -32.05936630311979
            ],
            [
              115.93622620279993,
              -32.059702103103
            ],
            [
              115.9363679027895,
              -32.05983295309581
            ],
            [
              115.93067751395351,
              -32.06442276342834
            ],
            [
              115.92936679422165,
              -32.065479983504964
            ],
            [
              115.92707069469068,
              -32.067321603639144
            ],
            [
              115.92673514476016,
              -32.06760300365881
            ],
            [
              115.926361824836,
              -32.0678967736806
            ],
            [
              115.925975874913,
              -32.068182073703056
            ],
            [
              115.92558496499025,
              -32.06846116372576
            ],
            [
              115.9251993750648,
              -32.06871496374804
            ],
            [
              115.92482572513576,
              -32.06894348376957
            ],
            [
              115.92433826522752,
              -32.06923111379761
            ],
            [
              115.9236067353619,
              -32.069618843839486
            ],
            [
              115.92337331540364,
              -32.06972753385279
            ],
            [
              115.92315997549272,
              -32.07049931386791
            ],
            [
              115.92291516559142,
              -32.07133828388506
            ],
            [
              115.92213436590595,
              -32.07401039393973
            ],
            [
              115.92195937598184,
              -32.0746805139523
            ],
            [
              115.92232770595251,
              -32.074991613933435
            ],
            [
              115.92242486594604,
              -32.07508994392854
            ],
            [
              115.922210715991,
              -32.07527760394114
            ],
            [
              115.92212968600911,
              -32.07536361394595
            ],
            [
              115.92197368602868,
              -32.075325613954355
            ],
            [
              115.92176571607799,
              -32.075582613966915
            ],
            [
              115.92161770611675,
              -32.07581360397605
            ],
            [
              115.92146469616713,
              -32.076188593986124
            ],
            [
              115.92135972620802,
              -32.0765296139934
            ],
            [
              115.92114572629558,
              -32.07727960400845
            ],
            [
              115.92108969631828,
              -32.07747260401239
            ],
            [
              115.92094369637627,
              -32.077961604022555
            ],
            [
              115.92079072643809,
              -32.07848761403328
            ],
            [
              115.92068571648032,
              -32.07884560404062
            ],
            [
              115.92059471651719,
              -32.07915960404701
            ],
            [
              115.9204417065796,
              -32.079693604057766
            ],
            [
              115.92039269660037,
              -32.07987461406126
            ],
            [
              115.92025972665203,
              -32.08030460407046
            ],
            [
              115.92021570667073,
              -32.080467614073605
            ],
            [
              115.91997969676585,
              -32.08127560409013
            ],
            [
              115.9199496967795,
              -32.08139860409232
            ],
            [
              115.91990169679791,
              -32.08155060409563
            ],
            [
              115.91983971682383,
              -32.081775594100016
            ],
            [
              115.91966969689162,
              -32.08234759411188
            ],
            [
              115.91959969692132,
              -32.08260660411687
            ],
            [
              115.91952972694875,
              -32.08283661412172
            ],
            [
              115.91936970701215,
              -32.08336959413287
            ],
            [
              115.91899262715057,
              -32.08448098415849
            ],
            [
              115.91890980718529,
              -32.08478221416437
            ],
            [
              115.91877869723834,
              -32.08523360417355
            ],
            [
              115.91826036745815,
              -32.0871511942105
            ],
            [
              115.91780670764827,
              -32.08879960424269
            ],
            [
              115.91777272766258,
              -32.0889236142451
            ],
            [
              115.91761069773017,
              -32.089508594256586
            ],
            [
              115.91743564780339,
              -32.09014252426899
            ],
            [
              115.91733183785642,
              -32.09064509427691
            ],
            [
              115.91729522787507,
              -32.0908221142797
            ],
            [
              115.91706118797589,
              -32.091708124296474
            ],
            [
              115.91699698800353,
              -32.09195122430107
            ],
            [
              115.91620530834528,
              -32.09495847435782
            ],
            [
              115.91614069837321,
              -32.09520386436245
            ],
            [
              115.91597940844285,
              -32.095817024374014
            ],
            [
              115.91555870862469,
              -32.097417604404185
            ],
            [
              115.91531072873191,
              -32.09836160442198
            ],
            [
              115.91508270883021,
              -32.09922561443832
            ],
            [
              115.91505270884181,
              -32.09932161444038
            ],
            [
              115.91493871888187,
              -32.099633614448024
            ],
            [
              115.91483669892627,
              -32.100025604455354
            ],
            [
              115.91478169895039,
              -32.100239594459325
            ],
            [
              115.91463372901404,
              -32.10079861446993
            ],
            [
              115.91459269903282,
              -32.100968604472925
            ],
            [
              115.9144896990785,
              -32.10137560448036
            ],
            [
              115.9144527190974,
              -32.101554594483204
            ],
            [
              115.91439971912594,
              -32.10183059448732
            ],
            [
              115.91437369914593,
              -32.102044604489706
            ],
            [
              115.91436770916378,
              -32.102268604491016
            ],
            [
              115.91437570917522,
              -32.102434604491314
            ],
            [
              115.91450702915584,
              -32.10242825448406
            ],
            [
              115.91473164927382,
              -32.10440933448046
            ],
            [
              115.91474019927784,
              -32.10447829448029
            ],
            [
              115.91474497928156,
              -32.10453666448027
            ],
            [
              115.91475292928529,
              -32.10460075448014
            ],
            [
              115.91508555946129,
              -32.10755166447484
            ],
            [
              115.9158023098178,
              -32.11361034446216
            ],
            [
              115.91583734983993,
              -32.11396835446181
            ],
            [
              115.91588431986027,
              -32.11432536446081
            ],
            [
              115.91591355986975,
              -32.114505794459994
            ],
            [
              115.91555461992091,
              -32.11450002447969
            ],
            [
              115.91539262994391,
              -32.11449599448857
            ],
            [
              115.91517552997348,
              -32.114474204500404
            ],
            [
              115.9149566800014,
              -32.11442723451222
            ],
            [
              115.91473921002691,
              -32.11435145452385
            ],
            [
              115.91452934004909,
              -32.11424587453491
            ],
            [
              115.91434034006629,
              -32.11411437454472
            ],
            [
              115.91425537007291,
              -32.114040574549065
            ],
            [
              115.91029216039156,
              -32.1107292047523
            ],
            [
              115.907706280599,
              -32.10856354488491
            ],
            [
              115.90543142078144,
              -32.10665859500162
            ],
            [
              115.90520223079974,
              -32.10646549501337
            ],
            [
              115.90062973116653,
              -32.102639655248
            ],
            [
              115.90054768117443,
              -32.10258754525229
            ],
            [
              115.90041409118722,
              -32.10250338525927
            ],
            [
              115.90022510120252,
              -32.10234750526898
            ],
            [
              115.90006599121223,
              -32.10217381527697
            ],
            [
              115.89999723121505,
              -32.10208119528034
            ],
            [
              115.89964318122657,
              -32.10156255529754
            ],
            [
              115.89747716129821,
              -32.0984066154028
            ],
            [
              115.89680271132056,
              -32.097424605435585
            ],
            [
              115.89679212132086,
              -32.09740852543611
            ],
            [
              115.89663109132694,
              -32.097183525443974
            ],
            [
              115.89615210134585,
              -32.09652651546744
            ],
            [
              115.89557029139321,
              -32.09604912549735
            ],
            [
              115.8948351014553,
              -32.09547551553529
            ],
            [
              115.89420708150692,
              -32.09496750556763
            ],
            [
              115.8933290815781,
              -32.09424350561276
            ],
            [
              115.89254882164157,
              -32.09360329565288
            ],
            [
              115.8918340717013,
              -32.09303751568975
            ],
            [
              115.89063505180033,
              -32.09207351575151
            ],
            [
              115.8907070317835,
              -32.09198850574715
            ],
            [
              115.89072181153026,
              -32.08868262573178
            ],
            [
              115.89069699149825,
              -32.0882141957311
            ],
            [
              115.89005692153052,
              -32.08742910576287
            ],
            [
              115.88969298154863,
              -32.086979465780935
            ],
            [
              115.88969995154318,
              -32.08692044578029
            ],
            [
              115.88981595150472,
              -32.086633455772635
            ],
            [
              115.88993096147377,
              -32.08644344576546
            ],
            [
              115.89005700144638,
              -32.086321435757995
            ],
            [
              115.89061238133492,
              -32.08590405572558
            ],
            [
              115.89102242124922,
              -32.08555135570145
            ],
            [
              115.89113992120288,
              -32.08516341569326
            ],
            [
              115.89146294108008,
              -32.084157405671064
            ],
            [
              115.89211896083926,
              -32.08222718562642
            ],
            [
              115.89202391081969,
              -32.081789995629734
            ],
            [
              115.89202789081652,
              -32.08175536562937
            ],
            [
              115.88932849102686,
              -32.079421035767695
            ],
            [
              115.88753850116497,
              -32.07785568585937
            ],
            [
              115.88616150127096,
              -32.076648655929894
            ],
            [
              115.88460875138937,
              -32.075272646009346
            ],
            [
              115.88437369140807,
              -32.075074606021424
            ],
            [
              115.88443472139414,
              -32.07500659601776
            ],
            [
              115.88450447137971,
              -32.07494867601366
            ],
            [
              115.88502423126806,
              -32.07446134598288
            ],
            [
              115.88566273112559,
              -32.073792605944774
            ],
            [
              115.88619471100797,
              -32.07324959591309
            ],
            [
              115.88687372085376,
              -32.072502605872394
            ],
            [
              115.88739071073823,
              -32.07195861584153
            ],
            [
              115.88852772048372,
              -32.070756615773604
            ],
            [
              115.88957870025077,
              -32.06967560571097
            ],
            [
              115.8899567001672,
              -32.06928959568846
            ],
            [
              115.88840676028664,
              -32.06793286576782
            ],
            [
              115.88811498031127,
              -32.0677056857829
            ],
            [
              115.8880587003165,
              -32.067668605785826
            ],
            [
              115.88779962034103,
              -32.06750173579936
            ],
            [
              115.88759770036164,
              -32.06739160581
            ],
            [
              115.88754072036748,
              -32.06736060581301
            ],
            [
              115.88745371037602,
              -32.067308595817565
            ],
            [
              115.88734673038665,
              -32.06724660582318
            ],
            [
              115.88675470044964,
              -32.06695759585452
            ],
            [
              115.88649471047879,
              -32.06684961586836
            ]
          ]
        ]
      }
    },
    {
      "id": "2",
      "type": "Feature",
      "properties": {
        "SA3_CODE21": "50301",
        "SA3_NAME21": "Cottesloe - Claremont",
        "AREASQKM21": 48.715199999999996
      },
      "geometry": {
        "type": "Polygon",
        "coordinates": [
          [
            [
              115.75735673550864,
              -32.02119610281494
            ],
            [
              115.75711171554791,
              -32.02125112282881
            ],
            [
              115.75687844558523,
              -32.02130206284202
            ],
            [
              115.75672974560908,
              -32.021335112850416
            ],
            [
              115.75658874563177,
              -32.02136811285841
            ],
            [
              115.75633772567194,
              -32.02142311287262
            ],
            [
              115.75602576572196,
              -32.021493112890276
            ],
            [
              115.75594776573277,
              -32.021488102894594
            ],
            [
              115.75572671576312,
              -32.0214711229068
            ],
            [
              115.75542074580525,
              -32.02144912292374
            ],
            [
              115.75499171586438,
              -32.02141913294746
            ],
            [
              115.75433902595407,
              -32.02136990298357
            ],
            [
              115.75381674602595,
              -32.02133215301246
            ],
            [
              115.75365684605701,
              -32.02143869302183
            ],
            [
              115.75354770607821,
              -32.021511153028214
            ],
            [
              115.75303572614737,
              -32.02145715305645
            ],
            [
              115.75299086615506,
              -32.021473393059026
            ],
            [
              115.7523727362607,
              -32.021697173094395
            ],
            [
              115.75185436633207,
              -32.021659633123086
            ],
            [
              115.75088174646592,
              -32.02158918317689
            ],
            [
              115.75088473644159,
              -32.02127716317536
            ],
            [
              115.75092375640874,
              -32.02092165317162
            ],
            [
              115.75093569637887,
              -32.02055417316934
            ],
            [
              115.75096069634185,
              -32.02011816316604
            ],
            [
              115.75097168631345,
              -32.01976814316389
            ],
            [
              115.75097770628881,
              -32.019458153162184
            ],
            [
              115.75097558626716,
              -32.01917159316105
            ],
            [
              115.75099566624755,
              -32.01895314315896
            ],
            [
              115.75105464621095,
              -32.018586153154075
            ],
            [
              115.75116666615574,
              -32.018075133145594
            ],
            [
              115.75118465612456,
              -32.01770213314296
            ],
            [
              115.7512166760888,
              -32.017295133139385
            ],
            [
              115.75128164604737,
              -32.01687611313393
            ],
            [
              115.75134066601866,
              -32.01661211312948
            ],
            [
              115.75132664599997,
              -32.01634210312908
            ],
            [
              115.75128664598755,
              -32.01610510313026
            ],
            [
              115.75126466598068,
              -32.015974623130916
            ],
            [
              115.75125678596157,
              -32.0157106431302
            ],
            [
              115.75120885594914,
              -32.015458643131744
            ],
            [
              115.75120061592875,
              -32.01517757313097
            ],
            [
              115.75127262589776,
              -32.014907583125776
            ],
            [
              115.75155268580744,
              -32.014252643107326
            ],
            [
              115.75170566575956,
              -32.01391361309731
            ],
            [
              115.7518176457026,
              -32.01337964308874
            ],
            [
              115.75187560565568,
              -32.0128756530833
            ],
            [
              115.75193356560469,
              -32.012318633077626
            ],
            [
              115.75188462557915,
              -32.01189365307848
            ],
            [
              115.75189575552258,
              -32.01117663307471
            ],
            [
              115.75187863552146,
              -32.01113012307545
            ],
            [
              115.75168481550884,
              -32.01060359308392
            ],
            [
              115.75155484549849,
              -32.0102256030895
            ],
            [
              115.75138274546555,
              -32.00947463309578
            ],
            [
              115.75129959542342,
              -32.008769573097304
            ],
            [
              115.75130463540292,
              -32.0085116330959
            ],
            [
              115.75128988537911,
              -32.008173603095216
            ],
            [
              115.75129565535454,
              -32.00786363309355
            ],
            [
              115.75130788533653,
              -32.00765160309194
            ],
            [
              115.75125390533464,
              -32.00752559309438
            ],
            [
              115.75118546533606,
              -32.0074170230977
            ],
            [
              115.75116243533617,
              -32.00737512309882
            ],
            [
              115.7511114453361,
              -32.00727901310122
            ],
            [
              115.75112355532598,
              -32.00716964310008
            ],
            [
              115.75116940530144,
              -32.006935023096496
            ],
            [
              115.7512023952721,
              -32.00661401309324
            ],
            [
              115.75120141525639,
              -32.006407013092385
            ],
            [
              115.75119338523425,
              -32.006103023091484
            ],
            [
              115.75111779521079,
              -32.00565565309374
            ],
            [
              115.75107537519311,
              -32.00534600309473
            ],
            [
              115.75108735516595,
              -32.00501400309261
            ],
            [
              115.75110633513899,
              -32.00469800309016
            ],
            [
              115.75113870511017,
              -32.00438161308697
            ],
            [
              115.75117035508056,
              -32.00405499308377
            ],
            [
              115.75122364506021,
              -32.00388861308007
            ],
            [
              115.75127631504036,
              -32.003727993076424
            ],
            [
              115.75133631501811,
              -32.00355000307232
            ],
            [
              115.75142329499424,
              -32.00340098306682
            ],
            [
              115.75146990497743,
              -32.00326860306364
            ],
            [
              115.75152932495311,
              -32.003061973059424
            ],
            [
              115.75155531493787,
              -32.00291197305733
            ],
            [
              115.75158827491913,
              -32.00272897305467
            ],
            [
              115.75159426491078,
              -32.00263098305392
            ],
            [
              115.7515732749033,
              -32.002493983054485
            ],
            [
              115.75155925488897,
              -32.00228097305433
            ],
            [
              115.75157867486648,
              -32.002024103052115
            ],
            [
              115.75159126485192,
              -32.001856973050685
            ],
            [
              115.75160382483243,
              -32.00162663304899
            ],
            [
              115.75160225481032,
              -32.001334963047775
            ],
            [
              115.75157426479895,
              -32.001133963048446
            ],
            [
              115.75148523479012,
              -32.00085296305217
            ],
            [
              115.75143019476903,
              -32.000474973053564
            ],
            [
              115.75144822473436,
              -32.000055963050734
            ],
            [
              115.75144421466634,
              -31.999160973047022
            ],
            [
              115.75145819464709,
              -31.99893593304525
            ],
            [
              115.75146319463992,
              -31.99885194304461
            ],
            [
              115.75135416462916,
              -31.99850794304916
            ],
            [
              115.75115819464934,
              -31.998404953059623
            ],
            [
              115.75104975465123,
              -31.99822761306486
            ],
            [
              115.75090116465498,
              -31.997998953072138
            ],
            [
              115.75084714465696,
              -31.997923953074814
            ],
            [
              115.7507521746596,
              -31.997780943079462
            ],
            [
              115.75069114465558,
              -31.99761494308212
            ],
            [
              115.75062172464928,
              -31.99740265308506
            ],
            [
              115.75056817465081,
              -31.99732294308769
            ],
            [
              115.75052116465142,
              -31.99724294308995
            ],
            [
              115.7504131546625,
              -31.997185953095716
            ],
            [
              115.7503051546757,
              -31.997156943101594
            ],
            [
              115.75019113468814,
              -31.99710593310772
            ],
            [
              115.75000757470102,
              -31.99693161311717
            ],
            [
              115.75018915466819,
              -31.996841943106666
            ],
            [
              115.75039717462606,
              -31.996680913094384
            ],
            [
              115.7507971345425,
              -31.996336923070608
            ],
            [
              115.75083714453118,
              -31.996263923068067
            ],
            [
              115.75088411451718,
              -31.996168933065036
            ],
            [
              115.75093912450026,
              -31.996050903061455
            ],
            [
              115.75097164448694,
              -31.995937643059147
            ],
            [
              115.75099412446909,
              -31.995746903057064
            ],
            [
              115.75100259445314,
              -31.995554603055734
            ],
            [
              115.75100369443875,
              -31.995368653054857
            ],
            [
              115.75098909441122,
              -31.994981893053975
            ],
            [
              115.75098909440929,
              -31.994956883053856
            ],
            [
              115.75096409439556,
              -31.994730883054256
            ],
            [
              115.7509460943821,
              -31.99452189305434
            ],
            [
              115.75093609436193,
              -31.994239893053656
            ],
            [
              115.75091762434725,
              -31.9940136230537
            ],
            [
              115.75088105432957,
              -31.9937148630544
            ],
            [
              115.7508636443139,
              -31.99347758305434
            ],
            [
              115.75085904430117,
              -31.993302873053825
            ],
            [
              115.75091306428263,
              -31.993161863050204
            ],
            [
              115.75099405426114,
              -31.993032863045126
            ],
            [
              115.7510060242511,
              -31.99292386304397
            ],
            [
              115.75100803424927,
              -31.992903863043786
            ],
            [
              115.75098387423883,
              -31.992722653044332
            ],
            [
              115.7509660242241,
              -31.99249684304433
            ],
            [
              115.75098102420388,
              -31.992260863042457
            ],
            [
              115.7510100041798,
              -31.992000863039706
            ],
            [
              115.75102603415897,
              -31.991758843037747
            ],
            [
              115.75104698414088,
              -31.9915618330357
            ],
            [
              115.75108198412201,
              -31.991380833032977
            ],
            [
              115.75114998409933,
              -31.991211833028448
            ],
            [
              115.75126499406358,
              -31.990959833020934
            ],
            [
              115.75130598404905,
              -31.990846833018168
            ],
            [
              115.75134799402235,
              -31.99057682301463
            ],
            [
              115.75135599401256,
              -31.990463803013693
            ],
            [
              115.75136997400189,
              -31.990350813012405
            ],
            [
              115.75137095399877,
              -31.990311813012195
            ],
            [
              115.7513989539818,
              -31.990142813009886
            ],
            [
              115.75142497397371,
              -31.990085813008186
            ],
            [
              115.7514789539618,
              -31.99003081300494
            ],
            [
              115.75150896395733,
              -31.99002881300327
            ],
            [
              115.75168397391914,
              -31.98985680299277
            ],
            [
              115.75183895388206,
              -31.989661792983295
            ],
            [
              115.75190597385536,
              -31.989438792978582
            ],
            [
              115.75193298383397,
              -31.98920980297607
            ],
            [
              115.75197393380924,
              -31.988963772972703
            ],
            [
              115.75212895377251,
              -31.98877377296325
            ],
            [
              115.75224991373946,
              -31.988567782955617
            ],
            [
              115.75228991371667,
              -31.988344782952407
            ],
            [
              115.752384923668,
              -31.9878867529451
            ],
            [
              115.75240489364712,
              -31.98765175294296
            ],
            [
              115.75239886362822,
              -31.98739375294216
            ],
            [
              115.7523648836155,
              -31.98716475294304
            ],
            [
              115.75232488360417,
              -31.986941762944294
            ],
            [
              115.75229090359139,
              -31.98671174294516
            ],
            [
              115.75227089358025,
              -31.98652874294547
            ],
            [
              115.75226491357628,
              -31.986465732945526
            ],
            [
              115.7522648735578,
              -31.98622473294447
            ],
            [
              115.75227885353613,
              -31.98596773294257
            ],
            [
              115.75227188351826,
              -31.98572174294187
            ],
            [
              115.75224586348601,
              -31.985251742941248
            ],
            [
              115.7522058534549,
              -31.98477074294136
            ],
            [
              115.75221187343554,
              -31.98452974293997
            ],
            [
              115.75219884341857,
              -31.984283732939605
            ],
            [
              115.75216585340436,
              -31.98403672294036
            ],
            [
              115.75223286337734,
              -31.983808732935636
            ],
            [
              115.75242788333627,
              -31.983636712924017
            ],
            [
              115.75255589330254,
              -31.983435732916025
            ],
            [
              115.75260987327776,
              -31.98321271291203
            ],
            [
              115.7526708332309,
              -31.98271473290645
            ],
            [
              115.75272485320296,
              -31.98245071290228
            ],
            [
              115.75281683315288,
              -31.98196870289504
            ],
            [
              115.75281880315181,
              -31.98195858289489
            ],
            [
              115.75284686312851,
              -31.981706572892215
            ],
            [
              115.75291384307988,
              -31.981196642886246
            ],
            [
              115.75290662306159,
              -31.980944632885542
            ],
            [
              115.75288683304514,
              -31.98069262288553
            ],
            [
              115.75298870301435,
              -31.980480592878926
            ],
            [
              115.75315682297665,
              -31.980302572868794
            ],
            [
              115.7532637329456,
              -31.980096642861945
            ],
            [
              115.75333863291826,
              -31.979879572856817
            ],
            [
              115.7534667828648,
              -31.97942065284767
            ],
            [
              115.75356077281238,
              -31.978911632840195
            ],
            [
              115.75356759279339,
              -31.97867662283879
            ],
            [
              115.75356077277414,
              -31.978412572838007
            ],
            [
              115.75356759275388,
              -31.97816066283652
            ],
            [
              115.75358165273342,
              -31.97791964283467
            ],
            [
              115.75360866271033,
              -31.977668632832074
            ],
            [
              115.75368388265922,
              -31.977141582825567
            ],
            [
              115.75373068263536,
              -31.97691759282197
            ],
            [
              115.75379079260749,
              -31.976665582817525
            ],
            [
              115.7539258025509,
              -31.97617859280785
            ],
            [
              115.7539798225261,
              -31.975955572803876
            ],
            [
              115.75400680250378,
              -31.97571464280132
            ],
            [
              115.75402658248306,
              -31.975480642799194
            ],
            [
              115.75406764245919,
              -31.97524565279587
            ],
            [
              115.75418860240542,
              -31.974769642787045
            ],
            [
              115.75421558238361,
              -31.974534662784517
            ],
            [
              115.75425664232336,
              -31.973824642779103
            ],
            [
              115.7542638323043,
              -31.973589572777666
            ],
            [
              115.75426383226443,
              -31.973068642775385
            ],
            [
              115.75428471224392,
              -31.9728395927732
            ],
            [
              115.75429153222494,
              -31.972604612771796
            ],
            [
              115.75429153218812,
              -31.97212364276968
            ],
            [
              115.75426562215499,
              -31.971642592769008
            ],
            [
              115.75423861214132,
              -31.971413632769494
            ],
            [
              115.75424584212098,
              -31.971161632767988
            ],
            [
              115.7542656220984,
              -31.97090361276576
            ],
            [
              115.75427285207805,
              -31.97065160276424
            ],
            [
              115.75425989206016,
              -31.97039365276383
            ],
            [
              115.75421956204664,
              -31.970141572764966
            ],
            [
              115.75419255203293,
              -31.96991262276546
            ],
            [
              115.75420660201164,
              -31.969660612763565
            ],
            [
              115.75424657198666,
              -31.969408602760232
            ],
            [
              115.75427358196525,
              -31.969179652757724
            ],
            [
              115.75428876195379,
              -31.96905823275635
            ],
            [
              115.75430767194239,
              -31.9689446027548
            ],
            [
              115.75432066192262,
              -31.968710622753044
            ],
            [
              115.754348661901,
              -31.96848061275048
            ],
            [
              115.75437465187623,
              -31.96820560274782
            ],
            [
              115.75438165185685,
              -31.96796558274637
            ],
            [
              115.75440965181687,
              -31.967495592742747
            ],
            [
              115.75441666179444,
              -31.96721559274113
            ],
            [
              115.75440264177668,
              -31.966957592740766
            ],
            [
              115.75440366173878,
              -31.966464592738543
            ],
            [
              115.75439063172226,
              -31.966224592738218
            ],
            [
              115.75434472171852,
              -31.966089612740166
            ],
            [
              115.75434964171014,
              -31.965989602739462
            ],
            [
              115.75429664170015,
              -31.9657605727414
            ],
            [
              115.75426964168511,
              -31.965513582741817
            ],
            [
              115.75425664166862,
              -31.96527358274149
            ],
            [
              115.75428365162793,
              -31.964792582737864
            ],
            [
              115.75429062160849,
              -31.964551582736416
            ],
            [
              115.75431763158618,
              -31.964310582733848
            ],
            [
              115.75433763156494,
              -31.96407058273169
            ],
            [
              115.75437859154023,
              -31.96382454272832
            ],
            [
              115.7543916215204,
              -31.96358956272656
            ],
            [
              115.75436559148814,
              -31.963119552725942
            ],
            [
              115.75435859146985,
              -31.962867562725226
            ],
            [
              115.75436559144954,
              -31.962615552723726
            ],
            [
              115.75436658140904,
              -31.962088562721355
            ],
            [
              115.75435961139252,
              -31.961859552720735
            ],
            [
              115.75435961137407,
              -31.961618532719687
            ],
            [
              115.75434658135708,
              -31.961372542719317
            ],
            [
              115.75433957133963,
              -31.961131542718647
            ],
            [
              115.75431957132457,
              -31.960897532718732
            ],
            [
              115.75430657130892,
              -31.960668542718444
            ],
            [
              115.75430657127248,
              -31.960192532716352
            ],
            [
              115.75430059125357,
              -31.959934532715547
            ],
            [
              115.75428058123676,
              -31.959677512715526
            ],
            [
              115.75426759121886,
              -31.95941951271512
            ],
            [
              115.75427456119988,
              -31.95918452271369
            ],
            [
              115.75430157117803,
              -31.95894952271117
            ],
            [
              115.7543145311578,
              -31.958709522709384
            ],
            [
              115.75433453113565,
              -31.958457512707174
            ],
            [
              115.75434154111714,
              -31.95822852270577
            ],
            [
              115.75433555109905,
              -31.957981522704998
            ],
            [
              115.75433555107801,
              -31.9577065027038
            ],
            [
              115.7543225210413,
              -31.9572025127023
            ],
            [
              115.75429555102679,
              -31.95696251270275
            ],
            [
              115.75422854100037,
              -31.956492492704403
            ],
            [
              115.75418853098726,
              -31.956246502705547
            ],
            [
              115.75416853097036,
              -31.955988502705534
            ],
            [
              115.754195500949,
              -31.95575951270301
            ],
            [
              115.75424354092412,
              -31.955524482699317
            ],
            [
              115.7542835009009,
              -31.95529547269608
            ],
            [
              115.75429752088091,
              -31.955060482694265
            ],
            [
              115.75430486086233,
              -31.95483158269285
            ],
            [
              115.75429752084409,
              -31.954579482692154
            ],
            [
              115.75427752082766,
              -31.95432748269215
            ],
            [
              115.75425153079324,
              -31.953829482691408
            ],
            [
              115.75419751078343,
              -31.95360046269341
            ],
            [
              115.75415046077207,
              -31.95336446269499
            ],
            [
              115.75414448075412,
              -31.95311846269424
            ],
            [
              115.75413046073858,
              -31.952889452694013
            ],
            [
              115.75411046072347,
              -31.95265447269409
            ],
            [
              115.75407746071063,
              -31.952425452694918
            ],
            [
              115.75405045069651,
              -31.952190472695392
            ],
            [
              115.75401045068516,
              -31.951967472696627
            ],
            [
              115.75399045067047,
              -31.95173846269673
            ],
            [
              115.75397749065478,
              -31.951509462696457
            ],
            [
              115.75396847064789,
              -31.951402442696477
            ],
            [
              115.75395749063875,
              -31.95126243269647
            ],
            [
              115.75393745058419,
              -31.950512442694276
            ],
            [
              115.75395172056417,
              -31.95027759269246
            ],
            [
              115.75395146054669,
              -31.95004845269147
            ],
            [
              115.75395844052639,
              -31.949796442689966
            ],
            [
              115.7539718705052,
              -31.949544622688105
            ],
            [
              115.75395844048782,
              -31.94929242268775
            ],
            [
              115.75395245047115,
              -31.949063432687076
            ],
            [
              115.75393154045524,
              -31.94881660268716
            ],
            [
              115.75401344040503,
              -31.948313422680393
            ],
            [
              115.75404041036472,
              -31.94783740267679
            ],
            [
              115.75406743034208,
              -31.94759140267421
            ],
            [
              115.75410743031789,
              -31.947350412670918
            ],
            [
              115.75414178029419,
              -31.94710463266792
            ],
            [
              115.754195430251,
              -31.94664039266289
            ],
            [
              115.75420240023202,
              -31.946405392661465
            ],
            [
              115.75420339019635,
              -31.94594139265937
            ],
            [
              115.75414937018702,
              -31.945718392661387
            ],
            [
              115.75410236017666,
              -31.945495392663027
            ],
            [
              115.75406235016438,
              -31.94526037266422
            ],
            [
              115.75398139015878,
              -31.94503637266773
            ],
            [
              115.75402837013502,
              -31.94481337266414
            ],
            [
              115.75406235011265,
              -31.944584362661235
            ],
            [
              115.7541033800708,
              -31.944114372656895
            ],
            [
              115.75411039005182,
              -31.943879342655467
            ],
            [
              115.75412334003208,
              -31.94364535265372
            ],
            [
              115.75413735999408,
              -31.943175342650864
            ],
            [
              115.75413735997566,
              -31.942934342649803
            ],
            [
              115.7541243599587,
              -31.942688352649448
            ],
            [
              115.75411833994063,
              -31.9424413426487
            ],
            [
              115.75411833990384,
              -31.94196034264658
            ],
            [
              115.75409136988978,
              -31.941726332647054
            ],
            [
              115.75403164988117,
              -31.941502572649394
            ],
            [
              115.75398430987038,
              -31.94127334265101
            ],
            [
              115.75396430985526,
              -31.94103832265108
            ],
            [
              115.75395131983959,
              -31.940809302650806
            ],
            [
              115.75395131982205,
              -31.940580312649793
            ],
            [
              115.75391831980927,
              -31.940351322650617
            ],
            [
              115.75387130979881,
              -31.94012732265226
            ],
            [
              115.75384433978337,
              -31.939875312652646
            ],
            [
              115.7538443397637,
              -31.939618292651513
            ],
            [
              115.75382432974811,
              -31.939377292651567
            ],
            [
              115.75379129973533,
              -31.93914830265239
            ],
            [
              115.75378527971925,
              -31.938927302651752
            ],
            [
              115.75416728966664,
              -31.938952292630606
            ],
            [
              115.7544838196023,
              -31.9387016026119
            ],
            [
              115.7545913095707,
              -31.93848928260497
            ],
            [
              115.75463130954793,
              -31.93826628260176
            ],
            [
              115.75460583953364,
              -31.938031642602155
            ],
            [
              115.75459130951813,
              -31.937802282601954
            ],
            [
              115.75453826950817,
              -31.9375732726039
            ],
            [
              115.75459228947201,
              -31.93720125259926
            ],
            [
              115.75459225945443,
              -31.936971262598234
            ],
            [
              115.75455867944083,
              -31.936731592599052
            ],
            [
              115.75453823942492,
              -31.936485262599106
            ],
            [
              115.75447224939747,
              -31.936003252600653
            ],
            [
              115.75445822938195,
              -31.935774232600433
            ],
            [
              115.75447224936202,
              -31.935540252598617
            ],
            [
              115.75447224934277,
              -31.93528824259751
            ],
            [
              115.75449322932131,
              -31.935047242595267
            ],
            [
              115.75452020928107,
              -31.93457123259168
            ],
            [
              115.75466820925992,
              -31.934571232583444
            ],
            [
              115.75466820921524,
              -31.933987232580872
            ],
            [
              115.75464820919971,
              -31.93374723258093
            ],
            [
              115.75463521918314,
              -31.933506232580587
            ],
            [
              115.75460820916904,
              -31.933271222581055
            ],
            [
              115.75460119915252,
              -31.93304223258043
            ],
            [
              115.7546891991229,
              -31.93281923257457
            ],
            [
              115.75464919911144,
              -31.932595212575798
            ],
            [
              115.75466919908754,
              -31.93232023257349
            ],
            [
              115.75466320907003,
              -31.932080212572764
            ],
            [
              115.75463619905592,
              -31.93184520257323
            ],
            [
              115.75462320903897,
              -31.931599212572866
            ],
            [
              115.75463017902,
              -31.931364202571448
            ],
            [
              115.75463017898448,
              -31.930900212569398
            ],
            [
              115.75465017892601,
              -31.930173212565077
            ],
            [
              115.7546371488919,
              -31.92970318256373
            ],
            [
              115.75464415887166,
              -31.92945117256225
            ],
            [
              115.7546311688546,
              -31.92920418256187
            ],
            [
              115.75461116883825,
              -31.92895319256189
            ],
            [
              115.75460513881934,
              -31.928695192561076
            ],
            [
              115.75460513880047,
              -31.928448182559983
            ],
            [
              115.7545907287815,
              -31.92817358255958
            ],
            [
              115.75456480876768,
              -31.927944632560017
            ],
            [
              115.75455115874819,
              -31.927664172559542
            ],
            [
              115.75454462873073,
              -31.92742361255884
            ],
            [
              115.75454513871179,
              -31.927177172557737
            ],
            [
              115.75453812869257,
              -31.926913162556954
            ],
            [
              115.75453914867445,
              -31.926678172555874
            ],
            [
              115.75454571865474,
              -31.92643262255441
            ],
            [
              115.75453213863736,
              -31.92618017255407
            ],
            [
              115.75452556861777,
              -31.925911612553243
            ],
            [
              115.75451312860068,
              -31.92566517255286
            ],
            [
              115.75449311858333,
              -31.925401152552805
            ],
            [
              115.75451914856036,
              -31.92514915255025
            ],
            [
              115.75461408850953,
              -31.924662152542812
            ],
            [
              115.7546677384831,
              -31.924416622538757
            ],
            [
              115.75470208845806,
              -31.924153142535683
            ],
            [
              115.75472208843547,
              -31.923895142533436
            ],
            [
              115.75473610841593,
              -31.923666152531652
            ],
            [
              115.75473610839704,
              -31.923419122530564
            ],
            [
              115.75470310838246,
              -31.923167132531272
            ],
            [
              115.75467609836795,
              -31.922927132531726
            ],
            [
              115.75465605835238,
              -31.922686132531783
            ],
            [
              115.75467605833157,
              -31.922451132529638
            ],
            [
              115.75472967828715,
              -31.921970612524536
            ],
            [
              115.75475004826625,
              -31.921735122522367
            ],
            [
              115.75479106824335,
              -31.9215121225191
            ],
            [
              115.75481804822104,
              -31.921271102516535
            ],
            [
              115.75483764819907,
              -31.92102065251434
            ],
            [
              115.75486465817683,
              -31.92077963251179
            ],
            [
              115.75489888815304,
              -31.920532582508784
            ],
            [
              115.75492600812946,
              -31.920275102506146
            ],
            [
              115.7549530180888,
              -31.91979410250252
            ],
            [
              115.75497400806609,
              -31.91953612250021
            ],
            [
              115.7550010180237,
              -31.919032092496497
            ],
            [
              115.75500101800525,
              -31.918791092495436
            ],
            [
              115.75501499798443,
              -31.918545092493567
            ],
            [
              115.75502799794577,
              -31.918064092490738
            ],
            [
              115.75502196792783,
              -31.917818102489974
            ],
            [
              115.7550019679105,
              -31.917554082489936
            ],
            [
              115.75497484789636,
              -31.917318602490397
            ],
            [
              115.7549619678799,
              -31.91707908249006
            ],
            [
              115.75496196785885,
              -31.91680407248886
            ],
            [
              115.75495601783996,
              -31.916546072488046
            ],
            [
              115.754955977822,
              -31.91631107248701
            ],
            [
              115.75496298780217,
              -31.916065072485548
            ],
            [
              115.75493597773284,
              -31.91510805248283
            ],
            [
              115.75492298771589,
              -31.914862062482467
            ],
            [
              115.75490991768093,
              -31.91438106248108
            ],
            [
              115.75491093762557,
              -31.913659062477837
            ],
            [
              115.75489790759148,
              -31.913189052476493
            ],
            [
              115.75489790757314,
              -31.912949042475436
            ],
            [
              115.75491093755151,
              -31.912691042473565
            ],
            [
              115.7549319275293,
              -31.912439042471288
            ],
            [
              115.75495889748865,
              -31.91195804246767
            ],
            [
              115.75497889746782,
              -31.91172303246553
            ],
            [
              115.7549858674493,
              -31.911494042464124
            ],
            [
              115.75501287740951,
              -31.911024012460565
            ],
            [
              115.75501988739015,
              -31.91078401245911
            ],
            [
              115.75503988736934,
              -31.910549022456962
            ],
            [
              115.7550468973499,
              -31.910308022455506
            ],
            [
              115.75506087732994,
              -31.910073022453705
            ],
            [
              115.75505386731353,
              -31.90984502245308
            ],
            [
              115.75506770727594,
              -31.90937960245027
            ],
            [
              115.7550689072193,
              -31.908641012446935
            ],
            [
              115.75505591718519,
              -31.90817098244559
            ],
            [
              115.75820925673554,
              -31.908169092270136
            ],
            [
              115.75843555670329,
              -31.908168942257557
            ],
            [
              115.75852348669068,
              -31.908168292252647
            ],
            [
              115.75875142665811,
              -31.908166632239965
            ],
            [
              115.75948704655279,
              -31.908161262199016
            ],
            [
              115.75963575653222,
              -31.90816901219078
            ],
            [
              115.76004002647446,
              -31.908167572168285
            ],
            [
              115.76210534618002,
              -31.908166942053416
            ],
            [
              115.7626359061049,
              -31.908173902023936
            ],
            [
              115.76312208603612,
              -31.90818036199694
            ],
            [
              115.76443670585004,
              -31.90819782192391
            ],
            [
              115.76443889583996,
              -31.908069891923216
            ],
            [
              115.76454423582535,
              -31.90807531191739
            ],
            [
              115.76495252576662,
              -31.908068321894653
            ],
            [
              115.76616041559484,
              -31.908073501827513
            ],
            [
              115.76616154580027,
              -31.910764071839314
            ],
            [
              115.76616497580888,
              -31.91088348183965
            ],
            [
              115.76603511582863,
              -31.910899241846934
            ],
            [
              115.76604230582836,
              -31.910909701846577
            ],
            [
              115.76606102583219,
              -31.91099430184591
            ],
            [
              115.76605814587076,
              -31.91149406184828
            ],
            [
              115.76607183590367,
              -31.911950081849525
            ],
            [
              115.76605456595958,
              -31.912649211853577
            ],
            [
              115.76605361600195,
              -31.91320211185606
            ],
            [
              115.76605288601736,
              -31.913402461856982
            ],
            [
              115.76605277602538,
              -31.913507101857434
            ],
            [
              115.76604701609517,
              -31.914410061861744
            ],
            [
              115.76604880612733,
              -31.914834051863508
            ],
            [
              115.76605201619878,
              -31.91577499186748
            ],
            [
              115.76604500625143,
              -31.91645074187085
            ],
            [
              115.76603584631829,
              -31.91730842187513
            ],
            [
              115.76603598632562,
              -31.917404971875555
            ],
            [
              115.76604653633098,
              -31.91749436187537
            ],
            [
              115.76604828633175,
              -31.91750767187532
            ],
            [
              115.76606000633689,
              -31.917596981875064
            ],
            [
              115.76605745638416,
              -31.918210671877908
            ],
            [
              115.76605456641418,
              -31.918598191879774
            ],
            [
              115.76605201644036,
              -31.918935981881408
            ],
            [
              115.76606212644901,
              -31.919068221881428
            ],
            [
              115.76606573645213,
              -31.91911561188143
            ],
            [
              115.76606869645913,
              -31.919212851881692
            ],
            [
              115.76607146646573,
              -31.919304161881954
            ],
            [
              115.76605058655143,
              -31.920386511887884
            ],
            [
              115.76605131656069,
              -31.92050918188838
            ],
            [
              115.76604303661719,
              -31.921233011892024
            ],
            [
              115.76606606665605,
              -31.921784031893175
            ],
            [
              115.76676803655714,
              -31.92180002185422
            ],
            [
              115.76681902654994,
              -31.921801021851394
            ],
            [
              115.76862102629269,
              -31.921798021751204
            ],
            [
              115.77004912608848,
              -31.921791141671797
            ],
            [
              115.77126950591476,
              -31.921795731603996
            ],
            [
              115.77127662592602,
              -31.921956601604307
            ],
            [
              115.77129479596246,
              -31.922467501605542
            ],
            [
              115.77135261597421,
              -31.922729381603485
            ],
            [
              115.77126464598784,
              -31.92274298160844
            ],
            [
              115.77127271608788,
              -31.924067621613823
            ],
            [
              115.77127271610001,
              -31.924226611614525
            ],
            [
              115.77129374609909,
              -31.92425362161348
            ],
            [
              115.77163669608264,
              -31.924678781596292
            ],
            [
              115.7717282360657,
              -31.924627871590985
            ],
            [
              115.77225770604143,
              -31.925298611564518
            ],
            [
              115.7724567060381,
              -31.925626611554897
            ],
            [
              115.77248068603758,
              -31.925664611553724
            ],
            [
              115.77258270605397,
              -31.926069611549856
            ],
            [
              115.77257372608618,
              -31.92647462155213
            ],
            [
              115.77244173613443,
              -31.92685962156116
            ],
            [
              115.771997316265,
              -31.927739021589733
            ],
            [
              115.771917346289,
              -31.927903481594903
            ],
            [
              115.77238198623608,
              -31.928078961569852
            ],
            [
              115.77248010622492,
              -31.928116011564565
            ],
            [
              115.77467338597245,
              -31.928906831446177
            ],
            [
              115.7746279759919,
              -31.929076641449456
            ],
            [
              115.77456811601469,
              -31.929263081453602
            ],
            [
              115.77635585580909,
              -31.929910811357143
            ],
            [
              115.7774227156838,
              -31.93026362129942
            ],
            [
              115.77858910554622,
              -31.9306409812363
            ],
            [
              115.77907857548513,
              -31.930755761209614
            ],
            [
              115.77939710542947,
              -31.930621981191354
            ],
            [
              115.78048261529163,
              -31.930845521132035
            ],
            [
              115.78235316505413,
              -31.931230251029852
            ],
            [
              115.78304725496598,
              -31.93137318099195
            ],
            [
              115.78468781475814,
              -31.931717240902376
            ],
            [
              115.78493258472687,
              -31.931764670889
            ],
            [
              115.78641685454095,
              -31.9321040608081
            ],
            [
              115.78770242438245,
              -31.932430770738176
            ],
            [
              115.78799942434813,
              -31.932536510722162
            ],
            [
              115.7883025543135,
              -31.93264964070584
            ],
            [
              115.78847571429355,
              -31.93271184069649
            ],
            [
              115.78855028428588,
              -31.932750960692527
            ],
            [
              115.7888166942571,
              -31.932871600678276
            ],
            [
              115.78894681424437,
              -31.93294825067139
            ],
            [
              115.78894627419183,
              -31.932258860668373
            ],
            [
              115.78894068418386,
              -31.932143610668184
            ],
            [
              115.7889217041599,
              -31.931794610667712
            ],
            [
              115.7889217041057,
              -31.93108443066457
            ],
            [
              115.78892170402469,
              -31.930022600659893
            ],
            [
              115.78892787396677,
              -31.929274940656256
            ],
            [
              115.78894174384396,
              -31.927691710648503
            ],
            [
              115.78890320384423,
              -31.927623300650342
            ],
            [
              115.78889907383143,
              -31.927447680649788
            ],
            [
              115.78912935379888,
              -31.927452030637035
            ],
            [
              115.78932963377281,
              -31.927484720626065
            ],
            [
              115.78970262372056,
              -31.927497040605427
            ],
            [
              115.79023797364371,
              -31.92749117057568
            ],
            [
              115.79052694360153,
              -31.927478520559593
            ],
            [
              115.79230288334722,
              -31.92746644046099
            ],
            [
              115.79239566333399,
              -31.92746649045585
            ],
            [
              115.7924842133214,
              -31.927467250450935
            ],
            [
              115.79293251325727,
              -31.927464830426036
            ],
            [
              115.79365718315367,
              -31.927462390385823
            ],
            [
              115.79442265304414,
              -31.927458080343353
            ],
            [
              115.79554988288349,
              -31.927460000280817
            ],
            [
              115.79617900279253,
              -31.92744422024585
            ],
            [
              115.79628518277606,
              -31.927427220239895
            ],
            [
              115.79650732273814,
              -31.9273453902272
            ],
            [
              115.79656670273471,
              -31.927411830224205
            ],
            [
              115.79671704272678,
              -31.927588850216637
            ],
            [
              115.7970602927047,
              -31.927941560199155
            ],
            [
              115.79731864268639,
              -31.928184790185902
            ],
            [
              115.79743394267821,
              -31.928293240179993
            ],
            [
              115.79783405264973,
              -31.928668850159447
            ],
            [
              115.79818383262501,
              -31.928998520141505
            ],
            [
              115.79908925256215,
              -31.929868740095124
            ],
            [
              115.7994271025363,
              -31.93016185007769
            ],
            [
              115.79956623252615,
              -31.93028911007052
            ],
            [
              115.79994317250194,
              -31.930676930051337
            ],
            [
              115.80019973248535,
              -31.930939630038267
            ],
            [
              115.80182051238056,
              -31.932598649955718
            ],
            [
              115.80201513235767,
              -31.9326625899452
            ],
            [
              115.80209557234882,
              -31.932697369940893
            ],
            [
              115.8021745223379,
              -31.932701699936537
            ],
            [
              115.8027627922564,
              -31.93273395990406
            ],
            [
              115.80403811208026,
              -31.93281086983371
            ],
            [
              115.80413213205973,
              -31.932717399828068
            ],
            [
              115.80413173210069,
              -31.933254159830458
            ],
            [
              115.80413067211262,
              -31.93340843983121
            ],
            [
              115.80412673218153,
              -31.934305089835377
            ],
            [
              115.80413892225641,
              -31.935310219839142
            ],
            [
              115.80415731235733,
              -31.936668949844105
            ],
            [
              115.8041568424099,
              -31.93735723984716
            ],
            [
              115.80415757257666,
              -31.939546029856775
            ],
            [
              115.80410833259552,
              -31.93970131986019
            ],
            [
              115.80411012260002,
              -31.939763439860364
            ],
            [
              115.80413790267386,
              -31.94078410986333
            ],
            [
              115.80414724276103,
              -31.941945199867916
            ],
            [
              115.80415585284585,
              -31.94307388987242
            ],
            [
              115.80414147293718,
              -31.944244609878382
            ],
            [
              115.80415297301595,
              -31.945299239882406
            ],
            [
              115.80415947305225,
              -31.945787399884185
            ],
            [
              115.80415228309467,
              -31.946330349886978
            ],
            [
              115.8041460331366,
              -31.946868609889684
            ],
            [
              115.80405453314994,
              -31.946872269894794
            ],
            [
              115.80405391315136,
              -31.94688986989489
            ],
            [
              115.80405205315296,
              -31.94690739989508
            ],
            [
              115.80404898315477,
              -31.946924789895327
            ],
            [
              115.80404471315666,
              -31.946941999895646
            ],
            [
              115.80403916315875,
              -31.94695895989602
            ],
            [
              115.80403245316099,
              -31.946975599896454
            ],
            [
              115.80402456316334,
              -31.946991869896966
            ],
            [
              115.80401558316582,
              -31.94700768989754
            ],
            [
              115.80400547316843,
              -31.947023049898164
            ],
            [
              115.80399427317118,
              -31.947037829898857
            ],
            [
              115.80398204317402,
              -31.947052019899598
            ],
            [
              115.8039688631769,
              -31.947065539900386
            ],
            [
              115.80395470317991,
              -31.947078379901228
            ],
            [
              115.8036056932525,
              -31.94737661992189
            ],
            [
              115.80358536325664,
              -31.947392959923086
            ],
            [
              115.80356397326086,
              -31.947408199924354
            ],
            [
              115.80354149326516,
              -31.947422329925647
            ],
            [
              115.80351805326947,
              -31.94743527992701
            ],
            [
              115.80349374327385,
              -31.94744698992841
            ],
            [
              115.80346867327823,
              -31.947457429929838
            ],
            [
              115.80344286328261,
              -31.94746656993132
            ],
            [
              115.80341651328695,
              -31.947474359932805
            ],
            [
              115.80338957329128,
              -31.947480769934334
            ],
            [
              115.80336234329555,
              -31.947485789935865
            ],
            [
              115.80333471329979,
              -31.94748939993741
            ],
            [
              115.80330690330393,
              -31.94749157993897
            ],
            [
              115.80327901330799,
              -31.947492319940523
            ],
            [
              115.8015592835536,
              -31.94749360003586
            ],
            [
              115.80140452357566,
              -31.947492930044433
            ],
            [
              115.80121866360228,
              -31.947493840054744
            ],
            [
              115.79904279391309,
              -31.94749537017541
            ],
            [
              115.79825541402558,
              -31.947495890219077
            ],
            [
              115.79807984405097,
              -31.947500610228833
            ],
            [
              115.79778785409262,
              -31.947500030245017
            ],
            [
              115.7974047441474,
              -31.947500610266268
            ],
            [
              115.79622316431607,
              -31.94750031033181
            ],
            [
              115.79548583442143,
              -31.94750116037272
            ],
            [
              115.7953155944458,
              -31.947501940382168
            ],
            [
              115.79491223450331,
              -31.947501140404533
            ],
            [
              115.79211801490233,
              -31.947501010559556
            ],
            [
              115.7917857149499,
              -31.947502810578005
            ],
            [
              115.79178374497003,
              -31.94776297057926
            ],
            [
              115.79178374500586,
              -31.948232360581326
            ],
            [
              115.79178411505599,
              -31.948889770584202
            ],
            [
              115.79174523509727,
              -31.949357600588414
            ],
            [
              115.79155470521133,
              -31.950495610604
            ],
            [
              115.79145075526543,
              -31.95101019061204
            ],
            [
              115.79140538528938,
              -31.95123886061556
            ],
            [
              115.79127219536902,
              -31.952033290626456
            ],
            [
              115.79107633547665,
              -31.95307693064192
            ],
            [
              115.79109068550221,
              -31.95343855064273
            ],
            [
              115.79104684555496,
              -31.954047310647823
            ],
            [
              115.79105681563529,
              -31.955118310652
            ],
            [
              115.79106049566516,
              -31.955517030653557
            ],
            [
              115.79107312574325,
              -31.956563530657466
            ],
            [
              115.79108677576748,
              -31.95690643065821
            ],
            [
              115.79114116578118,
              -31.95718750065643
            ],
            [
              115.79241556559751,
              -31.95716626058563
            ],
            [
              115.79529665518409,
              -31.957141600425686
            ],
            [
              115.79574735511994,
              -31.957144840400705
            ],
            [
              115.79672978498137,
              -31.957167890346312
            ],
            [
              115.79699152494491,
              -31.957180140331857
            ],
            [
              115.79767083485018,
              -31.957210110294316
            ],
            [
              115.79830658476085,
              -31.957229810259136
            ],
            [
              115.79840393474707,
              -31.95723151025374
            ],
            [
              115.79838630475508,
              -31.957303200255037
            ],
            [
              115.79776321493716,
              -31.958523130294974
            ],
            [
              115.79598975545697,
              -31.96201456040871
            ],
            [
              115.80058123492928,
              -31.9636966001615
            ],
            [
              115.8014510948296,
              -31.96401915011469
            ],
            [
              115.80154672481865,
              -31.964054610109542
            ],
            [
              115.8018366847851,
              -31.964158230093908
            ],
            [
              115.8020128347471,
              -31.96398993008342
            ],
            [
              115.80247517470434,
              -31.96429542005912
            ],
            [
              115.8025319046991,
              -31.964332790056144
            ],
            [
              115.80269932467878,
              -31.964380390047083
            ],
            [
              115.80299019463861,
              -31.96439840003103
            ],
            [
              115.80318276461054,
              -31.96439120002032
            ],
            [
              115.80371847453368,
              -31.964387279990603
            ],
            [
              115.8044305544315,
              -31.96438138995111
            ],
            [
              115.80483589437387,
              -31.964385169928654
            ],
            [
              115.80589070422397,
              -31.96439596987025
            ],
            [
              115.80618701418184,
              -31.96439876985383
            ],
            [
              115.80696044407094,
              -31.964393619810945
            ],
            [
              115.80752068399059,
              -31.964390019779877
            ],
            [
              115.80804566391532,
              -31.964386519750768
            ],
            [
              115.80839774386487,
              -31.964384349731258
            ],
            [
              115.80860404383542,
              -31.964385449719824
            ],
            [
              115.8094770137111,
              -31.964390919671466
            ],
            [
              115.8097149936773,
              -31.964393179658302
            ],
            [
              115.81038421358203,
              -31.96439766962124
            ],
            [
              115.81089686350892,
              -31.964399749592847
            ],
            [
              115.81206544334209,
              -31.964401909528114
            ],
            [
              115.81269904325163,
              -31.964403079493017
            ],
            [
              115.81286932322737,
              -31.964403709483587
            ],
            [
              115.81376714309992,
              -31.964414949433912
            ],
            [
              115.81388734308287,
              -31.96441659942726
            ],
            [
              115.81484283294733,
              -31.964429459374394
            ],
            [
              115.814929602935,
              -31.964430249369578
            ],
            [
              115.81492996293788,
              -31.964469049369736
            ],
            [
              115.8152737528903,
              -31.964489399350793
            ],
            [
              115.81582129281412,
              -31.964516129320575
            ],
            [
              115.81624465275479,
              -31.9645317792972
            ],
            [
              115.81653446271375,
              -31.964536369281163
            ],
            [
              115.8177007125436,
              -31.96449061921638
            ],
            [
              115.8182057324721,
              -31.964499609188444
            ],
            [
              115.81816277248356,
              -31.964569169191144
            ],
            [
              115.81832077246345,
              -31.964601709182528
            ],
            [
              115.81822467249643,
              -31.96485424918897
            ],
            [
              115.81808929255851,
              -31.965415039198934
            ],
            [
              115.81802560260722,
              -31.96593496920475
            ],
            [
              115.81800326264101,
              -31.966336199207756
            ],
            [
              115.81802125275783,
              -31.967903369213673
            ],
            [
              115.81802629286024,
              -31.96925650921936
            ],
            [
              115.81803315295718,
              -31.970542079224643
            ],
            [
              115.8180419930306,
              -31.97152190922846
            ],
            [
              115.81804575306367,
              -31.971962989230214
            ],
            [
              115.8180320631462,
              -31.97302013923563
            ],
            [
              115.81803735319129,
              -31.973621659237985
            ],
            [
              115.818038233199,
              -31.973724379238394
            ],
            [
              115.81814973317971,
              -31.97368059923203
            ],
            [
              115.82294270241364,
              -31.972618608961994
            ],
            [
              115.82305950238981,
              -31.972524978955114
            ],
            [
              115.82377172224737,
              -31.97199160891333
            ],
            [
              115.82379628224277,
              -31.971977028911926
            ],
            [
              115.82457771209576,
              -31.971513608866623
            ],
            [
              115.82478602205875,
              -31.971418288854675
            ],
            [
              115.82548076193524,
              -31.97110040881483
            ],
            [
              115.8264237017753,
              -31.970770608761182
            ],
            [
              115.82657773178222,
              -31.971150618754333
            ],
            [
              115.8268317017933,
              -31.97177260874302
            ],
            [
              115.82688670179596,
              -31.971910618740594
            ],
            [
              115.82726302181261,
              -31.972835798723853
            ],
            [
              115.82694675186367,
              -31.972912578741685
            ],
            [
              115.82689959187178,
              -31.972930578744375
            ],
            [
              115.82685279187933,
              -31.972941568747014
            ],
            [
              115.82672570190097,
              -31.972987648754245
            ],
            [
              115.82666486191181,
              -31.97301561875773
            ],
            [
              115.8266177419199,
              -31.97303361876043
            ],
            [
              115.82653670193503,
              -31.973079608765122
            ],
            [
              115.826496771942,
              -31.973096628767397
            ],
            [
              115.82645681194948,
              -31.973119568769707
            ],
            [
              115.82631781197438,
              -31.9731856387777
            ],
            [
              115.82609356201536,
              -31.973302648790625
            ],
            [
              115.82603954202482,
              -31.97332558879371
            ],
            [
              115.82599957203227,
              -31.973348618796013
            ],
            [
              115.82585164205823,
              -31.973411628804488
            ],
            [
              115.82580481206713,
              -31.973440598807212
            ],
            [
              115.82571662208277,
              -31.973480658812257
            ],
            [
              115.8254145921412,
              -31.97368063882986
            ],
            [
              115.82538075214823,
              -31.973709608831864
            ],
            [
              115.82534655215487,
              -31.973732568833853
            ],
            [
              115.82506466221353,
              -31.973973588850527
            ],
            [
              115.82486380225572,
              -31.974150608862413
            ],
            [
              115.8248227422638,
              -31.974179598864808
            ],
            [
              115.82478963227076,
              -31.97420857886678
            ],
            [
              115.82476262227674,
              -31.974236568868395
            ],
            [
              115.82472160228527,
              -31.97427158887082
            ],
            [
              115.82468882229298,
              -31.97431163887281
            ],
            [
              115.82466181229991,
              -31.97435159887449
            ],
            [
              115.82462765230693,
              -31.974379588876502
            ],
            [
              115.82445376234801,
              -31.974592618887055
            ],
            [
              115.82443284235362,
              -31.974626638888367
            ],
            [
              115.82427159239187,
              -31.97482660889817
            ],
            [
              115.82415782241561,
              -31.974924618904907
            ],
            [
              115.82404981243667,
              -31.974998598911206
            ],
            [
              115.82402284244273,
              -31.975027588912823
            ],
            [
              115.8239087124656,
              -31.975113608919518
            ],
            [
              115.82388173247169,
              -31.975142598921146
            ],
            [
              115.82384176247908,
              -31.975164658923447
            ],
            [
              115.82380180248747,
              -31.97519956892582
            ],
            [
              115.82355265253305,
              -31.975330618940188
            ],
            [
              115.8235058925411,
              -31.975348618942853
            ],
            [
              115.82342486255703,
              -31.975405578947584
            ],
            [
              115.82338453256456,
              -31.975428608949937
            ],
            [
              115.8231498026112,
              -31.975600608963678
            ],
            [
              115.82310881261968,
              -31.975634628966095
            ],
            [
              115.82307457262762,
              -31.975674588968158
            ],
            [
              115.82300763264246,
              -31.97574360897218
            ],
            [
              115.82295470265527,
              -31.975812658975403
            ],
            [
              115.82291364266374,
              -31.97584657897782
            ],
            [
              115.82288667267063,
              -31.9758866389795
            ],
            [
              115.82285356267755,
              -31.975915608981456
            ],
            [
              115.82281360268551,
              -31.9759445989838
            ],
            [
              115.82276571269576,
              -31.975989588986643
            ],
            [
              115.8226915427108,
              -31.976047638991012
            ],
            [
              115.82266562271755,
              -31.976087598992617
            ],
            [
              115.82261164273004,
              -31.97615058899588
            ],
            [
              115.8225237927487,
              -31.97623060900109
            ],
            [
              115.82242480277095,
              -31.976336629007058
            ],
            [
              115.82232256277794,
              -31.976236639012274
            ],
            [
              115.82221886279862,
              -31.976313599018344
            ],
            [
              115.82233983279042,
              -31.976432569012175
            ],
            [
              115.82211374284232,
              -31.97668960902582
            ],
            [
              115.82207378285234,
              -31.976746569028283
            ],
            [
              115.822026622863,
              -31.976797609031117
            ],
            [
              115.82199972286969,
              -31.97683503903277
            ],
            [
              115.82186576290307,
              -31.977022039041017
            ],
            [
              115.82179178292326,
              -31.977148059045664
            ],
            [
              115.8217777629279,
              -31.9771820590466
            ],
            [
              115.82166381296207,
              -31.977417049053933
            ],
            [
              115.82165078296781,
              -31.977468049054888
            ],
            [
              115.82162979297348,
              -31.977503059056204
            ],
            [
              115.82162380297737,
              -31.97754304905671
            ],
            [
              115.82160979298197,
              -31.977577059057634
            ],
            [
              115.82157679299019,
              -31.97762304905966
            ],
            [
              115.82156278299485,
              -31.97765804906058
            ],
            [
              115.82152277300578,
              -31.977726049063115
            ],
            [
              115.82149580301228,
              -31.977761059064754
            ],
            [
              115.82146879302138,
              -31.977830059066548
            ],
            [
              115.8214547730273,
              -31.977881049067555
            ],
            [
              115.82141477304042,
              -31.9779780590702
            ],
            [
              115.82134078307065,
              -31.978236079075433
            ],
            [
              115.82133476307459,
              -31.97827607907594
            ],
            [
              115.82129377309398,
              -31.978454069078992
            ],
            [
              115.82128078309843,
              -31.978488069079862
            ],
            [
              115.82127377310294,
              -31.978534079080454
            ],
            [
              115.8212467631138,
              -31.978626079082364
            ],
            [
              115.82121979312856,
              -31.97876906908447
            ],
            [
              115.82120679313348,
              -31.978809059085382
            ],
            [
              115.82119278314157,
              -31.978889079086507
            ],
            [
              115.82117982314695,
              -31.97893506908742
            ],
            [
              115.82117982315127,
              -31.978992069087678
            ],
            [
              115.82117281315534,
              -31.97903207908823
            ],
            [
              115.82117281315847,
              -31.97907307908842
            ],
            [
              115.8211658031625,
              -31.97911306908898
            ],
            [
              115.82116679316884,
              -31.979198079089308
            ],
            [
              115.82115281317783,
              -31.97929005909048
            ],
            [
              115.8211528131818,
              -31.979342069090713
            ],
            [
              115.82114580318586,
              -31.979382059091265
            ],
            [
              115.8211328131903,
              -31.97941608909214
            ],
            [
              115.82111879319933,
              -31.97950808909332
            ],
            [
              115.82110580320506,
              -31.979559089094266
            ],
            [
              115.82109853321,
              -31.979610649094894
            ],
            [
              115.8210918232293,
              -31.97985108909633
            ],
            [
              115.82108583323368,
              -31.979897089096873
            ],
            [
              115.82109182323677,
              -31.97994908909676
            ],
            [
              115.82108583324244,
              -31.98001209909737
            ],
            [
              115.82109284324534,
              -31.980063089097207
            ],
            [
              115.82109182325377,
              -31.980172089097746
            ],
            [
              115.82110580325963,
              -31.980275099097426
            ],
            [
              115.82110580328057,
              -31.980550099098636
            ],
            [
              115.82111284328307,
              -31.98059608909844
            ],
            [
              115.82111284329315,
              -31.980728089099028
            ],
            [
              115.82111883329664,
              -31.980785079098954
            ],
            [
              115.82111883330012,
              -31.980831089099155
            ],
            [
              115.82112584330308,
              -31.980883099098993
            ],
            [
              115.82111284330755,
              -31.98091709909986
            ],
            [
              115.82110583331203,
              -31.980963109100447
            ],
            [
              115.82110583331857,
              -31.981049119100835
            ],
            [
              115.82109853332302,
              -31.981093569101432
            ],
            [
              115.82109883333402,
              -31.98123810910206
            ],
            [
              115.8211058333364,
              -31.981283099101866
            ],
            [
              115.82110583333954,
              -31.981324099102046
            ],
            [
              115.82113284334834,
              -31.98149009910128
            ],
            [
              115.82117986335209,
              -31.98162710909927
            ],
            [
              115.82128085335637,
              -31.981873109094778
            ],
            [
              115.82132085335938,
              -31.981988099093076
            ],
            [
              115.82132786336147,
              -31.982028099092858
            ],
            [
              115.82134787336165,
              -31.98206811909193
            ],
            [
              115.8213548433637,
              -31.982108109091712
            ],
            [
              115.82146189336713,
              -31.982354109086867
            ],
            [
              115.8214889033663,
              -31.982394099085546
            ],
            [
              115.82160391336647,
              -31.982612109080158
            ],
            [
              115.82161687336767,
              -31.982652109079602
            ],
            [
              115.82164388336648,
              -31.98268710907826
            ],
            [
              115.82177189336562,
              -31.98291609907219
            ],
            [
              115.82185167336293,
              -31.983030649068272
            ],
            [
              115.82187887336123,
              -31.9830591090669
            ],
            [
              115.8218988733614,
              -31.98309909906596
            ],
            [
              115.82193289336003,
              -31.98314510906429
            ],
            [
              115.82197289336088,
              -31.983231139062447
            ],
            [
              115.82216791335128,
              -31.983471119052723
            ],
            [
              115.8222419033455,
              -31.983534129048895
            ],
            [
              115.8223088733425,
              -31.98362013904556
            ],
            [
              115.8223358833421,
              -31.983666129044277
            ],
            [
              115.82236986333986,
              -31.98370012904254
            ],
            [
              115.8223898733397,
              -31.98373560904159
            ],
            [
              115.82254488333143,
              -31.983918129033817
            ],
            [
              115.82257788332892,
              -31.983947119032116
            ],
            [
              115.82261190332665,
              -31.983981129030383
            ],
            [
              115.82265190332353,
              -31.984015129028315
            ],
            [
              115.82269190331999,
              -31.98404411902623
            ],
            [
              115.82290791329916,
              -31.98417612901485
            ],
            [
              115.82294788329479,
              -31.984193639012727
            ],
            [
              115.82298190329165,
              -31.984216129010935
            ],
            [
              115.82316991327086,
              -31.984296129000885
            ],
            [
              115.82320991326688,
              -31.984319118998766
            ],
            [
              115.8232509032623,
              -31.984336118996577
            ],
            [
              115.82329791325648,
              -31.98434812899403
            ],
            [
              115.82335091325062,
              -31.98437012899119
            ],
            [
              115.82361389321872,
              -31.984445108976963
            ],
            [
              115.82367361321188,
              -31.984467578973767
            ],
            [
              115.82372091320553,
              -31.984473118971163
            ],
            [
              115.82376792319971,
              -31.984485098968626
            ],
            [
              115.82383454319061,
              -31.984490628964963
            ],
            [
              115.82413084314824,
              -31.98449062894857
            ],
            [
              115.82418490313917,
              -31.98447311894549
            ],
            [
              115.82423892313099,
              -31.98446709894247
            ],
            [
              115.82427159312809,
              -31.984490628940765
            ],
            [
              115.82427192313153,
              -31.98453610894095
            ],
            [
              115.82426589313545,
              -31.984576108941457
            ],
            [
              115.82422490315008,
              -31.984691098944225
            ],
            [
              115.82426589314504,
              -31.98470210894202
            ],
            [
              115.82442690312338,
              -31.984720108933193
            ],
            [
              115.8244669031185,
              -31.984731118931023
            ],
            [
              115.82461469309871,
              -31.984748648922913
            ],
            [
              115.82466192309275,
              -31.98475910892035
            ],
            [
              115.8247899230784,
              -31.984811108913494
            ],
            [
              115.82483694307342,
              -31.984834108910995
            ],
            [
              115.824883913068,
              -31.98485110890847
            ],
            [
              115.82504955305107,
              -31.984939648899694
            ],
            [
              115.82513291304242,
              -31.984983108895275
            ],
            [
              115.82517266303931,
              -31.985016588893217
            ],
            [
              115.82533359302423,
              -31.985120628884772
            ],
            [
              115.82544192301177,
              -31.98516010887894
            ],
            [
              115.82547594300512,
              -31.98513711887696
            ],
            [
              115.82552868299634,
              -31.985120628873972
            ],
            [
              115.82560990298205,
              -31.98508610886933
            ],
            [
              115.82562391297739,
              -31.985051108868394
            ],
            [
              115.82568385296324,
              -31.984977628864755
            ],
            [
              115.82570392295766,
              -31.984942108863486
            ],
            [
              115.82571772295306,
              -31.984907608862574
            ],
            [
              115.82572381294868,
              -31.98486161886203
            ],
            [
              115.82573790294317,
              -31.984816108861054
            ],
            [
              115.82576491293673,
              -31.984782078859403
            ],
            [
              115.82579889292968,
              -31.984753088857406
            ],
            [
              115.82585164292384,
              -31.98477556885458
            ],
            [
              115.8258519329269,
              -31.984816088854743
            ],
            [
              115.82586591292795,
              -31.984856078854143
            ],
            [
              115.82588591292772,
              -31.98489109885319
            ],
            [
              115.82589890292893,
              -31.984931098852652
            ],
            [
              115.82591292293301,
              -31.985011108852234
            ],
            [
              115.82593993293396,
              -31.985074108851006
            ],
            [
              115.82598691293335,
              -31.985154098848763
            ],
            [
              115.82601392293168,
              -31.985183108847398
            ],
            [
              115.82604673293046,
              -31.98522863884578
            ],
            [
              115.82608670292733,
              -31.98526256884372
            ],
            [
              115.82612093292514,
              -31.985298098841987
            ],
            [
              115.82616769292144,
              -31.985337618839562
            ],
            [
              115.82620193291828,
              -31.985360118837775
            ],
            [
              115.82628891290851,
              -31.985395098833113
            ],
            [
              115.82633585290259,
              -31.985405568830565
            ],
            [
              115.82642392288827,
              -31.985383108825587
            ],
            [
              115.82647090288118,
              -31.985378118822968
            ],
            [
              115.82651791287483,
              -31.985383108820383
            ],
            [
              115.82655791287041,
              -31.98540010881825
            ],
            [
              115.8266659128615,
              -31.985486098812647
            ],
            [
              115.82669260286073,
              -31.985525638811346
            ],
            [
              115.82672592285903,
              -31.98556610880969
            ],
            [
              115.82677969285398,
              -31.985600598806872
            ],
            [
              115.82682692284902,
              -31.985624108804345
            ],
            [
              115.82687393284266,
              -31.985629108801778
            ],
            [
              115.82692791283584,
              -31.985641108798834
            ],
            [
              115.8270289128214,
              -31.98564110879324
            ],
            [
              115.8270819128143,
              -31.985647108790346
            ],
            [
              115.82716958280339,
              -31.98566863878559
            ],
            [
              115.82719692280523,
              -31.98574409878441
            ],
            [
              115.82720392280774,
              -31.985790108784226
            ],
            [
              115.82723652280865,
              -31.98586357878274
            ],
            [
              115.82729791280471,
              -31.985927098779634
            ],
            [
              115.82737193279763,
              -31.985973108775735
            ],
            [
              115.82739194279736,
              -31.98600711877476
            ],
            [
              115.82744592280227,
              -31.98617311877252
            ],
            [
              115.8274459228058,
              -31.98621910877273
            ],
            [
              115.82750582280899,
              -31.98637359877009
            ],
            [
              115.82753994280718,
              -31.986414118768376
            ],
            [
              115.82755991280692,
              -31.986448098767426
            ],
            [
              115.82768762279868,
              -31.986579618760928
            ],
            [
              115.82772792279519,
              -31.98660910875882
            ],
            [
              115.82776179279242,
              -31.986636598757077
            ],
            [
              115.82798283277131,
              -31.98677464874546
            ],
            [
              115.82811091275691,
              -31.986826108738597
            ],
            [
              115.8281646427505,
              -31.986842598735706
            ],
            [
              115.8282519127407,
              -31.986878118731028
            ],
            [
              115.82882394267152,
              -31.98704411870012
            ],
            [
              115.82893089266011,
              -31.987095098694414
            ],
            [
              115.8288976026666,
              -31.987117638696354
            ],
            [
              115.82885690267373,
              -31.987135118698692
            ],
            [
              115.82881693268038,
              -31.987147108700952
            ],
            [
              115.82876291268855,
              -31.987153118703972
            ],
            [
              115.82870991269616,
              -31.9871531187069
            ],
            [
              115.82860191271244,
              -31.987164108712925
            ],
            [
              115.828534902722,
              -31.98716410871664
            ],
            [
              115.82848756272968,
              -31.987175598719308
            ],
            [
              115.82844076273675,
              -31.987180648721914
            ],
            [
              115.8283795527451,
              -31.98717559872528
            ],
            [
              115.82831290275507,
              -31.98718110872899
            ],
            [
              115.82826589276178,
              -31.987181108731594
            ],
            [
              115.82821180276909,
              -31.987175598734567
            ],
            [
              115.82808365278743,
              -31.987175598741654
            ],
            [
              115.82803094279457,
              -31.98717009874454
            ],
            [
              115.82798353280175,
              -31.9871755987472
            ],
            [
              115.82790867281247,
              -31.987175598751335
            ],
            [
              115.82785596282041,
              -31.987181128754273
            ],
            [
              115.82780194282813,
              -31.987181128757257
            ],
            [
              115.82759980285924,
              -31.98720961876857
            ],
            [
              115.8275529428669,
              -31.98722211877122
            ],
            [
              115.82750593287399,
              -31.987227138773843
            ],
            [
              115.827324962903,
              -31.987268128784038
            ],
            [
              115.8270419429461,
              -31.987302138799848
            ],
            [
              115.82699493295365,
              -31.987313118802497
            ],
            [
              115.82695492296072,
              -31.987331128804783
            ],
            [
              115.82690795296783,
              -31.987336118807413
            ],
            [
              115.82684692297794,
              -31.987354118810877
            ],
            [
              115.82657196301939,
              -31.987382128826205
            ],
            [
              115.82628894306032,
              -31.987388118841892
            ],
            [
              115.82623492306769,
              -31.987383128844858
            ],
            [
              115.82587197311997,
              -31.98738813886497
            ],
            [
              115.82579893313006,
              -31.98738314886899
            ],
            [
              115.82566370315016,
              -31.98739357887652
            ],
            [
              115.82562373315675,
              -31.98740463887878
            ],
            [
              115.82558270316396,
              -31.987422638881128
            ],
            [
              115.82553555317108,
              -31.987427598883762
            ],
            [
              115.82542897318555,
              -31.987417148889605
            ],
            [
              115.82538195319223,
              -31.987417148892206
            ],
            [
              115.82532096320014,
              -31.987406138895548
            ],
            [
              115.82502593323929,
              -31.987366148911693
            ],
            [
              115.82497794324617,
              -31.987366148914347
            ],
            [
              115.82493092325242,
              -31.987360148916924
            ],
            [
              115.82487694325926,
              -31.98734814891986
            ],
            [
              115.82480993326881,
              -31.987348148923562
            ],
            [
              115.82474996327701,
              -31.987343148926858
            ],
            [
              115.82464896329147,
              -31.987343148932446
            ],
            [
              115.82457472330158,
              -31.987336618936528
            ],
            [
              115.82430579333746,
              -31.98730259895127
            ],
            [
              115.82398995337917,
              -31.98725713896855
            ],
            [
              115.82392294338746,
              -31.987240138972183
            ],
            [
              115.82384195339813,
              -31.98722814897661
            ],
            [
              115.82375493340889,
              -31.987206138981325
            ],
            [
              115.82370795341518,
              -31.9872001489839
            ],
            [
              115.82365996342112,
              -31.987188138986514
            ],
            [
              115.82345194344919,
              -31.98716613899792
            ],
            [
              115.82340497345591,
              -31.98716615900052
            ],
            [
              115.82334496346404,
              -31.98716016900382
            ],
            [
              115.82328397347275,
              -31.9871601690072
            ],
            [
              115.82323094347989,
              -31.987154169010104
            ],
            [
              115.8231769534876,
              -31.987154169013085
            ],
            [
              115.82307596350122,
              -31.987143169018633
            ],
            [
              115.82277994354227,
              -31.98712615903494
            ],
            [
              115.82272596354998,
              -31.987126159037917
            ],
            [
              115.82266595355767,
              -31.9871141590412
            ],
            [
              115.82261197356536,
              -31.987114159044186
            ],
            [
              115.82226193361285,
              -31.98708016906342
            ],
            [
              115.82221456361958,
              -31.987079649066025
            ],
            [
              115.82212794363109,
              -31.987068169070778
            ],
            [
              115.82208097363784,
              -31.987068169073382
            ],
            [
              115.82199278364955,
              -31.98705661907821
            ],
            [
              115.82193997365631,
              -31.987046169081086
            ],
            [
              115.82187868366458,
              -31.987039599084444
            ],
            [
              115.82182496367142,
              -31.987028169087377
            ],
            [
              115.82177196367859,
              -31.98702315909028
            ],
            [
              115.82165695369329,
              -31.987000159096553
            ],
            [
              115.82160395370042,
              -31.98699416909946
            ],
            [
              115.82154993370732,
              -31.9869831591024
            ],
            [
              115.82149565371455,
              -31.986976609105376
            ],
            [
              115.82144893372048,
              -31.986966159107926
            ],
            [
              115.8213949537277,
              -31.98696015911088
            ],
            [
              115.82134797373351,
              -31.98694815911343
            ],
            [
              115.821199973753,
              -31.98692615912152
            ],
            [
              115.82113295376122,
              -31.98690815912516
            ],
            [
              115.82095794378412,
              -31.98688016913472
            ],
            [
              115.8208368338005,
              -31.98686762914136
            ],
            [
              115.82077668380906,
              -31.9868676291447
            ],
            [
              115.8205945438365,
              -31.98688562915486
            ],
            [
              115.82054797384406,
              -31.986897189157492
            ],
            [
              115.82050796385106,
              -31.986914189159773
            ],
            [
              115.82043996386514,
              -31.986971189163793
            ],
            [
              115.82040595387176,
              -31.986994179165777
            ],
            [
              115.82032594389152,
              -31.987103189170682
            ],
            [
              115.82023892391098,
              -31.98719518917591
            ],
            [
              115.82020494391757,
              -31.987218179177884
            ],
            [
              115.82016494392589,
              -31.987252189180257
            ],
            [
              115.8200167539549,
              -31.987354599188915
            ],
            [
              115.81997696396198,
              -31.98737317919119
            ],
            [
              115.81988173397733,
              -31.987395649196564
            ],
            [
              115.81955995402645,
              -31.98743620921456
            ],
            [
              115.81937095405348,
              -31.98743620922503
            ],
            [
              115.81927696406868,
              -31.987459199230326
            ],
            [
              115.8192369640757,
              -31.987476199232617
            ],
            [
              115.81918995408327,
              -31.987487209235272
            ],
            [
              115.81914268409137,
              -31.987504639237965
            ],
            [
              115.81907461410452,
              -31.98754964924193
            ],
            [
              115.81904194411142,
              -31.987579209243865
            ],
            [
              115.81897493412669,
              -31.987653209247913
            ],
            [
              115.8188539341519,
              -31.987757199255064
            ],
            [
              115.81881995415934,
              -31.987791199257103
            ],
            [
              115.81873892417529,
              -31.987848199261837
            ],
            [
              115.81869895418367,
              -31.9878831992642
            ],
            [
              115.81860482420448,
              -31.987979569269836
            ],
            [
              115.81857062421159,
              -31.988008629271867
            ],
            [
              115.81849681422827,
              -31.98808863927629
            ],
            [
              115.81847093423504,
              -31.98812919927791
            ],
            [
              115.81843670424207,
              -31.988157589279925
            ],
            [
              115.81842374424656,
              -31.9881916192808
            ],
            [
              115.818396994253,
              -31.988226229282432
            ],
            [
              115.81832296427284,
              -31.98834721928706
            ],
            [
              115.81820799430979,
              -31.988616229294614
            ],
            [
              115.81817463431939,
              -31.988679589296748
            ],
            [
              115.81816098432435,
              -31.988719219297668
            ],
            [
              115.81812097433571,
              -31.988793219300213
            ],
            [
              115.81809396434483,
              -31.98886221930201
            ],
            [
              115.81803965435911,
              -31.988947619305407
            ],
            [
              115.81791898439432,
              -31.989183219313116
            ],
            [
              115.81787898440707,
              -31.98927521931573
            ],
            [
              115.81781200443412,
              -31.989504249320454
            ],
            [
              115.81777097444784,
              -31.989607239323185
            ],
            [
              115.81775776445318,
              -31.989652579324108
            ],
            [
              115.81763680449183,
              -31.989932579332056
            ],
            [
              115.8176026045003,
              -31.989979639334145
            ],
            [
              115.8175216145228,
              -31.990122649339252
            ],
            [
              115.81751026452541,
              -31.990135889339953
            ],
            [
              115.81749598452866,
              -31.990151249340798
            ],
            [
              115.81746182453568,
              -31.990179629342816
            ],
            [
              115.81738097455424,
              -31.990271239347702
            ],
            [
              115.81732695456502,
              -31.990311229350876
            ],
            [
              115.81722698458763,
              -31.99042023935688
            ],
            [
              115.81712558461086,
              -31.990534589362998
            ],
            [
              115.81708598461917,
              -31.990569239365346
            ],
            [
              115.81705182462751,
              -31.990614599367444
            ],
            [
              115.81701798463506,
              -31.990650269369468
            ],
            [
              115.81697798464292,
              -31.990678259371794
            ],
            [
              115.81695097464899,
              -31.990707259373437
            ],
            [
              115.8168569846711,
              -31.990821259379135
            ],
            [
              115.81676898469506,
              -31.990970259384667
            ],
            [
              115.81675587469958,
              -31.991004649385548
            ],
            [
              115.81672886470601,
              -31.991038579387197
            ],
            [
              115.81665470472497,
              -31.99114765939178
            ],
            [
              115.81662768473103,
              -31.9911766493934
            ],
            [
              115.81660097473794,
              -31.991217249395064
            ],
            [
              115.81650698475924,
              -31.991320259400734
            ],
            [
              115.81648001476569,
              -31.991354259402367
            ],
            [
              115.81644000477446,
              -31.99139425940476
            ],
            [
              115.81641277478182,
              -31.991439619406464
            ],
            [
              115.81638580478787,
              -31.991468589408075
            ],
            [
              115.81636598479336,
              -31.99150325940933
            ],
            [
              115.81631200480635,
              -31.991572249412624
            ],
            [
              115.81618399483557,
              -31.991715259420353
            ],
            [
              115.8161439948435,
              -31.991744259422696
            ],
            [
              115.81611698484959,
              -31.99177324942431
            ],
            [
              115.81603000486764,
              -31.991847269429453
            ],
            [
              115.8159960248751,
              -31.991881269431495
            ],
            [
              115.81596276488158,
              -31.991903569433433
            ],
            [
              115.8159219948901,
              -31.99193926943584
            ],
            [
              115.815874984899,
              -31.991967279438573
            ],
            [
              115.81578103491769,
              -31.99203626944408
            ],
            [
              115.81575402492376,
              -31.9920652794457
            ],
            [
              115.81565281494476,
              -31.992150619451685
            ],
            [
              115.8156270049506,
              -31.99217926945324
            ],
            [
              115.81558601495824,
              -31.992202269455607
            ],
            [
              115.8154375749895,
              -31.99233359946441
            ],
            [
              115.81529700501667,
              -31.992426279472607
            ],
            [
              115.81518269503685,
              -31.992476599479154
            ],
            [
              115.81494701508106,
              -31.992614279492813
            ],
            [
              115.81477874511081,
              -31.992688629502464
            ],
            [
              115.81473899511829,
              -31.992712279504765
            ],
            [
              115.81448404516264,
              -31.992815299519343
            ],
            [
              115.81436768518434,
              -31.99288156952608
            ],
            [
              115.81419376521676,
              -31.992980599536146
            ],
            [
              115.8141195952318,
              -31.99303864954051
            ],
            [
              115.8140869952391,
              -31.993073299542466
            ],
            [
              115.8140058252559,
              -31.993141609547266
            ],
            [
              115.81397165526342,
              -31.99317562954931
            ],
            [
              115.81386471528627,
              -31.993274639555665
            ],
            [
              115.81383773529272,
              -31.99330856955731
            ],
            [
              115.81377700530527,
              -31.9933592895609
            ],
            [
              115.81368976532693,
              -31.99347965956625
            ],
            [
              115.81365553533439,
              -31.9935135795683
            ],
            [
              115.81358859535109,
              -31.993606639572427
            ],
            [
              115.81340787539128,
              -31.99379464958327
            ],
            [
              115.81339484539411,
              -31.99380734958403
            ],
            [
              115.81328655541695,
              -31.993903639590453
            ],
            [
              115.81322570543176,
              -31.993983649594185
            ],
            [
              115.81317854544687,
              -31.994093629597277
            ],
            [
              115.81316559545576,
              -31.994185619598408
            ],
            [
              115.81317854546084,
              -31.99427659959808
            ],
            [
              115.81319898546187,
              -31.994328309597186
            ],
            [
              115.81320599546392,
              -31.994368319596976
            ],
            [
              115.81320599546697,
              -31.99440831959714
            ],
            [
              115.81319201547157,
              -31.99444231959808
            ],
            [
              115.81315201548253,
              -31.994511309600583
            ],
            [
              115.81303101551686,
              -31.994734309608276
            ],
            [
              115.8129970355257,
              -31.994786309610383
            ],
            [
              115.81289005555671,
              -31.994992309617217
            ],
            [
              115.81287607556177,
              -31.995032309618164
            ],
            [
              115.81282205557694,
              -31.995130319621598
            ],
            [
              115.81279504558776,
              -31.995221319623486
            ],
            [
              115.81277504559412,
              -31.9952673296248
            ],
            [
              115.81276204559994,
              -31.99531932962575
            ],
            [
              115.81272204561355,
              -31.995422319628414
            ],
            [
              115.81264105564345,
              -31.995662319633976
            ],
            [
              115.81263404564748,
              -31.995702339634523
            ],
            [
              115.81261404565386,
              -31.99574832963584
            ],
            [
              115.81258005566619,
              -31.99584631963815
            ],
            [
              115.81256702567326,
              -31.99591432963917
            ],
            [
              115.81254005568367,
              -31.99600033964104
            ],
            [
              115.81252005569004,
              -31.996046329642358
            ],
            [
              115.81250702569541,
              -31.99609233964328
            ],
            [
              115.81246603570784,
              -31.99617831964593
            ],
            [
              115.81244603571331,
              -31.996212329647182
            ],
            [
              115.81240602572991,
              -31.996355329650036
            ],
            [
              115.81238503573688,
              -31.996407339651427
            ],
            [
              115.81235503575932,
              -31.99664533965413
            ],
            [
              115.81235405577519,
              -31.996851349655103
            ],
            [
              115.81231207580659,
              -31.997184349658895
            ],
            [
              115.81222381584358,
              -31.99750364966518
            ],
            [
              115.81213453587732,
              -31.997778589671345
            ],
            [
              115.81199905592338,
              -31.998128349680382
            ],
            [
              115.81184305597102,
              -31.998460369690488
            ],
            [
              115.81172008601204,
              -31.99876735969866
            ],
            [
              115.81159908604614,
              -31.998987359706323
            ],
            [
              115.81131485611823,
              -31.999398579723874
            ],
            [
              115.81082813622979,
              -31.999948379753267
            ],
            [
              115.81053109630014,
              -32.00031338977133
            ],
            [
              115.81023409636269,
              -32.000576379788946
            ],
            [
              115.80998512640963,
              -32.00072439980339
            ],
            [
              115.80972309645963,
              -32.00088840981862
            ],
            [
              115.80960012648305,
              -32.000964399825776
            ],
            [
              115.80912912657044,
              -32.00122639985302
            ],
            [
              115.80883910662325,
              -32.00137441986974
            ],
            [
              115.80834711671804,
              -32.00169442989841
            ],
            [
              115.80798416678212,
              -32.00185341991923
            ],
            [
              115.80764712684257,
              -32.0020134499386
            ],
            [
              115.80725616690928,
              -32.0021544399609
            ],
            [
              115.8066571370063,
              -32.00230242999474
            ],
            [
              115.80616576708739,
              -32.0024436500226
            ],
            [
              115.80587190713338,
              -32.00249543003911
            ],
            [
              115.8056494771683,
              -32.00253563005162
            ],
            [
              115.80562753717165,
              -32.00253860005285
            ],
            [
              115.80557804717981,
              -32.002552370055646
            ],
            [
              115.80481358730425,
              -32.00274965009888
            ],
            [
              115.80414688741173,
              -32.00290761013652
            ],
            [
              115.80374366747547,
              -32.00298662015923
            ],
            [
              115.80311184757305,
              -32.00308058019466
            ],
            [
              115.8026406376444,
              -32.00313161022101
            ],
            [
              115.80215679771698,
              -32.00317562024803
            ],
            [
              115.80195060774736,
              -32.00318698025951
            ],
            [
              115.80173955777838,
              -32.00319758027124
            ],
            [
              115.80128882784587,
              -32.0032366502964
            ],
            [
              115.80081870791521,
              -32.003263640322594
            ],
            [
              115.80054976795232,
              -32.003245640337425
            ],
            [
              115.80034887798054,
              -32.00323863034853
            ],
            [
              115.79992477804161,
              -32.003243570372064
            ],
            [
              115.79897712818052,
              -32.003286520424794
            ],
            [
              115.79860015823827,
              -32.00333651044592
            ],
            [
              115.79819716830116,
              -32.003404520468585
            ],
            [
              115.79784687835112,
              -32.00340259048798
            ],
            [
              115.79763878838129,
              -32.003407640499546
            ],
            [
              115.79736313842552,
              -32.00347052051511
            ],
            [
              115.79706014847717,
              -32.003578510532385
            ],
            [
              115.79668314853889,
              -32.00368052055375
            ],
            [
              115.79637376858777,
              -32.00374064057117
            ],
            [
              115.79605085863743,
              -32.00378564058927
            ],
            [
              115.79572114869292,
              -32.00389451060805
            ],
            [
              115.79543812874165,
              -32.004002510624204
            ],
            [
              115.79522284878205,
              -32.004127640636696
            ],
            [
              115.7949461488334,
              -32.00428153065273
            ],
            [
              115.7944691689077,
              -32.00436054067952
            ],
            [
              115.79430418893698,
              -32.004434620689004
            ],
            [
              115.794252648946,
              -32.00445659069195
            ],
            [
              115.79401112898974,
              -32.00457653070588
            ],
            [
              115.79368116904436,
              -32.00467354072462
            ],
            [
              115.79283965916714,
              -32.00470364077143
            ],
            [
              115.79262612919904,
              -32.00472153078336
            ],
            [
              115.79246414922659,
              -32.004778530792606
            ],
            [
              115.79222816927121,
              -32.00492054080631
            ],
            [
              115.79203315930523,
              -32.005000530817476
            ],
            [
              115.79179057933406,
              -32.0049236108306
            ],
            [
              115.79163716934211,
              -32.0047415308383
            ],
            [
              115.79151714934783,
              -32.00459153084431
            ],
            [
              115.79142414934623,
              -32.0043965408486
            ],
            [
              115.79130512932386,
              -32.003880520852945
            ],
            [
              115.79126573931181,
              -32.0036495708541
            ],
            [
              115.79122708929688,
              -32.00338152085508
            ],
            [
              115.79116061928966,
              -32.003162570857796
            ],
            [
              115.79112813927247,
              -32.00287649085833
            ],
            [
              115.79113010924988,
              -32.00258450085693
            ],
            [
              115.791104809225,
              -32.0022116408567
            ],
            [
              115.79103210920911,
              -32.00186748085924
            ],
            [
              115.79097986919585,
              -32.001596570860926
            ],
            [
              115.79090008918634,
              -32.00132247086415
            ],
            [
              115.79081357918588,
              -32.00115458086821
            ],
            [
              115.79061987919697,
              -32.00093660087801
            ],
            [
              115.79041207921401,
              -32.000770470888796
            ],
            [
              115.79030560921602,
              -32.00059757089395
            ],
            [
              115.79031305920013,
              -32.000403460892684
            ],
            [
              115.79029983918791,
              -32.0002185808926
            ],
            [
              115.79027786918806,
              -32.000179540893654
            ],
            [
              115.79020103918849,
              -32.00004146089731
            ],
            [
              115.79006700919099,
              -31.999823440903775
            ],
            [
              115.78988654919699,
              -31.999563570912642
            ],
            [
              115.78965302920854,
              -31.999277440924338
            ],
            [
              115.78925199922686,
              -31.998766420944357
            ],
            [
              115.7883958192777,
              -31.997828640987752
            ],
            [
              115.78796055930927,
              -31.99742659101011
            ],
            [
              115.78762683933454,
              -31.99713257102735
            ],
            [
              115.78735863934969,
              -31.99682864104089
            ],
            [
              115.7872527893451,
              -31.996570621045628
            ],
            [
              115.78723084934235,
              -31.996493561046506
            ],
            [
              115.7872196793406,
              -31.99644965104694
            ],
            [
              115.78717178933604,
              -31.99630061104893
            ],
            [
              115.78715164933062,
              -31.996191631049584
            ],
            [
              115.78715164932618,
              -31.996133571049327
            ],
            [
              115.78716565931813,
              -31.996054631048196
            ],
            [
              115.78723982928734,
              -31.995790581042915
            ],
            [
              115.78724559928301,
              -31.9957445910424
            ],
            [
              115.78724559927996,
              -31.995704631042212
            ],
            [
              115.78723982927688,
              -31.995653611042314
            ],
            [
              115.78719876927174,
              -31.99550961104395
            ],
            [
              115.78702454928056,
              -31.9952986510527
            ],
            [
              115.78696370928621,
              -31.995258601055895
            ],
            [
              115.78692373928878,
              -31.995217641057938
            ],
            [
              115.7868567992927,
              -31.99514366106133
            ],
            [
              115.78678262929323,
              -31.995011621064865
            ],
            [
              115.78675565929137,
              -31.99493657106603
            ],
            [
              115.786741599289,
              -31.994879611066555
            ],
            [
              115.78674878928453,
              -31.994834601065957
            ],
            [
              115.78683664925533,
              -31.99461663106013
            ],
            [
              115.78686975924698,
              -31.99456964105809
            ],
            [
              115.78691654923334,
              -31.994478661055084
            ],
            [
              115.78693059922871,
              -31.99444463105415
            ],
            [
              115.78695760922133,
              -31.994398641052456
            ],
            [
              115.78701158920445,
              -31.99427858104892
            ],
            [
              115.78703860919707,
              -31.994232591047226
            ],
            [
              115.78705155919262,
              -31.994198571046365
            ],
            [
              115.78707170918707,
              -31.994163661045086
            ],
            [
              115.78708575918247,
              -31.99412963104416
            ],
            [
              115.78713255915254,
              -31.99382561104022
            ],
            [
              115.78713255914865,
              -31.993774581039997
            ],
            [
              115.7871667591245,
              -31.993522581036988
            ],
            [
              115.78717970911867,
              -31.993470651036045
            ],
            [
              115.78718657911425,
              -31.993425651035462
            ],
            [
              115.78719985910966,
              -31.99339063103457
            ],
            [
              115.7872196790946,
              -31.993230631032766
            ],
            [
              115.7872196790911,
              -31.993184641032553
            ],
            [
              115.78720671907193,
              -31.992909601032085
            ],
            [
              115.7871865790674,
              -31.992812661032776
            ],
            [
              115.78718657906298,
              -31.992754601032523
            ],
            [
              115.78717970905959,
              -31.99269764103264
            ],
            [
              115.78717970905524,
              -31.992640591032394
            ],
            [
              115.78717361905176,
              -31.992583611032476
            ],
            [
              115.78715956904193,
              -31.992428631032578
            ],
            [
              115.78711276903067,
              -31.99219365103414
            ],
            [
              115.7871066390271,
              -31.99213559103422
            ],
            [
              115.78708575902536,
              -31.992073581035108
            ],
            [
              115.78706560901904,
              -31.991953611035704
            ],
            [
              115.78700582900969,
              -31.991718621037982
            ],
            [
              115.78699180900898,
              -31.9916836010386
            ],
            [
              115.78697884900694,
              -31.991632581039102
            ],
            [
              115.78696589900613,
              -31.99159758103967
            ],
            [
              115.7869587090041,
              -31.991557621039885
            ],
            [
              115.78694570900244,
              -31.99151163104041
            ],
            [
              115.78694169900247,
              -31.991504911040597
            ],
            [
              115.78691187900293,
              -31.99145465104203
            ],
            [
              115.78687153900034,
              -31.99134557104379
            ],
            [
              115.78685069900077,
              -31.991311641044803
            ],
            [
              115.78668976900666,
              -31.991087621052746
            ],
            [
              115.78661556901207,
              -31.991019601056564
            ],
            [
              115.78635568904329,
              -31.990941571070643
            ],
            [
              115.78577172910401,
              -31.990643571101746
            ],
            [
              115.78532065915802,
              -31.990505601126166
            ],
            [
              115.7848508692125,
              -31.99033963115152
            ],
            [
              115.78413159929734,
              -31.99010357119041
            ],
            [
              115.78388284932336,
              -31.989978571203668
            ],
            [
              115.78364774934468,
              -31.98981764121602
            ],
            [
              115.78362884934594,
              -31.989798991216983
            ],
            [
              115.783479639356,
              -31.989650601224614
            ],
            [
              115.78337443936577,
              -31.989582091230137
            ],
            [
              115.7831837293834,
              -31.989455571240182
            ],
            [
              115.7829756394036,
              -31.98933057125118
            ],
            [
              115.78263972944026,
              -31.98918161126917
            ],
            [
              115.7824176294663,
              -31.989106641281165
            ],
            [
              115.78182256954865,
              -31.989070641314058
            ],
            [
              115.78176278955644,
              -31.989060651317335
            ],
            [
              115.78167459956728,
              -31.989037601322135
            ],
            [
              115.78162886957337,
              -31.989031591324643
            ],
            [
              115.78158783957831,
              -31.98901960132686
            ],
            [
              115.78154184958436,
              -31.989012421329388
            ],
            [
              115.78152085958705,
              -31.989008431330532
            ],
            [
              115.78146683959345,
              -31.988991431333456
            ],
            [
              115.78116487963138,
              -31.98892244134992
            ],
            [
              115.7808958696642,
              -31.98884844136453
            ],
            [
              115.78070683968986,
              -31.988830441374947
            ],
            [
              115.7803848697359,
              -31.98883044139283
            ],
            [
              115.78033084974325,
              -31.9888254413958
            ],
            [
              115.78028387974997,
              -31.988825441398415
            ],
            [
              115.78022985975677,
              -31.988813441401362
            ],
            [
              115.780054839777,
              -31.9887504514108
            ],
            [
              115.78000183978283,
              -31.988727451413645
            ],
            [
              115.7799548297887,
              -31.9887164414162
            ],
            [
              115.7799008497964,
              -31.988716441419204
            ],
            [
              115.77983985980553,
              -31.988721441422616
            ],
            [
              115.77979287981307,
              -31.98873259142526
            ],
            [
              115.77968585982937,
              -31.988745451431267
            ],
            [
              115.77963884983612,
              -31.988745451433882
            ],
            [
              115.77958486984336,
              -31.988739441436852
            ],
            [
              115.77948386985605,
              -31.98871644144236
            ],
            [
              115.77940984986266,
              -31.988664441446243
            ],
            [
              115.77935586986862,
              -31.988641441449136
            ],
            [
              115.77931585987258,
              -31.98861845145126
            ],
            [
              115.77922887988198,
              -31.988578451455904
            ],
            [
              115.77919456988506,
              -31.988554591457707
            ],
            [
              115.77901108990724,
              -31.988501681467678
            ],
            [
              115.77899987990858,
              -31.98849844146829
            ],
            [
              115.77893987991634,
              -31.988487471471558
            ],
            [
              115.77888566992274,
              -31.98846961147449
            ],
            [
              115.77860983995734,
              -31.988406461489518
            ],
            [
              115.77851584996996,
              -31.988395471494705
            ],
            [
              115.77843485998154,
              -31.988395471499203
            ],
            [
              115.77826087000513,
              -31.988378471508796
            ],
            [
              115.77812563002446,
              -31.9883784115163
            ],
            [
              115.7780518700354,
              -31.988383461520424
            ],
            [
              115.77799182004352,
              -31.988377631523726
            ],
            [
              115.77785681006284,
              -31.988377631531225
            ],
            [
              115.77780987007003,
              -31.988383461533857
            ],
            [
              115.77766186009032,
              -31.988372451542027
            ],
            [
              115.77759470010031,
              -31.98837763154578
            ],
            [
              115.77748674011485,
              -31.98836559155172
            ],
            [
              115.7774197601244,
              -31.988365591555443
            ],
            [
              115.77705921017915,
              -31.988406941575654
            ],
            [
              115.77700972018661,
              -31.98841165157842
            ],
            [
              115.7769358801985,
              -31.98842947158261
            ],
            [
              115.77665384024283,
              -31.988481471598494
            ],
            [
              115.77659968025056,
              -31.98848158160151
            ],
            [
              115.77655285025759,
              -31.988485641604118
            ],
            [
              115.77647872026827,
              -31.98848664160825
            ],
            [
              115.77643189027543,
              -31.98849248161088
            ],
            [
              115.77637758028268,
              -31.988485641613867
            ],
            [
              115.77631786029174,
              -31.988492481617207
            ],
            [
              115.7762298603043,
              -31.988492481622096
            ],
            [
              115.77618277031144,
              -31.988497611624723
            ],
            [
              115.775967860343,
              -31.988508591636716
            ],
            [
              115.77560487040203,
              -31.988601481657295
            ],
            [
              115.77528856045592,
              -31.988714591675354
            ],
            [
              115.77518056047315,
              -31.988737641681464
            ],
            [
              115.77506686049034,
              -31.98875050168783
            ],
            [
              115.77500667049975,
              -31.988760581691228
            ],
            [
              115.77494601050897,
              -31.988767851694625
            ],
            [
              115.77489192051715,
              -31.988773501697658
            ],
            [
              115.77485191052372,
              -31.98878450169993
            ],
            [
              115.77480490053219,
              -31.988807501702638
            ],
            [
              115.77475789054112,
              -31.988836491705374
            ],
            [
              115.7746028705685,
              -31.988904491714276
            ],
            [
              115.77458199057213,
              -31.988912731715477
            ],
            [
              115.7743539106116,
              -31.98900249172855
            ],
            [
              115.77429963062146,
              -31.989029591731683
            ],
            [
              115.77423269063276,
              -31.989052641735505
            ],
            [
              115.77415889064599,
              -31.989087641739747
            ],
            [
              115.77407964065905,
              -31.989109941744253
            ],
            [
              115.7738568506957,
              -31.989172611756917
            ],
            [
              115.77380287070518,
              -31.98919565176001
            ],
            [
              115.77353390075817,
              -31.98938551177579
            ],
            [
              115.77349992076526,
              -31.989414521777807
            ],
            [
              115.77343958077863,
              -31.98947663178144
            ],
            [
              115.7733992507885,
              -31.989530001783905
            ],
            [
              115.77328489081613,
              -31.989677521790906
            ],
            [
              115.77323788082637,
              -31.989723531793718
            ],
            [
              115.77320379083471,
              -31.98976859179581
            ],
            [
              115.7731296208554,
              -31.98990063180052
            ],
            [
              115.7731166708603,
              -31.989940591801414
            ],
            [
              115.77310261086934,
              -31.990032641802596
            ],
            [
              115.7730899108747,
              -31.990078541803506
            ],
            [
              115.77308287087915,
              -31.990123641804097
            ],
            [
              115.77306987088498,
              -31.99017557180505
            ],
            [
              115.77292084094088,
              -31.99062764181532
            ],
            [
              115.77291657094615,
              -31.990689001815827
            ],
            [
              115.77291471095009,
              -31.99073662181614
            ],
            [
              115.77294190095895,
              -31.990903551815364
            ],
            [
              115.77293490096343,
              -31.99094858181595
            ],
            [
              115.77290788097339,
              -31.991028591817802
            ],
            [
              115.77288770097981,
              -31.99107458181912
            ],
            [
              115.77285390098854,
              -31.991125601821228
            ],
            [
              115.77283394099452,
              -31.99116655182251
            ],
            [
              115.77281357100183,
              -31.991223621823895
            ],
            [
              115.77278656101002,
              -31.991280601825643
            ],
            [
              115.7727728710155,
              -31.991326591826613
            ],
            [
              115.77276674101941,
              -31.99136662182713
            ],
            [
              115.77275269102404,
              -31.99140064182806
            ],
            [
              115.77272571103931,
              -31.99154961183022
            ],
            [
              115.77272571104237,
              -31.991589571830392
            ],
            [
              115.7727188910478,
              -31.991647621831014
            ],
            [
              115.77271889105299,
              -31.991715641831316
            ],
            [
              115.77273254105852,
              -31.991813661831003
            ],
            [
              115.77273254106333,
              -31.991876581831267
            ],
            [
              115.7728056510717,
              -31.9921226218283
            ],
            [
              115.77287993107123,
              -31.992255551824748
            ],
            [
              115.77289960107274,
              -31.992311641823896
            ],
            [
              115.7729266110719,
              -31.992351601822588
            ],
            [
              115.77302056107472,
              -31.99256363181829
            ],
            [
              115.77306159107937,
              -31.99270160181662
            ],
            [
              115.77306159108328,
              -31.992752621816834
            ],
            [
              115.77306772108547,
              -31.992792581816676
            ],
            [
              115.77306772108852,
              -31.992832641816847
            ],
            [
              115.77305476109741,
              -31.992924621817973
            ],
            [
              115.77305476110095,
              -31.992970611818187
            ],
            [
              115.77304071110646,
              -31.99301660181916
            ],
            [
              115.77303388111049,
              -31.993056651819714
            ],
            [
              115.77295972114123,
              -31.993319631825
            ],
            [
              115.77293957114726,
              -31.993360591826303
            ],
            [
              115.77290694115942,
              -31.993458571828548
            ],
            [
              115.77290496116045,
              -31.993468571828693
            ],
            [
              115.77289960116347,
              -31.99349766182911
            ],
            [
              115.77287982117063,
              -31.99355462183047
            ],
            [
              115.77287296117473,
              -31.993595581831034
            ],
            [
              115.77285281118198,
              -31.993652631832404
            ],
            [
              115.77283156118808,
              -31.993692591833767
            ],
            [
              115.77280594120012,
              -31.993801591835663
            ],
            [
              115.77279160120474,
              -31.99383560183662
            ],
            [
              115.77273761123698,
              -31.994155651841023
            ],
            [
              115.77273761124056,
              -31.994202621841218
            ],
            [
              115.77272466124852,
              -31.994282631842292
            ],
            [
              115.77272396125261,
              -31.994334601842567
            ],
            [
              115.77271794125652,
              -31.994374591843073
            ],
            [
              115.77271779125952,
              -31.994413571843257
            ],
            [
              115.77271093126365,
              -31.99445459184381
            ],
            [
              115.77271093126672,
              -31.99449458184399
            ],
            [
              115.77267064128348,
              -31.994638591846865
            ],
            [
              115.77264366129245,
              -31.994705631848667
            ],
            [
              115.77258997132044,
              -31.994970591852795
            ],
            [
              115.77258997132395,
              -31.99501660185301
            ],
            [
              115.77258296132841,
              -31.995061611853604
            ],
            [
              115.77258278133141,
              -31.995100641853785
            ],
            [
              115.77257599133641,
              -31.995153611854388
            ],
            [
              115.77257599133995,
              -31.995199601854594
            ],
            [
              115.77256898134402,
              -31.995239621855156
            ],
            [
              115.77255599134938,
              -31.995285611856087
            ],
            [
              115.77255599135289,
              -31.995331621856288
            ],
            [
              115.77254197135797,
              -31.995371611857234
            ],
            [
              115.77254197136185,
              -31.995422601857467
            ],
            [
              115.77252898136724,
              -31.995468611858374
            ],
            [
              115.77252197137223,
              -31.995520611859
            ],
            [
              115.77246200139174,
              -31.99566362186297
            ],
            [
              115.77241397140473,
              -31.995743611865983
            ],
            [
              115.77238101141519,
              -31.99581861186815
            ],
            [
              115.77236699142064,
              -31.995863601869114
            ],
            [
              115.77234699142656,
              -31.995903601870403
            ],
            [
              115.77232002143357,
              -31.995944611872087
            ],
            [
              115.77226001145087,
              -31.996058611875917
            ],
            [
              115.77223899145739,
              -31.9961046018773
            ],
            [
              115.77207798150451,
              -31.99641962188763
            ],
            [
              115.77205798150997,
              -31.99645362188889
            ],
            [
              115.77202400152098,
              -31.996533641891137
            ],
            [
              115.77199896153029,
              -31.99660863189285
            ],
            [
              115.77196998153322,
              -31.996592631894398
            ],
            [
              115.77194899154672,
              -31.996729621896147
            ],
            [
              115.77191355156101,
              -31.996850601898657
            ],
            [
              115.7718600115774,
              -31.996964631902134
            ],
            [
              115.77173897160696,
              -31.997124621909563
            ],
            [
              115.77165101162964,
              -31.997256651915034
            ],
            [
              115.77155604165327,
              -31.99738765192089
            ],
            [
              115.77146103168084,
              -31.997570651926967
            ],
            [
              115.77140003170014,
              -31.99770864193096
            ],
            [
              115.77134477172335,
              -31.997908651934914
            ],
            [
              115.77127670174978,
              -31.998126621939665
            ],
            [
              115.77122903177104,
              -31.998315651943138
            ],
            [
              115.77117403179162,
              -31.998481671946926
            ],
            [
              115.77111902181478,
              -31.99868167195086
            ],
            [
              115.77109902182423,
              -31.998767661952357
            ],
            [
              115.77104405185091,
              -31.999013671956483
            ],
            [
              115.77100204187666,
              -31.999271671959953
            ],
            [
              115.77098806189312,
              -31.99946067196156
            ],
            [
              115.77099375190899,
              -31.999678581962208
            ],
            [
              115.77103208192418,
              -31.999948681961264
            ],
            [
              115.77111709195326,
              -32.0004876819589
            ],
            [
              115.77117008196144,
              -32.00069367195688
            ],
            [
              115.77132207197131,
              -32.00110669195024
            ],
            [
              115.77142208196976,
              -32.00127369194542
            ],
            [
              115.77160411195123,
              -32.00137168193574
            ],
            [
              115.77191085191762,
              -32.00150594191929
            ],
            [
              115.77201254190646,
              -32.00155058191383
            ],
            [
              115.77222709188462,
              -32.00166668190242
            ],
            [
              115.77246182185242,
              -32.001684591889465
            ],
            [
              115.77269108182054,
              -32.00169667187678
            ],
            [
              115.77287909179019,
              -32.001651661866134
            ],
            [
              115.77290672178519,
              -32.00163808186455
            ],
            [
              115.77291270178432,
              -32.00163762186421
            ],
            [
              115.77291880178304,
              -32.001632141863844
            ],
            [
              115.77305407175857,
              -32.001565671856035
            ],
            [
              115.7731630617312,
              -32.00141166184931
            ],
            [
              115.77329106170018,
              -32.00124566184147
            ],
            [
              115.7734260816739,
              -32.00115466183355
            ],
            [
              115.77356109164894,
              -32.00108066182574
            ],
            [
              115.77364811163471,
              -32.00105766182079
            ],
            [
              115.77395106159413,
              -32.00109364180412
            ],
            [
              115.77416509156967,
              -32.001174641792595
            ],
            [
              115.77436708154784,
              -32.00126664178176
            ],
            [
              115.77449407153587,
              -32.001347651775085
            ],
            [
              115.77462707152561,
              -32.0014626517682
            ],
            [
              115.7746270715335,
              -32.001565651768644
            ],
            [
              115.77464010154303,
              -32.001714651768594
            ],
            [
              115.7747001115402,
              -32.00178965176558
            ],
            [
              115.77471310154972,
              -32.00193865176552
            ],
            [
              115.77469971155362,
              -32.001964611766375
            ],
            [
              115.77469401155581,
              -32.00198246176677
            ],
            [
              115.77461068158237,
              -32.00217366177224
            ],
            [
              115.77446811162417,
              -32.00245367178139
            ],
            [
              115.77419112168256,
              -32.002698671797845
            ],
            [
              115.7740101117159,
              -32.00279566180834
            ],
            [
              115.77381411174746,
              -32.00284167181943
            ],
            [
              115.77370709176397,
              -32.00285766182544
            ],
            [
              115.77353912179194,
              -32.002908681834995
            ],
            [
              115.7733361418271,
              -32.00298867184663
            ],
            [
              115.77307411187194,
              -32.0030846918616
            ],
            [
              115.77278415192343,
              -32.00321569187829
            ],
            [
              115.77263512195512,
              -32.003350681887156
            ],
            [
              115.77248715198654,
              -32.00348469189597
            ],
            [
              115.7722711420397,
              -32.003775701909255
            ],
            [
              115.77217599206757,
              -32.00396198191535
            ],
            [
              115.77212974208061,
              -32.0040456219183
            ],
            [
              115.77208926209319,
              -32.00413455192095
            ],
            [
              115.77207415209767,
              -32.004164701921916
            ],
            [
              115.77195118214159,
              -32.004508711930264
            ],
            [
              115.77184216218873,
              -32.00492072193812
            ],
            [
              115.77175317222603,
              -32.00524172194448
            ],
            [
              115.77172521224226,
              -32.00540172194674
            ],
            [
              115.77164922228079,
              -32.00576271195255
            ],
            [
              115.77158023231826,
              -32.006123721957955
            ],
            [
              115.77155921234055,
              -32.006375751960256
            ],
            [
              115.77152424236439,
              -32.006621741963265
            ],
            [
              115.77151724237679,
              -32.00677074196432
            ],
            [
              115.77152224237996,
              -32.00682174196425
            ],
            [
              115.77156523237993,
              -32.00690174196223
            ],
            [
              115.77163626237585,
              -32.00698073195863
            ],
            [
              115.77170225238069,
              -32.007167731955775
            ],
            [
              115.77172426238673,
              -32.007287741955096
            ],
            [
              115.77171726240601,
              -32.007526741956525
            ],
            [
              115.77167324242916,
              -32.007746741959934
            ],
            [
              115.77157228245868,
              -32.00794373196642
            ],
            [
              115.77153826246816,
              -32.008003761968574
            ],
            [
              115.77149026248728,
              -32.00816375197194
            ],
            [
              115.77148227250731,
              -32.008410771973466
            ],
            [
              115.77148727252539,
              -32.00865676197427
            ],
            [
              115.77152727253683,
              -32.00888076197303
            ],
            [
              115.77155928254494,
              -32.00904676197199
            ],
            [
              115.77155830256001,
              -32.0092417519729
            ],
            [
              115.77163732257642,
              -32.0096037619701
            ],
            [
              115.77170729257521,
              -32.009718751966716
            ],
            [
              115.7718703025605,
              -32.00983175195816
            ],
            [
              115.77206930254438,
              -32.00999276194782
            ],
            [
              115.77252033249694,
              -32.01021675192373
            ],
            [
              115.77299735244502,
              -32.01043076189818
            ],
            [
              115.77326332242448,
              -32.01065975188442
            ],
            [
              115.77346633240653,
              -32.010804761873764
            ],
            [
              115.77384732236858,
              -32.01102176185356
            ],
            [
              115.77413932234184,
              -32.011218731838206
            ],
            [
              115.77442534232271,
              -32.01150374182357
            ],
            [
              115.77444318232264,
              -32.01153621182273
            ],
            [
              115.7745293223223,
              -32.01169274181862
            ],
            [
              115.77460930232135,
              -32.011829731814785
            ],
            [
              115.77478534231426,
              -32.01206673180604
            ],
            [
              115.77502635228514,
              -32.01213674179297
            ],
            [
              115.77534933224517,
              -32.01221871177539
            ],
            [
              115.77560334222241,
              -32.01239672176205
            ],
            [
              115.77577733221557,
              -32.01263272175343
            ],
            [
              115.77578354221505,
              -32.01263779175311
            ],
            [
              115.7759243622038,
              -32.01275371174579
            ],
            [
              115.77633932216045,
              -32.01296373172367
            ],
            [
              115.77674436212412,
              -32.013246721702416
            ],
            [
              115.77692234210765,
              -32.01336471169304
            ],
            [
              115.77704436209721,
              -32.01345671168668
            ],
            [
              115.77728533207107,
              -32.013565721673785
            ],
            [
              115.77760036204234,
              -32.01377974165723
            ],
            [
              115.77777834202512,
              -32.013887741647814
            ],
            [
              115.77832084197757,
              -32.01428163161942
            ],
            [
              115.77856334195893,
              -32.01449173160688
            ],
            [
              115.77889286192996,
              -32.014729641589625
            ],
            [
              115.77917435190466,
              -32.01492574157486
            ],
            [
              115.77950333187209,
              -32.01511574155742
            ],
            [
              115.77966093185537,
              -32.01519198154901
            ],
            [
              115.7798204018384,
              -32.015268751540475
            ],
            [
              115.78036739178282,
              -32.015565751511424
            ],
            [
              115.78069242175157,
              -32.01576575149426
            ],
            [
              115.78087040173635,
              -32.01589975148497
            ],
            [
              115.78113141171043,
              -32.01604977147113
            ],
            [
              115.78133241169795,
              -32.01626278146092
            ],
            [
              115.7813984117012,
              -32.01642878145798
            ],
            [
              115.78135669171985,
              -32.01659463146102
            ],
            [
              115.7812494117431,
              -32.016697771467435
            ],
            [
              115.78112842176654,
              -32.016777781474495
            ],
            [
              115.781020411789,
              -32.0168687814809
            ],
            [
              115.78084441183255,
              -32.01710880149173
            ],
            [
              115.78074976185886,
              -32.01727565149772
            ],
            [
              115.78063457188843,
              -32.01744665150486
            ],
            [
              115.78050638191728,
              -32.017583791512585
            ],
            [
              115.78034443195223,
              -32.01773780152225
            ],
            [
              115.78024241197386,
              -32.01782980152833
            ],
            [
              115.78014146199882,
              -32.01796679153453
            ],
            [
              115.78008663202019,
              -32.01814361153835
            ],
            [
              115.78005944203596,
              -32.018298811540554
            ],
            [
              115.78002006204983,
              -32.018406431543205
            ],
            [
              115.78001308205246,
              -32.01842809154368
            ],
            [
              115.77996341207204,
              -32.018590811547156
            ],
            [
              115.77979445211635,
              -32.0188538115577
            ],
            [
              115.77962545215549,
              -32.01904882156794
            ],
            [
              115.77941237220006,
              -32.01923267158058
            ],
            [
              115.77940671220078,
              -32.01923162158089
            ],
            [
              115.77938671220542,
              -32.0192546115821
            ],
            [
              115.77934846221343,
              -32.01928782158437
            ],
            [
              115.77931772221933,
              -32.019307621586165
            ],
            [
              115.77929710222355,
              -32.019324101587394
            ],
            [
              115.77906544226924,
              -32.01948783160098
            ],
            [
              115.77888943231326,
              -32.019733841611824
            ],
            [
              115.77878646235168,
              -32.0200428316189
            ],
            [
              115.77856345240899,
              -32.02037484163275
            ],
            [
              115.7783404724575,
              -32.02059185164608
            ],
            [
              115.77803646251722,
              -32.020802841663894
            ],
            [
              115.77781447255504,
              -32.020881861676564
            ],
            [
              115.77763847259554,
              -32.02108186168723
            ],
            [
              115.77729946269183,
              -32.02170586170878
            ],
            [
              115.77725401270042,
              -32.02173286171145
            ],
            [
              115.77724770270198,
              -32.02174161171182
            ],
            [
              115.77723073270518,
              -32.02175161171282
            ],
            [
              115.77720539270959,
              -32.02176173171426
            ],
            [
              115.77709746272994,
              -32.021825871720544
            ],
            [
              115.77690146277723,
              -32.02207686173253
            ],
            [
              115.77675849282097,
              -32.02238089174181
            ],
            [
              115.7766086628594,
              -32.0226025817511
            ],
            [
              115.77643349290116,
              -32.02282088176179
            ],
            [
              115.7763465129193,
              -32.022894881766945
            ],
            [
              115.77603550298258,
              -32.02313991178529
            ],
            [
              115.7758195330354,
              -32.02342590179856
            ],
            [
              115.77554253309522,
              -32.023688901815106
            ],
            [
              115.77499554320363,
              -32.024081931847206
            ],
            [
              115.77478658324449,
              -32.02422492185944
            ],
            [
              115.77395653341753,
              -32.02493258190865
            ],
            [
              115.77379462344993,
              -32.025052941918176
            ],
            [
              115.77358664347565,
              -32.024999941929494
            ],
            [
              115.77349962348461,
              -32.024953951934144
            ],
            [
              115.77319061352006,
              -32.02483897195079
            ],
            [
              115.77284065356521,
              -32.02477396196994
            ],
            [
              115.7724786136104,
              -32.02468695198967
            ],
            [
              115.7720356436685,
              -32.024616972013995
            ],
            [
              115.7718873436868,
              -32.024578562022064
            ],
            [
              115.77169966370995,
              -32.02452998203228
            ],
            [
              115.77141066374774,
              -32.024482972048126
            ],
            [
              115.77118264377289,
              -32.024384982060354
            ],
            [
              115.77094068380046,
              -32.02429198207339
            ],
            [
              115.77064569383333,
              -32.02416997208925
            ],
            [
              115.77018269388381,
              -32.023962982114064
            ],
            [
              115.7699017139121,
              -32.02380700212899
            ],
            [
              115.76984367391826,
              -32.023778962132084
            ],
            [
              115.76974669392855,
              -32.02373200213727
            ],
            [
              115.76957270394422,
              -32.023610992146416
            ],
            [
              115.76926471398038,
              -32.02350701216307
            ],
            [
              115.76904268400857,
              -32.023460002175206
            ],
            [
              115.76869973405583,
              -32.02343600219415
            ],
            [
              115.76844474409228,
              -32.02343500220831
            ],
            [
              115.7680077241481,
              -32.02334702223222
            ],
            [
              115.76765170419336,
              -32.02327202225168
            ],
            [
              115.76718275424415,
              -32.0230580122768
            ],
            [
              115.7667267642922,
              -32.022833012301156
            ],
            [
              115.76649173431353,
              -32.022672012313514
            ],
            [
              115.76638475431783,
              -32.022528022318824
            ],
            [
              115.7663277043196,
              -32.02244422232163
            ],
            [
              115.76631774431989,
              -32.02242958232211
            ],
            [
              115.76599588436284,
              -32.022388642339834
            ],
            [
              115.76573381440113,
              -32.02239863235444
            ],
            [
              115.7654177244455,
              -32.02238657237196
            ],
            [
              115.76508867448808,
              -32.02232761238998
            ],
            [
              115.7648266045247,
              -32.0223156424045
            ],
            [
              115.76459078455935,
              -32.02232663241766
            ],
            [
              115.76433557459968,
              -32.022376582432074
            ],
            [
              115.76391870466107,
              -32.022398632455335
            ],
            [
              115.76370989469268,
              -32.02242059246704
            ],
            [
              115.763554724717,
              -32.02244858247579
            ],
            [
              115.76339380474177,
              -32.02247064248484
            ],
            [
              115.76323287476481,
              -32.02247064249378
            ],
            [
              115.76291572481277,
              -32.02250357251156
            ],
            [
              115.76267380485001,
              -32.02253759252516
            ],
            [
              115.76247870488221,
              -32.02259357253626
            ],
            [
              115.76220977492466,
              -32.022644612551424
            ],
            [
              115.76200782495573,
              -32.02267258256278
            ],
            [
              115.76185985498388,
              -32.02276358257141
            ],
            [
              115.76167085501616,
              -32.02283163258221
            ],
            [
              115.76152288504215,
              -32.02289462259071
            ],
            [
              115.76121975509906,
              -32.02307057260835
            ],
            [
              115.76120066510961,
              -32.02317264260986
            ],
            [
              115.7609965551441,
              -32.023241572621515
            ],
            [
              115.76080069518268,
              -32.023378632633005
            ],
            [
              115.760659585209,
              -32.023458652641196
            ],
            [
              115.76000656531731,
              -32.023651602678356
            ],
            [
              115.75970956536942,
              -32.02377662269542
            ],
            [
              115.7593668654264,
              -32.02387958271493
            ],
            [
              115.7589355454972,
              -32.02399757273944
            ],
            [
              115.75888907550551,
              -32.024019032742125
            ],
            [
              115.75871179551962,
              -32.02387212275133
            ],
            [
              115.75814378552613,
              -32.02289510277862
            ],
            [
              115.75858481544877,
              -32.02271010275329
            ],
            [
              115.75833632542263,
              -32.02190452276357
            ],
            [
              115.75812195546234,
              -32.022022272776006
            ],
            [
              115.75750795548426,
              -32.021160762806375
            ],
            [
              115.75735673550864,
              -32.02119610281494
            ]
          ]
        ]
      }
    },
    {
      "id": "3",
      "type": "Feature",
      "properties": {
        "SA3_CODE21": "50302",
        "SA3_NAME21": "Perth City",
        "AREASQKM21": 43.5389
      },
      "geometry": {
        "type": "Polygon",
        "coordinates": [
          [
            [
              115.8177007125436,
              -31.96449061921638
            ],
            [
              115.81653446271375,
              -31.964536369281163
            ],
            [
              115.81624465275479,
              -31.9645317792972
            ],
            [
              115.81582129281412,
              -31.964516129320575
            ],
            [
              115.8152737528903,
              -31.964489399350793
            ],
            [
              115.81492996293788,
              -31.964469049369736
            ],
            [
              115.814929602935,
              -31.964430249369578
            ],
            [
              115.81484283294733,
              -31.964429459374394
            ],
            [
              115.81388734308287,
              -31.96441659942726
            ],
            [
              115.81376714309992,
              -31.964414949433912
            ],
            [
              115.81286932322737,
              -31.964403709483587
            ],
            [
              115.81269904325163,
              -31.964403079493017
            ],
            [
              115.81206544334209,
              -31.964401909528114
            ],
            [
              115.81089686350892,
              -31.964399749592847
            ],
            [
              115.81038421358203,
              -31.96439766962124
            ],
            [
              115.8097149936773,
              -31.964393179658302
            ],
            [
              115.8094770137111,
              -31.964390919671466
            ],
            [
              115.80860404383542,
              -31.964385449719824
            ],
            [
              115.80839774386487,
              -31.964384349731258
            ],
            [
              115.80804566391532,
              -31.964386519750768
            ],
            [
              115.80752068399059,
              -31.964390019779877
            ],
            [
              115.80696044407094,
              -31.964393619810945
            ],
            [
              115.80618701418184,
              -31.96439876985383
            ],
            [
              115.80589070422397,
              -31.96439596987025
            ],
            [
              115.80483589437387,
              -31.964385169928654
            ],
            [
              115.8044305544315,
              -31.96438138995111
            ],
            [
              115.80371847453368,
              -31.964387279990603
            ],
            [
              115.80318276461054,
              -31.96439120002032
            ],
            [
              115.80299019463861,
              -31.96439840003103
            ],
            [
              115.80269932467878,
              -31.964380390047083
            ],
            [
              115.8025319046991,
              -31.964332790056144
            ],
            [
              115.80247517470434,
              -31.96429542005912
            ],
            [
              115.8020128347471,
              -31.96398993008342
            ],
            [
              115.8018366847851,
              -31.964158230093908
            ],
            [
              115.80154672481865,
              -31.964054610109542
            ],
            [
              115.8014510948296,
              -31.96401915011469
            ],
            [
              115.80058123492928,
              -31.9636966001615
            ],
            [
              115.79598975545697,
              -31.96201456040871
            ],
            [
              115.79776321493716,
              -31.958523130294974
            ],
            [
              115.79838630475508,
              -31.957303200255037
            ],
            [
              115.79840393474707,
              -31.95723151025374
            ],
            [
              115.79830658476085,
              -31.957229810259136
            ],
            [
              115.79767083485018,
              -31.957210110294316
            ],
            [
              115.79699152494491,
              -31.957180140331857
            ],
            [
              115.79672978498137,
              -31.957167890346312
            ],
            [
              115.79574735511994,
              -31.957144840400705
            ],
            [
              115.79529665518409,
              -31.957141600425686
            ],
            [
              115.79241556559751,
              -31.95716626058563
            ],
            [
              115.79114116578118,
              -31.95718750065643
            ],
            [
              115.79108677576748,
              -31.95690643065821
            ],
            [
              115.79107312574325,
              -31.956563530657466
            ],
            [
              115.79106049566516,
              -31.955517030653557
            ],
            [
              115.79105681563529,
              -31.955118310652
            ],
            [
              115.79104684555496,
              -31.954047310647823
            ],
            [
              115.79109068550221,
              -31.95343855064273
            ],
            [
              115.79107633547665,
              -31.95307693064192
            ],
            [
              115.79127219536902,
              -31.952033290626456
            ],
            [
              115.79140538528938,
              -31.95123886061556
            ],
            [
              115.79145075526543,
              -31.95101019061204
            ],
            [
              115.79155470521133,
              -31.950495610604
            ],
            [
              115.79174523509727,
              -31.949357600588414
            ],
            [
              115.79178411505599,
              -31.948889770584202
            ],
            [
              115.79178374500586,
              -31.948232360581326
            ],
            [
              115.79178374497003,
              -31.94776297057926
            ],
            [
              115.7917857149499,
              -31.947502810578005
            ],
            [
              115.79211801490233,
              -31.947501010559556
            ],
            [
              115.79491223450331,
              -31.947501140404533
            ],
            [
              115.7953155944458,
              -31.947501940382168
            ],
            [
              115.79548583442143,
              -31.94750116037272
            ],
            [
              115.79622316431607,
              -31.94750031033181
            ],
            [
              115.7974047441474,
              -31.947500610266268
            ],
            [
              115.79778785409262,
              -31.947500030245017
            ],
            [
              115.79807984405097,
              -31.947500610228833
            ],
            [
              115.79825541402558,
              -31.947495890219077
            ],
            [
              115.79904279391309,
              -31.94749537017541
            ],
            [
              115.80121866360228,
              -31.947493840054744
            ],
            [
              115.80140452357566,
              -31.947492930044433
            ],
            [
              115.8015592835536,
              -31.94749360003586
            ],
            [
              115.80327901330799,
              -31.947492319940523
            ],
            [
              115.80330690330393,
              -31.94749157993897
            ],
            [
              115.80333471329979,
              -31.94748939993741
            ],
            [
              115.80336234329555,
              -31.947485789935865
            ],
            [
              115.80338957329128,
              -31.947480769934334
            ],
            [
              115.80341651328695,
              -31.947474359932805
            ],
            [
              115.80344286328261,
              -31.94746656993132
            ],
            [
              115.80346867327823,
              -31.947457429929838
            ],
            [
              115.80349374327385,
              -31.94744698992841
            ],
            [
              115.80351805326947,
              -31.94743527992701
            ],
            [
              115.80354149326516,
              -31.947422329925647
            ],
            [
              115.80356397326086,
              -31.947408199924354
            ],
            [
              115.80358536325664,
              -31.947392959923086
            ],
            [
              115.8036056932525,
              -31.94737661992189
            ],
            [
              115.80395470317991,
              -31.947078379901228
            ],
            [
              115.8039688631769,
              -31.947065539900386
            ],
            [
              115.80398204317402,
              -31.947052019899598
            ],
            [
              115.80399427317118,
              -31.947037829898857
            ],
            [
              115.80400547316843,
              -31.947023049898164
            ],
            [
              115.80401558316582,
              -31.94700768989754
            ],
            [
              115.80402456316334,
              -31.946991869896966
            ],
            [
              115.80403245316099,
              -31.946975599896454
            ],
            [
              115.80403916315875,
              -31.94695895989602
            ],
            [
              115.80404471315666,
              -31.946941999895646
            ],
            [
              115.80404898315477,
              -31.946924789895327
            ],
            [
              115.80405205315296,
              -31.94690739989508
            ],
            [
              115.80405391315136,
              -31.94688986989489
            ],
            [
              115.80405453314994,
              -31.946872269894794
            ],
            [
              115.8041460331366,
              -31.946868609889684
            ],
            [
              115.80415228309467,
              -31.946330349886978
            ],
            [
              115.80415947305225,
              -31.945787399884185
            ],
            [
              115.80415297301595,
              -31.945299239882406
            ],
            [
              115.80414147293718,
              -31.944244609878382
            ],
            [
              115.80415585284585,
              -31.94307388987242
            ],
            [
              115.80414724276103,
              -31.941945199867916
            ],
            [
              115.80413790267386,
              -31.94078410986333
            ],
            [
              115.80411012260002,
              -31.939763439860364
            ],
            [
              115.80410833259552,
              -31.93970131986019
            ],
            [
              115.80415757257666,
              -31.939546029856775
            ],
            [
              115.8041568424099,
              -31.93735723984716
            ],
            [
              115.80415731235733,
              -31.936668949844105
            ],
            [
              115.80413892225641,
              -31.935310219839142
            ],
            [
              115.80412673218153,
              -31.934305089835377
            ],
            [
              115.80413067211262,
              -31.93340843983121
            ],
            [
              115.80413173210069,
              -31.933254159830458
            ],
            [
              115.80413213205973,
              -31.932717399828068
            ],
            [
              115.80413395204977,
              -31.93259028982742
            ],
            [
              115.80414779202059,
              -31.932233299825068
            ],
            [
              115.80414111197587,
              -31.931633929822794
            ],
            [
              115.80423393193664,
              -31.931293269816152
            ],
            [
              115.80426156192748,
              -31.93122478981432
            ],
            [
              115.80429448191808,
              -31.931163219812216
            ],
            [
              115.80432565191059,
              -31.931123259810313
            ],
            [
              115.80435387190572,
              -31.931112179808697
            ],
            [
              115.80437876190086,
              -31.93109517980724
            ],
            [
              115.80428605190824,
              -31.93101802981204
            ],
            [
              115.80424871190301,
              -31.930879609813505
            ],
            [
              115.80423871184291,
              -31.930072529810506
            ],
            [
              115.804230061804,
              -31.92954583980865
            ],
            [
              115.80493111170483,
              -31.92955732976985
            ],
            [
              115.80493371169555,
              -31.929440609769188
            ],
            [
              115.80604371153865,
              -31.929459609707756
            ],
            [
              115.80605845154119,
              -31.929520789707194
            ],
            [
              115.8061394815297,
              -31.9295215097027
            ],
            [
              115.80624030151633,
              -31.929534649697178
            ],
            [
              115.80742213134819,
              -31.929541769631705
            ],
            [
              115.80747502134005,
              -31.929533869628752
            ],
            [
              115.80746162133816,
              -31.929483989629272
            ],
            [
              115.80807968125077,
              -31.92949473959505
            ],
            [
              115.80863882116894,
              -31.929467469563953
            ],
            [
              115.80893268112295,
              -31.92941461954742
            ],
            [
              115.80907624110229,
              -31.92941206953946
            ],
            [
              115.80910379109251,
              -31.929335269537592
            ],
            [
              115.80917358107844,
              -31.92928154953349
            ],
            [
              115.80957851101473,
              -31.92920375951071
            ],
            [
              115.810106780927,
              -31.929041009480724
            ],
            [
              115.81058190084454,
              -31.928848679453548
            ],
            [
              115.8112401407309,
              -31.92859034941593
            ],
            [
              115.81156685067285,
              -31.928440059397158
            ],
            [
              115.81179892062983,
              -31.928309979383734
            ],
            [
              115.8119756505965,
              -31.92820382937348
            ],
            [
              115.812383540518,
              -31.927936749349698
            ],
            [
              115.81251888049133,
              -31.927840289341777
            ],
            [
              115.81281614043102,
              -31.927605559324274
            ],
            [
              115.8129930503945,
              -31.92745720931382
            ],
            [
              115.81337648031229,
              -31.927096329290972
            ],
            [
              115.81348350028797,
              -31.92697762928453
            ],
            [
              115.81357439026758,
              -31.92687974927906
            ],
            [
              115.81380372021395,
              -31.92660561926515
            ],
            [
              115.81398308017232,
              -31.92639467925428
            ],
            [
              115.81421179011683,
              -31.92609493924029
            ],
            [
              115.81438819007208,
              -31.925837719229385
            ],
            [
              115.81465533000332,
              -31.925435419212814
            ],
            [
              115.81476712997473,
              -31.925269289205886
            ],
            [
              115.81492239993462,
              -31.92503320919624
            ],
            [
              115.81513618987194,
              -31.924611019182535
            ],
            [
              115.81523341986087,
              -31.92464768917731
            ],
            [
              115.81523918985653,
              -31.924601359176794
            ],
            [
              115.81527663975437,
              -31.923330359169103
            ],
            [
              115.8153032496818,
              -31.92242738916364
            ],
            [
              115.8152861596721,
              -31.922267459163887
            ],
            [
              115.8149913196982,
              -31.922057929179303
            ],
            [
              115.81479800971294,
              -31.921889339189267
            ],
            [
              115.81457601972568,
              -31.92164059920047
            ],
            [
              115.81436321973267,
              -31.921333979210896
            ],
            [
              115.8142555497311,
              -31.92111175921588
            ],
            [
              115.81416495972682,
              -31.920886119219904
            ],
            [
              115.8140755697158,
              -31.920573339223477
            ],
            [
              115.8140442897045,
              -31.920366359224296
            ],
            [
              115.8140108496805,
              -31.919988869224486
            ],
            [
              115.81400489964102,
              -31.919459269222465
            ],
            [
              115.81398288957287,
              -31.91852338921957
            ],
            [
              115.81395642953217,
              -31.917939289218452
            ],
            [
              115.81390605951003,
              -31.917554339219542
            ],
            [
              115.81381422948968,
              -31.917114779222686
            ],
            [
              115.81392941947286,
              -31.917109899216292
            ],
            [
              115.81401508946058,
              -31.91710889921154
            ],
            [
              115.81661939908723,
              -31.917083609067166
            ],
            [
              115.81701344903104,
              -31.917083789045357
            ],
            [
              115.81900656874664,
              -31.91708242893496
            ],
            [
              115.82012350858803,
              -31.917090968873158
            ],
            [
              115.82012135852553,
              -31.91626586886963
            ],
            [
              115.82010394850941,
              -31.916021778869506
            ],
            [
              115.82009277850392,
              -31.915928668869718
            ],
            [
              115.82006452849215,
              -31.915721358870357
            ],
            [
              115.82004316848646,
              -31.91560623887104
            ],
            [
              115.8201221584734,
              -31.915583068866567
            ],
            [
              115.82018723846157,
              -31.915549288862813
            ],
            [
              115.82051938837421,
              -31.91502374884211
            ],
            [
              115.82095121832637,
              -31.91520420881899
            ],
            [
              115.82105304831576,
              -31.915255698813564
            ],
            [
              115.82111389831093,
              -31.91530632881043
            ],
            [
              115.82114681831005,
              -31.91535672880884
            ],
            [
              115.82116835831191,
              -31.915421288807924
            ],
            [
              115.82126069829731,
              -31.915402608802726
            ],
            [
              115.82239471813558,
              -31.915402608739946
            ],
            [
              115.82318870801056,
              -31.915248058695298
            ],
            [
              115.82374667792276,
              -31.91513964866393
            ],
            [
              115.8238210979114,
              -31.915130178659783
            ],
            [
              115.82532000769748,
              -31.915128328576802
            ],
            [
              115.82533924769454,
              -31.915125178575725
            ],
            [
              115.82535756769144,
              -31.915119148574675
            ],
            [
              115.82537439768839,
              -31.915110398573713
            ],
            [
              115.82538917768544,
              -31.915099228572842
            ],
            [
              115.82540144768267,
              -31.915085938572112
            ],
            [
              115.82541074768021,
              -31.915070978571528
            ],
            [
              115.82541680767811,
              -31.915054788571116
            ],
            [
              115.82541943767646,
              -31.915037918570896
            ],
            [
              115.82550831766369,
              -31.915036698565984
            ],
            [
              115.82551130761094,
              -31.91434908856277
            ],
            [
              115.8255017076028,
              -31.914224208562754
            ],
            [
              115.82682289741444,
              -31.914224838489627
            ],
            [
              115.82686826740793,
              -31.91422430848712
            ],
            [
              115.82696510739235,
              -31.914200898481656
            ],
            [
              115.8272163673557,
              -31.914190638467712
            ],
            [
              115.82754001730989,
              -31.914194778449808
            ],
            [
              115.82807535723376,
              -31.914197568420196
            ],
            [
              115.82812828722638,
              -31.914199828417285
            ],
            [
              115.82821573721448,
              -31.914207378412467
            ],
            [
              115.82826866720711,
              -31.914209628409555
            ],
            [
              115.8284760171782,
              -31.914218458398118
            ],
            [
              115.82887667712305,
              -31.914244638376058
            ],
            [
              115.82952469702963,
              -31.91423158834015
            ],
            [
              115.82970975700302,
              -31.914228798329894
            ],
            [
              115.82978173699263,
              -31.9142267283259
            ],
            [
              115.83084373684017,
              -31.914214038267094
            ],
            [
              115.83367551643462,
              -31.914191358110326
            ],
            [
              115.83458195630465,
              -31.91418252806015
            ],
            [
              115.83657168601938,
              -31.914162827950022
            ],
            [
              115.83692810596858,
              -31.914163007930302
            ],
            [
              115.83782377584086,
              -31.91416345788078
            ],
            [
              115.83896425567693,
              -31.914146807817634
            ],
            [
              115.83968859557264,
              -31.914133577777534
            ],
            [
              115.84011696551148,
              -31.914133037753853
            ],
            [
              115.84114838536411,
              -31.914128897696806
            ],
            [
              115.84213406522284,
              -31.91411981764226
            ],
            [
              115.84217329521714,
              -31.91411836764011
            ],
            [
              115.84245051517723,
              -31.914113687624756
            ],
            [
              115.84325654506117,
              -31.914099367580125
            ],
            [
              115.84428865491422,
              -31.914102447523092
            ],
            [
              115.84536756475903,
              -31.91408525746339
            ],
            [
              115.84593079467814,
              -31.914077747432234
            ],
            [
              115.84631316462031,
              -31.91403430741092
            ],
            [
              115.84652855458526,
              -31.913977627398747
            ],
            [
              115.84732553445538,
              -31.913763837353773
            ],
            [
              115.84696637444397,
              -31.912939547369973
            ],
            [
              115.84709269441757,
              -31.912828847362505
            ],
            [
              115.84714741442404,
              -31.91301702736031
            ],
            [
              115.84803877435454,
              -31.913775637314416
            ],
            [
              115.84911264427124,
              -31.91469562725915
            ],
            [
              115.84919480426471,
              -31.914763857254894
            ],
            [
              115.84926638425901,
              -31.91482333725121
            ],
            [
              115.850702144149,
              -31.9160711571774
            ],
            [
              115.8507564241446,
              -31.916115117174606
            ],
            [
              115.8507870041423,
              -31.916142477173032
            ],
            [
              115.85245805401395,
              -31.917590967087115
            ],
            [
              115.85253338400838,
              -31.91765932708325
            ],
            [
              115.8528966339792,
              -31.917957677064507
            ],
            [
              115.85314574395919,
              -31.918161967051663
            ],
            [
              115.85430962386874,
              -31.91915754699177
            ],
            [
              115.85523051379725,
              -31.919946226944397
            ],
            [
              115.85569202376122,
              -31.920339166920648
            ],
            [
              115.85579787375293,
              -31.920428536915193
            ],
            [
              115.85678173367637,
              -31.92126913686457
            ],
            [
              115.85698766366053,
              -31.921447796854004
            ],
            [
              115.85815982357018,
              -31.92246064679376
            ],
            [
              115.85818395356827,
              -31.92248072679251
            ],
            [
              115.85872827352595,
              -31.92294655676452
            ],
            [
              115.85977297344485,
              -31.923841786710796
            ],
            [
              115.86050432338783,
              -31.92446540667317
            ],
            [
              115.86128966332697,
              -31.925140036632815
            ],
            [
              115.86215726325948,
              -31.925882096588193
            ],
            [
              115.86228180324989,
              -31.925989726581793
            ],
            [
              115.86234049324524,
              -31.92603895657878
            ],
            [
              115.86313791318386,
              -31.92672989653782
            ],
            [
              115.86398785311843,
              -31.92746635649416
            ],
            [
              115.86434814297311,
              -31.926228336468814
            ],
            [
              115.86474960283047,
              -31.925103286441683
            ],
            [
              115.86477771282075,
              -31.925027896439797
            ],
            [
              115.86486987279258,
              -31.92483025643384
            ],
            [
              115.86501171275867,
              -31.924650166425216
            ],
            [
              115.86509953274019,
              -31.92457159642002
            ],
            [
              115.86530006269406,
              -31.924340656407935
            ],
            [
              115.8656888626081,
              -31.923939076384713
            ],
            [
              115.86641605244832,
              -31.923200356341326
            ],
            [
              115.86658669241,
              -31.92301603633109
            ],
            [
              115.86766165217036,
              -31.921879066266754
            ],
            [
              115.867250332203,
              -31.92153525628793
            ],
            [
              115.86588337231014,
              -31.92037671635823
            ],
            [
              115.86530400235537,
              -31.91988332638802
            ],
            [
              115.8651889923637,
              -31.9197767463939
            ],
            [
              115.86612638215966,
              -31.918849876338076
            ],
            [
              115.86623209213614,
              -31.91873889633176
            ],
            [
              115.8663961520998,
              -31.91856835632196
            ],
            [
              115.8665490920638,
              -31.918381416312684
            ],
            [
              115.86662457204154,
              -31.91822967630785
            ],
            [
              115.86667337202498,
              -31.9181030463046
            ],
            [
              115.86671162201081,
              -31.917988366301977
            ],
            [
              115.86673539199887,
              -31.91787536630017
            ],
            [
              115.86674842198819,
              -31.917759116298935
            ],
            [
              115.86677824193482,
              -31.917111856294426
            ],
            [
              115.86679587190321,
              -31.916728276291778
            ],
            [
              115.86682025185586,
              -31.916149416287855
            ],
            [
              115.86685788178428,
              -31.915276726281924
            ],
            [
              115.86693628163685,
              -31.91348026626966
            ],
            [
              115.86696829159858,
              -31.91303584626593
            ],
            [
              115.86701220155611,
              -31.9125581362614
            ],
            [
              115.86708148151601,
              -31.912159666255814
            ],
            [
              115.8671180514948,
              -31.91194918625286
            ],
            [
              115.867243681438,
              -31.91143609624366
            ],
            [
              115.86740352137426,
              -31.91089627623246
            ],
            [
              115.86757131130865,
              -31.910346556220773
            ],
            [
              115.8677066512503,
              -31.909831756211027
            ],
            [
              115.86782400118753,
              -31.909224806201866
            ],
            [
              115.86786940115442,
              -31.908873346197808
            ],
            [
              115.86791904110267,
              -31.908283836192467
            ],
            [
              115.86792054104446,
              -31.907519086188998
            ],
            [
              115.8680905610202,
              -31.907519086179622
            ],
            [
              115.86834051098494,
              -31.90752408616585
            ],
            [
              115.87030852070536,
              -31.907538066057338
            ],
            [
              115.87237190041098,
              -31.90753577594352
            ],
            [
              115.8724054104084,
              -31.907565025941803
            ],
            [
              115.8724409904046,
              -31.907581575939908
            ],
            [
              115.87248096039933,
              -31.907587335937738
            ],
            [
              115.87252129039321,
              -31.90758220593549
            ],
            [
              115.87255765038682,
              -31.90756637593341
            ],
            [
              115.87256812038478,
              -31.9075591559328
            ],
            [
              115.87258214038182,
              -31.907546655931966
            ],
            [
              115.87471443021464,
              -31.909353125822353
            ],
            [
              115.87492752019797,
              -31.90953406581141
            ],
            [
              115.87649158007359,
              -31.91083606573093
            ],
            [
              115.87750116999354,
              -31.91167981567899
            ],
            [
              115.8782460298291,
              -31.91091193563453
            ],
            [
              115.87899339966202,
              -31.910113265589803
            ],
            [
              115.87937595957705,
              -31.90971194556693
            ],
            [
              115.87974974949404,
              -31.909319835544608
            ],
            [
              115.88027425937918,
              -31.908790815513342
            ],
            [
              115.88052843932253,
              -31.908521525498145
            ],
            [
              115.88060275930599,
              -31.908442935493703
            ],
            [
              115.88153153923349,
              -31.909234975446005
            ],
            [
              115.88187054920697,
              -31.909522965428597
            ],
            [
              115.88205541919262,
              -31.90968132541911
            ],
            [
              115.88307551911292,
              -31.91054995536673
            ],
            [
              115.88314950910717,
              -31.91061295536294
            ],
            [
              115.88285151916888,
              -31.910866975380472
            ],
            [
              115.88372532910074,
              -31.911612745335617
            ],
            [
              115.88421256906302,
              -31.912031955310617
            ],
            [
              115.88451354900063,
              -31.911774955292906
            ],
            [
              115.88533256893666,
              -31.912472945250855
            ],
            [
              115.88563456891305,
              -31.912729945235352
            ],
            [
              115.88578356890147,
              -31.91285794522771
            ],
            [
              115.88608654887773,
              -31.913114945212154
            ],
            [
              115.88691834881277,
              -31.91382414516947
            ],
            [
              115.88744157877193,
              -31.914269925142605
            ],
            [
              115.88753658876443,
              -31.914349915137723
            ],
            [
              115.88765258875543,
              -31.914449925131784
            ],
            [
              115.88900195864996,
              -31.91559888506253
            ],
            [
              115.8898795985814,
              -31.916346845017493
            ],
            [
              115.89023758850718,
              -31.916041184996427
            ],
            [
              115.89132006842259,
              -31.916963534940894
            ],
            [
              115.8909621084968,
              -31.917269154961943
            ],
            [
              115.89105730848964,
              -31.917353874957087
            ],
            [
              115.89099324850241,
              -31.917402004960824
            ],
            [
              115.89338545831599,
              -31.919448164838137
            ],
            [
              115.89304739838886,
              -31.919773594858185
            ],
            [
              115.89296063840675,
              -31.919846484863285
            ],
            [
              115.89303147840069,
              -31.919899984859622
            ],
            [
              115.89312520839336,
              -31.91997976485481
            ],
            [
              115.89276604846785,
              -31.92028665487595
            ],
            [
              115.89270513848074,
              -31.920342194879552
            ],
            [
              115.89261847849882,
              -31.920417364884653
            ],
            [
              115.89189833864785,
              -31.921029224927025
            ],
            [
              115.8918230386633,
              -31.92109122493144
            ],
            [
              115.89174565867931,
              -31.921156914935988
            ],
            [
              115.89170962868211,
              -31.92112592493784
            ],
            [
              115.89140770874458,
              -31.921381934955594
            ],
            [
              115.89156206873255,
              -31.921514074947677
            ],
            [
              115.89147070875158,
              -31.921592944953066
            ],
            [
              115.89163119873908,
              -31.921730614944835
            ],
            [
              115.89170466873364,
              -31.921796944941086
            ],
            [
              115.89133868880977,
              -31.922112944962635
            ],
            [
              115.89110267882799,
              -31.921909054974726
            ],
            [
              115.89101072884702,
              -31.921986954980138
            ],
            [
              115.8912486788286,
              -31.922191934967937
            ],
            [
              115.89082979891629,
              -31.92256073499264
            ],
            [
              115.89093674890786,
              -31.92265099498715
            ],
            [
              115.89095616890901,
              -31.922702574986307
            ],
            [
              115.89114271889225,
              -31.922832944976612
            ],
            [
              115.89122206888584,
              -31.922897854972515
            ],
            [
              115.89078399897656,
              -31.9232702249983
            ],
            [
              115.89108613895343,
              -31.923534514982823
            ],
            [
              115.89071989902911,
              -31.923843445004362
            ],
            [
              115.89056936904088,
              -31.923715205012087
            ],
            [
              115.89046742906193,
              -31.923801175018085
            ],
            [
              115.89009764909055,
              -31.923482235037046
            ],
            [
              115.88988499913458,
              -31.92366303504955
            ],
            [
              115.88970921917158,
              -31.923820505059922
            ],
            [
              115.88964329918578,
              -31.923883895063845
            ],
            [
              115.88959449919584,
              -31.923924665066714
            ],
            [
              115.8893972892359,
              -31.92408222507827
            ],
            [
              115.88976184920769,
              -31.92439650505958
            ],
            [
              115.88950966925978,
              -31.924609165074408
            ],
            [
              115.88921032928295,
              -31.92435103508976
            ],
            [
              115.88913583928905,
              -31.924291205093592
            ],
            [
              115.88881021935522,
              -31.92455124511268
            ],
            [
              115.88789972954348,
              -31.92532180516624
            ],
            [
              115.88698817973194,
              -31.92609234521987
            ],
            [
              115.88608826991853,
              -31.92686028527285
            ],
            [
              115.88515321011178,
              -31.927649545327853
            ],
            [
              115.88612696003709,
              -31.928498305277948
            ],
            [
              115.88679457998586,
              -31.929080265243737
            ],
            [
              115.88745759993496,
              -31.929657445209767
            ],
            [
              115.88775357991226,
              -31.929915165194608
            ],
            [
              115.88855132985094,
              -31.93060923515372
            ],
            [
              115.88814963992967,
              -31.930891065177107
            ],
            [
              115.88781310999563,
              -31.931128155196685
            ],
            [
              115.88732482009155,
              -31.931474325225114
            ],
            [
              115.88714896012611,
              -31.931599005235356
            ],
            [
              115.88676502020122,
              -31.931867605257686
            ],
            [
              115.88557858043359,
              -31.93269928532674
            ],
            [
              115.88581718041311,
              -31.932878425314385
            ],
            [
              115.88649222036179,
              -31.93347301527982
            ],
            [
              115.88567297051344,
              -31.933930745326983
            ],
            [
              115.88576316050663,
              -31.934010905322367
            ],
            [
              115.88667081043643,
              -31.934794745275827
            ],
            [
              115.88881146027086,
              -31.93664339516607
            ],
            [
              115.88885869026421,
              -31.936644595163482
            ],
            [
              115.88887267026264,
              -31.936650615162723
            ],
            [
              115.8889087002593,
              -31.93667360516085
            ],
            [
              115.88891665025835,
              -31.936676715160427
            ],
            [
              115.88885592026652,
              -31.93667007516374
            ],
            [
              115.88874291028048,
              -31.936641065169844
            ],
            [
              115.88869590028673,
              -31.936635075172397
            ],
            [
              115.88860790029713,
              -31.936606065177116
            ],
            [
              115.8885479303052,
              -31.936600065180386
            ],
            [
              115.88850092031099,
              -31.93658806518292
            ],
            [
              115.88845391031728,
              -31.936582065185494
            ],
            [
              115.88835992033059,
              -31.93658106519067
            ],
            [
              115.88829893033886,
              -31.936575075194003
            ],
            [
              115.88825192034604,
              -31.936581065196616
            ],
            [
              115.88816490036012,
              -31.936603065201506
            ],
            [
              115.88812391036727,
              -31.936620065203844
            ],
            [
              115.88808989037432,
              -31.93664907520585
            ],
            [
              115.88805690038069,
              -31.936671075207766
            ],
            [
              115.88794889039954,
              -31.936716065213897
            ],
            [
              115.88790790040626,
              -31.936728075216223
            ],
            [
              115.8878608904129,
              -31.936727075218798
            ],
            [
              115.8878209204169,
              -31.936704075220906
            ],
            [
              115.88772091042804,
              -31.936663065226234
            ],
            [
              115.88759992044054,
              -31.93660006523261
            ],
            [
              115.8875599104449,
              -31.93658206523474
            ],
            [
              115.88745892046104,
              -31.936605065240403
            ],
            [
              115.8874178904682,
              -31.936622065242748
            ],
            [
              115.88718889051076,
              -31.936752085255925
            ],
            [
              115.88703293054166,
              -31.936866085265034
            ],
            [
              115.88700435054751,
              -31.936889635266702
            ],
            [
              115.88699894054862,
              -31.936894085267028
            ],
            [
              115.88693792056213,
              -31.936957085270674
            ],
            [
              115.88685692057791,
              -31.937013085275364
            ],
            [
              115.88664095061914,
              -31.937150095287887
            ],
            [
              115.88660697062657,
              -31.937184095289904
            ],
            [
              115.88657295063355,
              -31.937212085291897
            ],
            [
              115.88653295064145,
              -31.937241095294226
            ],
            [
              115.88649196065035,
              -31.93728109529667
            ],
            [
              115.88620095070733,
              -31.937485095313598
            ],
            [
              115.88611393072281,
              -31.937525085318573
            ],
            [
              115.8860529407349,
              -31.93757007532214
            ],
            [
              115.8859989507448,
              -31.937599085325232
            ],
            [
              115.88595793075189,
              -31.937615085327565
            ],
            [
              115.88593095075795,
              -31.93764407532918
            ],
            [
              115.88580992077993,
              -31.93770609533612
            ],
            [
              115.88562096081249,
              -31.937780095346852
            ],
            [
              115.88535798085859,
              -31.93789308536184
            ],
            [
              115.8853240008656,
              -31.937921075363843
            ],
            [
              115.88521099088754,
              -31.93799809537041
            ],
            [
              115.88518197089321,
              -31.938018095372097
            ],
            [
              115.88515500089918,
              -31.938046085373696
            ],
            [
              115.8848639909593,
              -31.93829109539083
            ],
            [
              115.88481697096813,
              -31.938319105393536
            ],
            [
              115.88476996097658,
              -31.938342105396234
            ],
            [
              115.88473598098318,
              -31.938365095398215
            ],
            [
              115.88466097099942,
              -31.938438095402656
            ],
            [
              115.88464699100452,
              -31.93847911540361
            ],
            [
              115.88449698104671,
              -31.938753095413087
            ],
            [
              115.88443599106232,
              -31.938844095416858
            ],
            [
              115.88439504107421,
              -31.93892411541946
            ],
            [
              115.88432003109357,
              -31.9390381054241
            ],
            [
              115.88429302110002,
              -31.939072115425738
            ],
            [
              115.88426601110736,
              -31.939118105427426
            ],
            [
              115.88419801112265,
              -31.9391921054315
            ],
            [
              115.88416403112963,
              -31.9392201154335
            ],
            [
              115.88412304114074,
              -31.939289095436067
            ],
            [
              115.88411001114515,
              -31.939323105436934
            ],
            [
              115.88410303114917,
              -31.93936309543749
            ],
            [
              115.88405398116528,
              -31.939483105440726
            ],
            [
              115.88401401117623,
              -31.939552115443234
            ],
            [
              115.88381666121731,
              -31.939722645454864
            ],
            [
              115.88372303123587,
              -31.939791095460333
            ],
            [
              115.88369602124183,
              -31.939819105461932
            ],
            [
              115.88366201124848,
              -31.939842105463914
            ],
            [
              115.88362802125634,
              -31.939882095465954
            ],
            [
              115.88360101126322,
              -31.939922115467628
            ],
            [
              115.8835740012692,
              -31.939950105469244
            ],
            [
              115.88355302127485,
              -31.939985105470548
            ],
            [
              115.88352601128084,
              -31.94001309547216
            ],
            [
              115.88350600128628,
              -31.940047095473407
            ],
            [
              115.88339103131004,
              -31.940144135480175
            ],
            [
              115.88336303131614,
              -31.940172125481844
            ],
            [
              115.8833300013226,
              -31.940195115483757
            ],
            [
              115.88328905133105,
              -31.940229125486177
            ],
            [
              115.88326204133708,
              -31.94025812548778
            ],
            [
              115.8832280613436,
              -31.940280125489757
            ],
            [
              115.88319404135068,
              -31.940309115491765
            ],
            [
              115.88317371135616,
              -31.940343565493023
            ],
            [
              115.88306505137948,
              -31.940446125499477
            ],
            [
              115.88284904142147,
              -31.940593125512024
            ],
            [
              115.8828220314275,
              -31.940622115513644
            ],
            [
              115.88279404143759,
              -31.94070212551554
            ],
            [
              115.88279404144365,
              -31.940782125515902
            ],
            [
              115.88280706144783,
              -31.94086211551553
            ],
            [
              115.88280604145147,
              -31.94090812551579
            ],
            [
              115.8827990414555,
              -31.94094812551634
            ],
            [
              115.88271804147398,
              -31.941039125521222
            ],
            [
              115.88267705148246,
              -31.941074125523635
            ],
            [
              115.8825760615024,
              -31.941147125529525
            ],
            [
              115.88254905150846,
              -31.94117611553113
            ],
            [
              115.88250806151648,
              -31.941204125533517
            ],
            [
              115.8823790715457,
              -31.941347135541257
            ],
            [
              115.88235206155214,
              -31.941381115542885
            ],
            [
              115.88233804155718,
              -31.941421135543855
            ],
            [
              115.88231804156263,
              -31.9414551155451
            ],
            [
              115.88231107156662,
              -31.941495135545654
            ],
            [
              115.88229705157167,
              -31.94153512554661
            ],
            [
              115.88227606158469,
              -31.941667125548342
            ],
            [
              115.88228205158731,
              -31.941713115548218
            ],
            [
              115.88228205159209,
              -31.941776125548508
            ],
            [
              115.88230107159846,
              -31.941896115547976
            ],
            [
              115.88232662160092,
              -31.94197661554692
            ],
            [
              115.88234009160553,
              -31.942063135546565
            ],
            [
              115.88233910160871,
              -31.942103135546798
            ],
            [
              115.8823330816126,
              -31.94214314554731
            ],
            [
              115.88231209161816,
              -31.94217713554863
            ],
            [
              115.88228508162415,
              -31.942205145550226
            ],
            [
              115.88225110163123,
              -31.942234155552228
            ],
            [
              115.88217708164565,
              -31.94228513555653
            ],
            [
              115.88213609165278,
              -31.942302135558865
            ],
            [
              115.88206206166721,
              -31.942353145563175
            ],
            [
              115.88202808167428,
              -31.94238215556518
            ],
            [
              115.88200107168072,
              -31.942416135566813
            ],
            [
              115.88198709168576,
              -31.94245615556775
            ],
            [
              115.88196709169118,
              -31.94249013556901
            ],
            [
              115.88193910170078,
              -31.942564135570887
            ],
            [
              115.8818850817163,
              -31.942667145574315
            ],
            [
              115.88187110172092,
              -31.942702145575243
            ],
            [
              115.88180208174938,
              -31.942947145580124
            ],
            [
              115.88176809175992,
              -31.943022135582332
            ],
            [
              115.88170506178666,
              -31.943256145586847
            ],
            [
              115.8816291018166,
              -31.943508135592136
            ],
            [
              115.88162209182062,
              -31.943548155592705
            ],
            [
              115.88160811182522,
              -31.94358213559362
            ],
            [
              115.88159410183329,
              -31.943662145594743
            ],
            [
              115.88156712184319,
              -31.943742145596595
            ],
            [
              115.88156012184767,
              -31.943788155597176
            ],
            [
              115.88154610185225,
              -31.943822135598097
            ],
            [
              115.88153212186079,
              -31.94390814559924
            ],
            [
              115.88151810186581,
              -31.94394813560019
            ],
            [
              115.88150413187434,
              -31.944034165601344
            ],
            [
              115.88142109191006,
              -31.94434916560732
            ],
            [
              115.88141408191454,
              -31.944395155607904
            ],
            [
              115.8814051019353,
              -31.94465215560955
            ],
            [
              115.88140313195386,
              -31.944893155610718
            ],
            [
              115.88139612195833,
              -31.944939165611302
            ],
            [
              115.88139660195897,
              -31.94494817561131
            ],
            [
              115.8814017819619,
              -31.944996645611248
            ],
            [
              115.88140178196795,
              -31.9450765656116
            ],
            [
              115.88139386197213,
              -31.945116615612204
            ],
            [
              115.8813938619791,
              -31.945208595612627
            ],
            [
              115.88138667198314,
              -31.94524855561319
            ],
            [
              115.88138557198681,
              -31.945294645613455
            ],
            [
              115.88137875199081,
              -31.94533460561402
            ],
            [
              115.88137875199735,
              -31.945420625614393
            ],
            [
              115.88138484199948,
              -31.945460585614235
            ],
            [
              115.88136973201507,
              -31.945637635615842
            ],
            [
              115.88136254201912,
              -31.945677595616417
            ],
            [
              115.88136254202307,
              -31.945729595616648
            ],
            [
              115.88135568202709,
              -31.945769645617204
            ],
            [
              115.88136181202925,
              -31.94580960561703
            ],
            [
              115.8813546220333,
              -31.945849565617607
            ],
            [
              115.88136075203587,
              -31.945895565617477
            ],
            [
              115.88134670204663,
              -31.946010595618755
            ],
            [
              115.88134670205004,
              -31.946055585618964
            ],
            [
              115.88133265205946,
              -31.946153595620167
            ],
            [
              115.88133155206312,
              -31.946199585620437
            ],
            [
              115.88132476206712,
              -31.946239645620985
            ],
            [
              115.88132476207015,
              -31.94627960562115
            ],
            [
              115.88131754207505,
              -31.94633062562178
            ],
            [
              115.88131681207994,
              -31.946393615622107
            ],
            [
              115.88130962208398,
              -31.946433575622667
            ],
            [
              115.88130962208747,
              -31.94647956562288
            ],
            [
              115.88131571209101,
              -31.946537625622796
            ],
            [
              115.88131571209404,
              -31.946577585622983
            ],
            [
              115.88132188209656,
              -31.946622595622838
            ],
            [
              115.8813207921011,
              -31.946680645623147
            ],
            [
              115.88132761210316,
              -31.946720605622957
            ],
            [
              115.88132579212126,
              -31.946955595624082
            ],
            [
              115.88133155212428,
              -31.947006615624
            ],
            [
              115.8813315521308,
              -31.947092565624367
            ],
            [
              115.88133772213342,
              -31.947138645624246
            ],
            [
              115.88133086213745,
              -31.9471786056248
            ],
            [
              115.88132976214848,
              -31.947322615625485
            ],
            [
              115.88133553215154,
              -31.947373635625397
            ],
            [
              115.88132867215602,
              -31.94741962562598
            ],
            [
              115.88132867215988,
              -31.94747065562621
            ],
            [
              115.88130191217827,
              -31.947662685628536
            ],
            [
              115.8812926821833,
              -31.947711595629254
            ],
            [
              115.88129162219205,
              -31.94782560562982
            ],
            [
              115.88129881219399,
              -31.947864585629592
            ],
            [
              115.8812977521977,
              -31.947911565629852
            ],
            [
              115.88130783220019,
              -31.94796358562953
            ],
            [
              115.88134272221352,
              -31.948204605628668
            ],
            [
              115.88136864222193,
              -31.948364625627946
            ],
            [
              115.88136758222558,
              -31.948410615628216
            ],
            [
              115.88138054222674,
              -31.948450575627678
            ],
            [
              115.88138773222921,
              -31.94849656562749
            ],
            [
              115.8813991122299,
              -31.948527145626993
            ],
            [
              115.8814928522355,
              -31.94877763562292
            ],
            [
              115.88151267223577,
              -31.94881857562202
            ],
            [
              115.88157782224384,
              -31.94904762561944
            ],
            [
              115.8816505322448,
              -31.9491975656161
            ],
            [
              115.88166385224544,
              -31.949230615615512
            ],
            [
              115.88168367224533,
              -31.94926661561458
            ],
            [
              115.88170451224667,
              -31.949323575613676
            ],
            [
              115.88182981224749,
              -31.94957062560787
            ],
            [
              115.88184277224995,
              -31.949627605607404
            ],
            [
              115.88188059226192,
              -31.949856655606332
            ],
            [
              115.88190073226382,
              -31.949919645605505
            ],
            [
              115.8819205222653,
              -31.94997662560466
            ],
            [
              115.88200585227062,
              -31.95020765560097
            ],
            [
              115.88202564227038,
              -31.950241585600036
            ],
            [
              115.88206451227391,
              -31.950361625598426
            ],
            [
              115.88208469227415,
              -31.95040258559749
            ],
            [
              115.88217182227822,
              -31.950620575593657
            ],
            [
              115.88220387227926,
              -31.950694625592213
            ],
            [
              115.8822168222809,
              -31.950740615591698
            ],
            [
              115.88224383227961,
              -31.950774635590367
            ],
            [
              115.8822967622791,
              -31.950867625587872
            ],
            [
              115.88232373227792,
              -31.950902625586547
            ],
            [
              115.88235074227754,
              -31.950948615585258
            ],
            [
              115.88236261227843,
              -31.950982635584744
            ],
            [
              115.88238275227812,
              -31.951016565583785
            ],
            [
              115.88243677228094,
              -31.951155605581413
            ],
            [
              115.88235363229532,
              -31.95118865558614
            ],
            [
              115.88231366230276,
              -31.951211595588447
            ],
            [
              115.88229457230815,
              -31.95124661558966
            ],
            [
              115.88228052231364,
              -31.951292605590645
            ],
            [
              115.88227369231767,
              -31.951332565591184
            ],
            [
              115.88227920231986,
              -31.951372185591044
            ],
            [
              115.88232556231878,
              -31.951445595588837
            ],
            [
              115.882324832322,
              -31.95148662558905
            ],
            [
              115.88230464233538,
              -31.951624605590766
            ],
            [
              115.88231161233809,
              -31.951673755590612
            ],
            [
              115.88233056234552,
              -31.951807565590155
            ],
            [
              115.88234326234634,
              -31.951842205589607
            ],
            [
              115.8823485923495,
              -31.951893615589533
            ],
            [
              115.8823485923525,
              -31.951933575589713
            ],
            [
              115.88234173235652,
              -31.951973625590266
            ],
            [
              115.88234067236276,
              -31.952053635590683
            ],
            [
              115.88234676236492,
              -31.952093595590522
            ],
            [
              115.8823467623684,
              -31.952139585590732
            ],
            [
              115.88235253237062,
              -31.952179645590586
            ],
            [
              115.88238673237186,
              -31.952260635589056
            ],
            [
              115.88241265237154,
              -31.95230564558782
            ],
            [
              115.88242670237264,
              -31.95234658558724
            ],
            [
              115.88243225237532,
              -31.952392205587113
            ],
            [
              115.88244579237636,
              -31.952431625586556
            ],
            [
              115.88244524237953,
              -31.952472195586772
            ],
            [
              115.88250554238188,
              -31.95261659558408
            ],
            [
              115.88252572238163,
              -31.95265159558312
            ],
            [
              115.88253072238386,
              -31.95269057558303
            ],
            [
              115.88254423238502,
              -31.952731195582466
            ],
            [
              115.8825775523859,
              -31.952805585580958
            ],
            [
              115.88261789238544,
              -31.952875605579028
            ],
            [
              115.88267077238312,
              -31.952944635576436
            ],
            [
              115.88269669238149,
              -31.95297164557512
            ],
            [
              115.8828046923718,
              -31.953047605569505
            ],
            [
              115.8828518523669,
              -31.95307161556702
            ],
            [
              115.88287777236536,
              -31.95310060556572
            ],
            [
              115.88288963236666,
              -31.953139565565227
            ],
            [
              115.88293069236647,
              -31.9532146455633
            ],
            [
              115.88301676237205,
              -31.953450605559595
            ],
            [
              115.88304267237184,
              -31.953496595558374
            ],
            [
              115.88306859237375,
              -31.95357058555727
            ],
            [
              115.88308155237628,
              -31.95362863555681
            ],
            [
              115.88310852237849,
              -31.95370864555568
            ],
            [
              115.8831286723791,
              -31.953754635554773
            ],
            [
              115.88313483238174,
              -31.953800625554628
            ],
            [
              115.88318053238518,
              -31.953932575552702
            ],
            [
              115.88319386238933,
              -31.95401258555232
            ],
            [
              115.88321977239264,
              -31.954104635551303
            ],
            [
              115.88323955239326,
              -31.954150635550423
            ],
            [
              115.88325868239534,
              -31.954213645549636
            ],
            [
              115.88327883239594,
              -31.954259635548734
            ],
            [
              115.88329861239568,
              -31.954293565547793
            ],
            [
              115.88334362239753,
              -31.95440263554579
            ],
            [
              115.88335657239955,
              -31.954453565545304
            ],
            [
              115.88341669240671,
              -31.954661565542906
            ],
            [
              115.8835225424116,
              -31.95492563553824
            ],
            [
              115.88353477241378,
              -31.954977565537806
            ],
            [
              115.88353477241726,
              -31.955023625537997
            ],
            [
              115.8835421024204,
              -31.955078425537835
            ],
            [
              115.88354772242279,
              -31.95512056553771
            ],
            [
              115.88354772242627,
              -31.955166655537926
            ],
            [
              115.88356681243437,
              -31.955309565537497
            ],
            [
              115.88356575243847,
              -31.955361585537794
            ],
            [
              115.88357871244352,
              -31.95545256553749
            ],
            [
              115.88359167244431,
              -31.95548758553691
            ],
            [
              115.88359886244679,
              -31.955533575536723
            ],
            [
              115.88359777244999,
              -31.955573635536958
            ],
            [
              115.88362368245711,
              -31.95571663553617
            ],
            [
              115.88363664245792,
              -31.955751635535602
            ],
            [
              115.88368956245515,
              -31.95581464553297
            ],
            [
              115.88370975245483,
              -31.955848575532002
            ],
            [
              115.88373676245362,
              -31.955883585530678
            ],
            [
              115.88387568245165,
              -31.956119565524066
            ],
            [
              115.88393473245495,
              -31.95627463552148
            ],
            [
              115.88394160245747,
              -31.956320625521318
            ],
            [
              115.88396174245847,
              -31.956371645520427
            ],
            [
              115.88397360246329,
              -31.956457595520163
            ],
            [
              115.88398656246538,
              -31.95650962551966
            ],
            [
              115.88399379246782,
              -31.956555615519484
            ],
            [
              115.88400675246857,
              -31.956589635518924
            ],
            [
              115.88404452248447,
              -31.956870615518078
            ],
            [
              115.88407084248684,
              -31.956951625516986
            ],
            [
              115.88406975249914,
              -31.957111625517747
            ],
            [
              115.88407584250304,
              -31.957174645517693
            ],
            [
              115.8840686525071,
              -31.95721460551826
            ],
            [
              115.88407475250972,
              -31.957260595518136
            ],
            [
              115.88406865251453,
              -31.95731261551869
            ],
            [
              115.8840675625177,
              -31.957352575518943
            ],
            [
              115.88408774251738,
              -31.957386595517974
            ],
            [
              115.88414067251425,
              -31.95744462551531
            ],
            [
              115.88418782251054,
              -31.957484585512894
            ],
            [
              115.88422060250849,
              -31.95751960551124
            ],
            [
              115.88424757250722,
              -31.95755363550989
            ],
            [
              115.88428178250408,
              -31.95757657550811
            ],
            [
              115.88430769250304,
              -31.95761159550685
            ],
            [
              115.88434766250036,
              -31.95765164550482
            ],
            [
              115.88437467249913,
              -31.95768664550348
            ],
            [
              115.88441354249883,
              -31.95775557550165
            ],
            [
              115.88442756249941,
              -31.957789595501037
            ],
            [
              115.88443982250415,
              -31.95787564550074
            ],
            [
              115.88443982250718,
              -31.95791560550092
            ],
            [
              115.88447260251255,
              -31.958047635499682
            ],
            [
              115.88449165251981,
              -31.958179575499216
            ],
            [
              115.88449056252426,
              -31.958236635499546
            ],
            [
              115.88449778252674,
              -31.95828262549933
            ],
            [
              115.88449669253295,
              -31.958362635499757
            ],
            [
              115.88452260253715,
              -31.958466585498783
            ],
            [
              115.88451578254198,
              -31.958517605499367
            ],
            [
              115.88451472254819,
              -31.958597625499795
            ],
            [
              115.88449380256338,
              -31.95875862550166
            ],
            [
              115.88445168258761,
              -31.95899857550504
            ],
            [
              115.88445059259078,
              -31.95903862550528
            ],
            [
              115.88442361260245,
              -31.959141575507214
            ],
            [
              115.88441569260834,
              -31.959204585507933
            ],
            [
              115.88438868262129,
              -31.959324565509952
            ],
            [
              115.88437467262634,
              -31.959364615510896
            ],
            [
              115.88431167265665,
              -31.959645595515614
            ],
            [
              115.88429762266122,
              -31.959679615516528
            ],
            [
              115.8842907526657,
              -31.95972558551712
            ],
            [
              115.88427674267028,
              -31.95975960551803
            ],
            [
              115.88426378267691,
              -31.959822615519027
            ],
            [
              115.88424973268194,
              -31.959862575519974
            ],
            [
              115.88420764270579,
              -31.960097565523338
            ],
            [
              115.8841586627249,
              -31.960257595526755
            ],
            [
              115.88412483273582,
              -31.960337605528963
            ],
            [
              115.88409782274307,
              -31.960382595530646
            ],
            [
              115.88395955279147,
              -31.960760585539944
            ],
            [
              115.88394554279735,
              -31.960811625540952
            ],
            [
              115.88390484281054,
              -31.960908645543608
            ],
            [
              115.88389152281638,
              -31.960960575544565
            ],
            [
              115.88387068282194,
              -31.96099459554587
            ],
            [
              115.88376158285527,
              -31.96122860555291
            ],
            [
              115.88371982286905,
              -31.961331645555664
            ],
            [
              115.88360353290302,
              -31.96156060556309
            ],
            [
              115.88356970291478,
              -31.961651605565358
            ],
            [
              115.88351462293127,
              -31.961765615568893
            ],
            [
              115.88348764293818,
              -31.96180557557055
            ],
            [
              115.88346673294419,
              -31.961845635571883
            ],
            [
              115.88338574296533,
              -31.961971635576912
            ],
            [
              115.88336486297132,
              -31.962011595578225
            ],
            [
              115.88333066297876,
              -31.962045615580276
            ],
            [
              115.88318882301377,
              -31.962239575588953
            ],
            [
              115.88315462302124,
              -31.962273595590982
            ],
            [
              115.88313374302726,
              -31.96231364559231
            ],
            [
              115.88309954303433,
              -31.96234261559432
            ],
            [
              115.88287667308211,
              -31.962552585607536
            ],
            [
              115.88281477309916,
              -31.962660595611407
            ],
            [
              115.88270571313514,
              -31.96292960561861
            ],
            [
              115.88267187314348,
              -31.962975595620687
            ],
            [
              115.88262468315105,
              -31.962986565623336
            ],
            [
              115.88244973317725,
              -31.96300258563304
            ],
            [
              115.88239571318452,
              -31.96299664563599
            ],
            [
              115.88234859319174,
              -31.96300258563861
            ],
            [
              115.88228771320033,
              -31.963001605641953
            ],
            [
              115.88222763320846,
              -31.96299557564524
            ],
            [
              115.8821865732156,
              -31.96301257564757
            ],
            [
              115.88209875323157,
              -31.963057585652617
            ],
            [
              115.88206560323806,
              -31.963080615654544
            ],
            [
              115.88201881324652,
              -31.96310364565722
            ],
            [
              115.88182876328702,
              -31.96327960566849
            ],
            [
              115.88174667330655,
              -31.963382645673462
            ],
            [
              115.88171966331345,
              -31.96342260567513
            ],
            [
              115.88169878331985,
              -31.963467615676475
            ],
            [
              115.88167181332672,
              -31.963507575678136
            ],
            [
              115.88161056334374,
              -31.96361656568198
            ],
            [
              115.88157676335162,
              -31.963656615684027
            ],
            [
              115.88152884336408,
              -31.963730595687004
            ],
            [
              115.88151482336843,
              -31.963761635687913
            ],
            [
              115.88145894338247,
              -31.963841765691345
            ],
            [
              115.88218719331154,
              -31.964278495653137
            ],
            [
              115.88228639329314,
              -31.96422326564743
            ],
            [
              115.88236585327779,
              -31.96417060564281
            ],
            [
              115.8824533832623,
              -31.964131265637818
            ],
            [
              115.88259540323637,
              -31.964057255629662
            ],
            [
              115.8826423832284,
              -31.964040245627004
            ],
            [
              115.88269038321987,
              -31.964018255624257
            ],
            [
              115.88291240317818,
              -31.963887255611446
            ],
            [
              115.88296639316884,
              -31.96386525560838
            ],
            [
              115.88300041316222,
              -31.963842265606402
            ],
            [
              115.88304140315506,
              -31.96382526560407
            ],
            [
              115.88313542313685,
              -31.963762245598602
            ],
            [
              115.8831694031294,
              -31.963728245596574
            ],
            [
              115.8832783930961,
              -31.963494255589556
            ],
            [
              115.88331942308766,
              -31.963460255587137
            ],
            [
              115.88336041307967,
              -31.963432245584748
            ],
            [
              115.88360339303762,
              -31.963335255570936
            ],
            [
              115.88365741302772,
              -31.96330726556784
            ],
            [
              115.88383286299718,
              -31.963234615557848
            ],
            [
              115.88404883295635,
              -31.96310364554536
            ],
            [
              115.88413636294041,
              -31.96305823554035
            ],
            [
              115.88421735292496,
              -31.963007225535662
            ],
            [
              115.88426535291553,
              -31.962973245532865
            ],
            [
              115.88430535290809,
              -31.96295022553056
            ],
            [
              115.88439336289247,
              -31.962910235525534
            ],
            [
              115.88444737288435,
              -31.962905235522538
            ],
            [
              115.88448738287782,
              -31.96289422552028
            ],
            [
              115.88453436287071,
              -31.96288923551767
            ],
            [
              115.88458137286437,
              -31.962894225515093
            ],
            [
              115.88462838285858,
              -31.962906235512566
            ],
            [
              115.88464137285976,
              -31.962946235512025
            ],
            [
              115.88461436286885,
              -31.96301523551381
            ],
            [
              115.88461334287246,
              -31.96306122551409
            ],
            [
              115.88462035287498,
              -31.963107235513895
            ],
            [
              115.88463334287569,
              -31.963141245513324
            ],
            [
              115.88465937287461,
              -31.96317624551206
            ],
            [
              115.88470036287099,
              -31.96320523550992
            ],
            [
              115.8847533628642,
              -31.963216245507045
            ],
            [
              115.88480037285794,
              -31.963222235504485
            ],
            [
              115.88490136284275,
              -31.96321222549887
            ],
            [
              115.88494936283462,
              -31.963195245496156
            ],
            [
              115.8850433828173,
              -31.963144235490756
            ],
            [
              115.88512438280314,
              -31.96311023548613
            ],
            [
              115.88516537279557,
              -31.963087245483774
            ],
            [
              115.88521837278843,
              -31.963093235480883
            ],
            [
              115.88527235278247,
              -31.963116225478004
            ],
            [
              115.88529936278078,
              -31.96314523547665
            ],
            [
              115.88533936277682,
              -31.96316823547456
            ],
            [
              115.88537937277202,
              -31.9631802354724
            ],
            [
              115.88542634276575,
              -31.963186235469834
            ],
            [
              115.88551434275013,
              -31.963146215464814
            ],
            [
              115.88557537273626,
              -31.96307821546115
            ],
            [
              115.8856563727156,
              -31.96295822545617
            ],
            [
              115.88569874270092,
              -31.96284463545332
            ],
            [
              115.8857053526969,
              -31.962804205452787
            ],
            [
              115.88571936269143,
              -31.96275821545181
            ],
            [
              115.88573334268244,
              -31.962666215450625
            ],
            [
              115.88573334267812,
              -31.96260921545038
            ],
            [
              115.88572035267742,
              -31.962575215450933
            ],
            [
              115.88569436267764,
              -31.962529225452172
            ],
            [
              115.88559337268676,
              -31.96245922545744
            ],
            [
              115.88553336269445,
              -31.96244721546068
            ],
            [
              115.88548635270115,
              -31.962447235463273
            ],
            [
              115.88543236270844,
              -31.962441235466226
            ],
            [
              115.88537834271699,
              -31.962452225469253
            ],
            [
              115.88532436272514,
              -31.96245824547224
            ],
            [
              115.8852843627317,
              -31.962469225474486
            ],
            [
              115.88519636274687,
              -31.962503235479492
            ],
            [
              115.88508134276843,
              -31.962571235486134
            ],
            [
              115.88500035278773,
              -31.96267322549105
            ],
            [
              115.88497936279339,
              -31.962708235492357
            ],
            [
              115.88491834280683,
              -31.96277024549599
            ],
            [
              115.88489136281335,
              -31.962805225497632
            ],
            [
              115.88484435282042,
              -31.962810235500235
            ],
            [
              115.88479737282665,
              -31.9628042255028
            ],
            [
              115.88473036283278,
              -31.9627582355063
            ],
            [
              115.88471737283162,
              -31.96271823550684
            ],
            [
              115.88471737282858,
              -31.96267824550665
            ],
            [
              115.88472437282446,
              -31.962637225506096
            ],
            [
              115.88475938281385,
              -31.962563225503835
            ],
            [
              115.88481336280182,
              -31.962506225500608
            ],
            [
              115.88484738279482,
              -31.96247823549861
            ],
            [
              115.88491436278176,
              -31.962432225494712
            ],
            [
              115.88500236276577,
              -31.962387235489675
            ],
            [
              115.88504937275646,
              -31.962353235486926
            ],
            [
              115.8850903627489,
              -31.962330235484565
            ],
            [
              115.88512438274189,
              -31.962302225482578
            ],
            [
              115.88517836273205,
              -31.962274235479466
            ],
            [
              115.88521238272453,
              -31.962239235477444
            ],
            [
              115.88525235271669,
              -31.96221122547512
            ],
            [
              115.88538137268787,
              -31.962074235467394
            ],
            [
              115.88544237267354,
              -31.96200023546372
            ],
            [
              115.88552332265684,
              -31.961932225458966
            ],
            [
              115.88556435264884,
              -31.961904225456575
            ],
            [
              115.88560534264168,
              -31.961887215454244
            ],
            [
              115.88573331262121,
              -31.961858215447062
            ],
            [
              115.88578631261325,
              -31.961853215444116
            ],
            [
              115.88583332260527,
              -31.961836215441448
            ],
            [
              115.88588734259672,
              -31.961825205438426
            ],
            [
              115.8859343125887,
              -31.961808225435764
            ],
            [
              115.88598231258146,
              -31.961803215433104
            ],
            [
              115.8860293225739,
              -31.961792225430468
            ],
            [
              115.88607633256673,
              -31.961786205427845
            ],
            [
              115.88625832253823,
              -31.961753225417674
            ],
            [
              115.88631234253052,
              -31.96175322541469
            ],
            [
              115.88635235252397,
              -31.96174221541245
            ],
            [
              115.88639965251683,
              -31.96173762540982
            ],
            [
              115.8865613124937,
              -31.961737225400917
            ],
            [
              115.8866613224804,
              -31.961750205395454
            ],
            [
              115.8867153424727,
              -31.96175020539248
            ],
            [
              115.88687634245105,
              -31.9617682053837
            ],
            [
              115.88697033243936,
              -31.96179122537862
            ],
            [
              115.887024352433,
              -31.961809225375728
            ],
            [
              115.8871113324232,
              -31.961844225371088
            ],
            [
              115.88735934239914,
              -31.961994205358078
            ],
            [
              115.88738533239761,
              -31.962023195356785
            ],
            [
              115.88747235239435,
              -31.962144205352534
            ],
            [
              115.88750531239268,
              -31.962184195350883
            ],
            [
              115.88753232239186,
              -31.962224195349577
            ],
            [
              115.88759233238811,
              -31.96228820534655
            ],
            [
              115.88763233238498,
              -31.962322195344495
            ],
            [
              115.88766533238292,
              -31.96235719534284
            ],
            [
              115.88774533237891,
              -31.96245520533886
            ],
            [
              115.88775833237965,
              -31.962489195338303
            ],
            [
              115.88776534238166,
              -31.96252920533809
            ],
            [
              115.88777833238326,
              -31.96257519533757
            ],
            [
              115.88778435238547,
              -31.962615195337417
            ],
            [
              115.8877843523885,
              -31.962655195337593
            ],
            [
              115.88779735238928,
              -31.962690195337032
            ],
            [
              115.8878103423944,
              -31.96278219533672
            ],
            [
              115.88780935239795,
              -31.96282720533698
            ],
            [
              115.88781636240007,
              -31.962868205336775
            ],
            [
              115.88780136240909,
              -31.962959205338002
            ],
            [
              115.88775336243422,
              -31.96320020534171
            ],
            [
              115.88774537243923,
              -31.96325120534237
            ],
            [
              115.88773238244367,
              -31.963285195343254
            ],
            [
              115.88767036245987,
              -31.963382205347074
            ],
            [
              115.88765737246439,
              -31.963417205347948
            ],
            [
              115.8876027624783,
              -31.96349758535132
            ],
            [
              115.8875143624978,
              -31.96358820535659
            ],
            [
              115.88746738250617,
              -31.963610195359276
            ],
            [
              115.88732536253384,
              -31.963707195367522
            ],
            [
              115.88728437254142,
              -31.963730185369883
            ],
            [
              115.88725736254739,
              -31.963758195371497
            ],
            [
              115.88722368255445,
              -31.963787645373483
            ],
            [
              115.8872103525589,
              -31.96382119537436
            ],
            [
              115.88716838257876,
              -31.96400419537748
            ],
            [
              115.88711436259163,
              -31.96407219538075
            ],
            [
              115.8870803825987,
              -31.964101205382747
            ],
            [
              115.88701241261447,
              -31.964181205386858
            ],
            [
              115.88678841266332,
              -31.964403215400186
            ],
            [
              115.88676841266876,
              -31.964437225401422
            ],
            [
              115.88665274269701,
              -31.96459162540849
            ],
            [
              115.88663259270245,
              -31.964625645409747
            ],
            [
              115.88660558270844,
              -31.964653635411352
            ],
            [
              115.88658467271408,
              -31.964688565412654
            ],
            [
              115.88653069272613,
              -31.964745615415893
            ],
            [
              115.88649685273315,
              -31.964774585417874
            ],
            [
              115.88635468276077,
              -31.964870625426133
            ],
            [
              115.8863006627706,
              -31.964898615429234
            ],
            [
              115.88615163279923,
              -31.964995645437877
            ],
            [
              115.88611167280628,
              -31.96501264544015
            ],
            [
              115.88603677282036,
              -31.965057635444477
            ],
            [
              115.88601085282619,
              -31.96508562544603
            ],
            [
              115.88571279288306,
              -31.96527364546328
            ],
            [
              115.88567856289052,
              -31.965307575465324
            ],
            [
              115.88561884290164,
              -31.965341595468754
            ],
            [
              115.88557059291202,
              -31.965387585471607
            ],
            [
              115.88550974292284,
              -31.965415575475095
            ],
            [
              115.88547554292983,
              -31.965443565477095
            ],
            [
              115.88542875293827,
              -31.96546659547977
            ],
            [
              115.88537473294859,
              -31.96550062548291
            ],
            [
              115.88534772295462,
              -31.965529605484512
            ],
            [
              115.88526673297045,
              -31.965585595489223
            ],
            [
              115.88523972297651,
              -31.965614565490842
            ],
            [
              115.88520555298354,
              -31.96564264549285
            ],
            [
              115.88519869298753,
              -31.965682605493406
            ],
            [
              115.88515084300396,
              -31.9658086054966
            ],
            [
              115.88497805304438,
              -31.966016435507036
            ],
            [
              115.88486570307069,
              -31.96615159551383
            ],
            [
              115.88477788308444,
              -31.96616761551873
            ],
            [
              115.88473682309161,
              -31.966184625521073
            ],
            [
              115.88468963309919,
              -31.966195615523723
            ],
            [
              115.88463674310674,
              -31.966195615526637
            ],
            [
              115.884588853114,
              -31.966200645529298
            ],
            [
              115.88444161313497,
              -31.966199565537398
            ],
            [
              115.88438076314449,
              -31.9662106355408
            ],
            [
              115.88428681316047,
              -31.966244565546123
            ],
            [
              115.88425261316712,
              -31.96626761554811
            ],
            [
              115.88421155317556,
              -31.96630163555053
            ],
            [
              115.88412373319723,
              -31.966421585555896
            ],
            [
              115.8840686532098,
              -31.966483595559207
            ],
            [
              115.88396065323306,
              -31.966586575565614
            ],
            [
              115.88391962324147,
              -31.96662059556802
            ],
            [
              115.88367661328876,
              -31.96678564558214
            ],
            [
              115.88358879330515,
              -31.966836575587198
            ],
            [
              115.88341381333615,
              -31.9669156155972
            ],
            [
              115.88337964334278,
              -31.966938645599168
            ],
            [
              115.88333281335076,
              -31.96695557560184
            ],
            [
              115.88323058336879,
              -31.967000565607663
            ],
            [
              115.88319061337616,
              -31.96702261560996
            ],
            [
              115.88312976338663,
              -31.96704564561342
            ],
            [
              115.88308260339511,
              -31.967068605616113
            ],
            [
              115.88293467342002,
              -31.967118645624495
            ],
            [
              115.88287379343092,
              -31.96714762562798
            ],
            [
              115.88281980343989,
              -31.96716364563103
            ],
            [
              115.88277878344704,
              -31.967180565633353
            ],
            [
              115.88271866345691,
              -31.96719757563675
            ],
            [
              115.88263763347109,
              -31.967231595641362
            ],
            [
              115.88258365348005,
              -31.9672486156444
            ],
            [
              115.88254259348768,
              -31.967271645646775
            ],
            [
              115.8824886034966,
              -31.96728757564982
            ],
            [
              115.8824486435036,
              -31.96730459565209
            ],
            [
              115.88240867351108,
              -31.9673276256544
            ],
            [
              115.88230683352774,
              -31.967355615660136
            ],
            [
              115.88226687353479,
              -31.967372615662416
            ],
            [
              115.88220565354479,
              -31.967389635665857
            ],
            [
              115.8821657235518,
              -31.967406635668144
            ],
            [
              115.88211170356034,
              -31.96741762567116
            ],
            [
              115.88183485360675,
              -31.967507635686815
            ],
            [
              115.8817816036152,
              -31.9675186056898
            ],
            [
              115.88174773362222,
              -31.967547585691793
            ],
            [
              115.88169984363121,
              -31.96757558569455
            ],
            [
              115.88163180364572,
              -31.96763857569858
            ],
            [
              115.8815987036521,
              -31.967660625700503
            ],
            [
              115.88144963367857,
              -31.967728575709025
            ],
            [
              115.88140970368512,
              -31.967739635711276
            ],
            [
              115.88136864369227,
              -31.9677565657136
            ],
            [
              115.88128874370545,
              -31.967779595718127
            ],
            [
              115.881200523721,
              -31.96781857572315
            ],
            [
              115.88115373372862,
              -31.967830645725783
            ],
            [
              115.88110587373713,
              -31.967852595728502
            ],
            [
              115.88105871374599,
              -31.967880595731234
            ],
            [
              115.88079551379224,
              -31.967994625746243
            ],
            [
              115.88075485379973,
              -31.968016585748583
            ],
            [
              115.88066054381578,
              -31.96805058575393
            ],
            [
              115.88038368386394,
              -31.96816364576968
            ],
            [
              115.88034372387048,
              -31.96817461577194
            ],
            [
              115.88030379387749,
              -31.96819163577421
            ],
            [
              115.88024867388667,
              -31.968208635777337
            ],
            [
              115.88020874389362,
              -31.968225555779604
            ],
            [
              115.88015472390353,
              -31.968253645782706
            ],
            [
              115.88010074391202,
              -31.96826461578573
            ],
            [
              115.87997259393423,
              -31.968315565793013
            ],
            [
              115.87993152394183,
              -31.968338595795384
            ],
            [
              115.87975081397192,
              -31.968394575805597
            ],
            [
              115.87970256398054,
              -31.96841760580835
            ],
            [
              115.8796558039881,
              -31.96842859581098
            ],
            [
              115.87961474399525,
              -31.968445595813314
            ],
            [
              115.87948659401606,
              -31.968478635820528
            ],
            [
              115.87944662402309,
              -31.9684956458228
            ],
            [
              115.8791838240649,
              -31.968551625837527
            ],
            [
              115.87886054411491,
              -31.968601575855562
            ],
            [
              115.87869961413912,
              -31.968617595864526
            ],
            [
              115.87860566415256,
              -31.96861759586969
            ],
            [
              115.87856463415923,
              -31.968628585871993
            ],
            [
              115.8784976641692,
              -31.968633615875717
            ],
            [
              115.87838283418726,
              -31.968655575882128
            ],
            [
              115.878335674194,
              -31.968655575884725
            ],
            [
              115.87828165420258,
              -31.96866656588777
            ],
            [
              115.87820785421664,
              -31.96871262589202
            ],
            [
              115.87816069422503,
              -31.968734585894733
            ],
            [
              115.87811353423308,
              -31.96875160589741
            ],
            [
              115.8780656442399,
              -31.96875160590005
            ],
            [
              115.87800556424932,
              -31.968762575903412
            ],
            [
              115.8779587342551,
              -31.968750605905935
            ],
            [
              115.87790475426236,
              -31.968744575908886
            ],
            [
              115.87786478426682,
              -31.968727575911014
            ],
            [
              115.87777083427841,
              -31.968703635916103
            ],
            [
              115.87772367428515,
              -31.968703635918697
            ],
            [
              115.87767685429138,
              -31.968697605921236
            ],
            [
              115.87762972429852,
              -31.968702635923865
            ],
            [
              115.87747453432456,
              -31.96875358593265
            ],
            [
              115.87742054433264,
              -31.968758615935638
            ],
            [
              115.8773737543411,
              -31.968781575938312
            ],
            [
              115.87732586434922,
              -31.968798575941044
            ],
            [
              115.87727184435907,
              -31.968826565944138
            ],
            [
              115.87723874436556,
              -31.96884962594606
            ],
            [
              115.87720381437312,
              -31.96888364594814
            ],
            [
              115.87717679438308,
              -31.968963565949984
            ],
            [
              115.87715665438851,
              -31.968997585951247
            ],
            [
              115.87712858439518,
              -31.969032585952952
            ],
            [
              115.87708861440345,
              -31.9690666059553
            ],
            [
              115.877041824411,
              -31.969077575957925
            ],
            [
              115.8769878344191,
              -31.969082625960926
            ],
            [
              115.87694064442537,
              -31.9690765959635
            ],
            [
              115.87687983443409,
              -31.969076595966854
            ],
            [
              115.87681968444222,
              -31.96907056597014
            ],
            [
              115.8766515644635,
              -31.969034565979253
            ],
            [
              115.8763837244965,
              -31.96896463599371
            ],
            [
              115.87627572450883,
              -31.96892360599948
            ],
            [
              115.87623579451243,
              -31.968895616001564
            ],
            [
              115.87619582451678,
              -31.968877616003688
            ],
            [
              115.87616162451944,
              -31.968848626005446
            ],
            [
              115.87606154452854,
              -31.96877959601067
            ],
            [
              115.87597478453735,
              -31.96873260601523
            ],
            [
              115.87594164454038,
              -31.968709576016956
            ],
            [
              115.87584768454596,
              -31.968606626021675
            ],
            [
              115.87582177454703,
              -31.968571606022955
            ],
            [
              115.87572172455259,
              -31.968456586027962
            ],
            [
              115.87568858455472,
              -31.968422566029645
            ],
            [
              115.87560865455782,
              -31.968312586033562
            ],
            [
              115.87554853455687,
              -31.968186586036328
            ],
            [
              115.87552262455404,
              -31.96810062603736
            ],
            [
              115.87551685455176,
              -31.968059596037513
            ],
            [
              115.87551758453952,
              -31.96789957603676
            ],
            [
              115.875524774535,
              -31.967853586036156
            ],
            [
              115.87552586453052,
              -31.96779661603585
            ],
            [
              115.87553882452563,
              -31.96775656603495
            ],
            [
              115.87555284451665,
              -31.967664586033774
            ],
            [
              115.87556652451127,
              -31.967619596032826
            ],
            [
              115.87560755449803,
              -31.967522556030143
            ],
            [
              115.87567668447859,
              -31.967396646025765
            ],
            [
              115.87584553444104,
              -31.967219626015677
            ],
            [
              115.87587973443314,
              -31.967179566013616
            ],
            [
              115.87596076441683,
              -31.967117646008877
            ],
            [
              115.87598773441077,
              -31.967088586007247
            ],
            [
              115.87602880440231,
              -31.96705456600485
            ],
            [
              115.87606876439531,
              -31.967037636002555
            ],
            [
              115.87609680438872,
              -31.96700363600087
            ],
            [
              115.87620480436904,
              -31.966947565994676
            ],
            [
              115.87649355431981,
              -31.966842615978287
            ],
            [
              115.87655473430917,
              -31.966817595974785
            ],
            [
              115.87664977429385,
              -31.966794645969458
            ],
            [
              115.87670379428445,
              -31.966772585966385
            ],
            [
              115.87699356423664,
              -31.966688615950027
            ],
            [
              115.87704686422728,
              -31.966665585947002
            ],
            [
              115.87732371418217,
              -31.966592605931417
            ],
            [
              115.87737769417281,
              -31.96657064592835
            ],
            [
              115.87751884414959,
              -31.96653058592038
            ],
            [
              115.87757965413923,
              -31.966508635916934
            ],
            [
              115.87763980412981,
              -31.96649764591357
            ],
            [
              115.87775459411084,
              -31.96646361590709
            ],
            [
              115.87781584410125,
              -31.966452645903665
            ],
            [
              115.87799761407052,
              -31.966390635893365
            ],
            [
              115.87811857405063,
              -31.966356615886546
            ],
            [
              115.87815963404312,
              -31.966334565884196
            ],
            [
              115.87828147402311,
              -31.966300325877327
            ],
            [
              115.87291261465995,
              -31.96457994616574
            ],
            [
              115.87013043498996,
              -31.963688436315245
            ],
            [
              115.86962319505143,
              -31.963543306342583
            ],
            [
              115.86938445508056,
              -31.963477466355457
            ],
            [
              115.86639845543395,
              -31.962511506515916
            ],
            [
              115.8645264456536,
              -31.961880526616437
            ],
            [
              115.8639544557197,
              -31.961674546647085
            ],
            [
              115.86365344575552,
              -31.961579546663273
            ],
            [
              115.86129346603609,
              -31.96083356679023
            ],
            [
              115.86089042608458,
              -31.960713566811947
            ],
            [
              115.86037344614537,
              -31.960541566839712
            ],
            [
              115.85997643619173,
              -31.96040457686104
            ],
            [
              115.85933841626769,
              -31.960204566895364
            ],
            [
              115.85876543633688,
              -31.96003757692626
            ],
            [
              115.85852540636358,
              -31.95993755693907
            ],
            [
              115.85837743638199,
              -31.959901556947084
            ],
            [
              115.85815643640811,
              -31.95982957695897
            ],
            [
              115.85803641642123,
              -31.959776576965357
            ],
            [
              115.85777642645078,
              -31.959676586979267
            ],
            [
              115.85765641646344,
              -31.959617586985626
            ],
            [
              115.85740942649198,
              -31.959528576998878
            ],
            [
              115.85728842650613,
              -31.959487587005384
            ],
            [
              115.85712844652318,
              -31.959410587013863
            ],
            [
              115.85711173652759,
              -31.9594376570149
            ],
            [
              115.85711833652769,
              -31.9594509870146
            ],
            [
              115.85699677654202,
              -31.959410927021132
            ],
            [
              115.85697947653743,
              -31.959318377021688
            ],
            [
              115.85697947653689,
              -31.95931126702165
            ],
            [
              115.85698076653611,
              -31.959303517021542
            ],
            [
              115.85698322653526,
              -31.959296647021382
            ],
            [
              115.85696279653767,
              -31.959289927022493
            ],
            [
              115.85695785653874,
              -31.95929472702277
            ],
            [
              115.85695195653989,
              -31.959298687023118
            ],
            [
              115.85694057654185,
              -31.95930305702376
            ],
            [
              115.85693318654297,
              -31.959304177024176
            ],
            [
              115.85692566654406,
              -31.959304137024592
            ],
            [
              115.85691829654502,
              -31.959302927024993
            ],
            [
              115.85691129654583,
              -31.959300587025382
            ],
            [
              115.85688997655129,
              -31.95933225702668
            ],
            [
              115.85688030655349,
              -31.959343127027264
            ],
            [
              115.85687273655506,
              -31.959349477027718
            ],
            [
              115.85686394655671,
              -31.959354577028225
            ],
            [
              115.85685083655892,
              -31.959359117028974
            ],
            [
              115.85683681656106,
              -31.959360847029753
            ],
            [
              115.85682273656298,
              -31.959359667030522
            ],
            [
              115.85680783656701,
              -31.959384627031454
            ],
            [
              115.85683813656387,
              -31.959400457029847
            ],
            [
              115.8567109965955,
              -31.959577537037653
            ],
            [
              115.85670632659674,
              -31.959584967037944
            ],
            [
              115.85670132659831,
              -31.95959686703827
            ],
            [
              115.85669882659967,
              -31.959609317038463
            ],
            [
              115.8566966566053,
              -31.9596795670389
            ],
            [
              115.85669548660601,
              -31.95968675703899
            ],
            [
              115.85669334660685,
              -31.95969379703914
            ],
            [
              115.85668840660834,
              -31.959703827039462
            ],
            [
              115.85668401660944,
              -31.959710057039718
            ],
            [
              115.8566388566197,
              -31.95976020704244
            ],
            [
              115.85663203662112,
              -31.959766507042843
            ],
            [
              115.8566239866227,
              -31.95977165704332
            ],
            [
              115.85661500662425,
              -31.959775517043816
            ],
            [
              115.85658469662913,
              -31.959782617045533
            ],
            [
              115.85654936663487,
              -31.95979204704753
            ],
            [
              115.85651809664049,
              -31.95980687704932
            ],
            [
              115.85650457664276,
              -31.959811727050088
            ],
            [
              115.85649047664506,
              -31.95981520705088
            ],
            [
              115.85647146664796,
              -31.959817647051935
            ],
            [
              115.85640473665751,
              -31.95981802705562
            ],
            [
              115.85638228666066,
              -31.959817137056863
            ],
            [
              115.85637111666216,
              -31.959815987057464
            ],
            [
              115.85634906666505,
              -31.959812337058676
            ],
            [
              115.85625767667665,
              -31.95979311706364
            ],
            [
              115.85624259667838,
              -31.95978736706444
            ],
            [
              115.85622957667957,
              -31.95977871706512
            ],
            [
              115.85622407667996,
              -31.95977344706541
            ],
            [
              115.8562193366802,
              -31.959767647065636
            ],
            [
              115.85621386668026,
              -31.9597581570659
            ],
            [
              115.85621136668011,
              -31.959751437066014
            ],
            [
              115.85620982667976,
              -31.959744487066057
            ],
            [
              115.85620927667934,
              -31.95973743706606
            ],
            [
              115.85620972667874,
              -31.959730377066002
            ],
            [
              115.856211176678,
              -31.95972342706589
            ],
            [
              115.85621358667713,
              -31.959716657065727
            ],
            [
              115.85621894667564,
              -31.959707097065387
            ],
            [
              115.85616330668174,
              -31.95968255706835
            ],
            [
              115.85614133668393,
              -31.95967015706952
            ],
            [
              115.85612114668574,
              -31.959655727070576
            ],
            [
              115.85611179668643,
              -31.959647807071043
            ],
            [
              115.85607719668904,
              -31.959616597072827
            ],
            [
              115.85606872668944,
              -31.959605857073242
            ],
            [
              115.8560656166894,
              -31.959599947073386
            ],
            [
              115.85606332668922,
              -31.95959305707348
            ],
            [
              115.85606259668897,
              -31.959588337073495
            ],
            [
              115.8560627666884,
              -31.95958118707347
            ],
            [
              115.85606441668763,
              -31.959574157073344
            ],
            [
              115.85606748668668,
              -31.95956750707314
            ],
            [
              115.85607188668557,
              -31.959561397072868
            ],
            [
              115.85607991668384,
              -31.95955321707239
            ],
            [
              115.85607553668325,
              -31.959537597072558
            ],
            [
              115.85607428668222,
              -31.959521577072557
            ],
            [
              115.85607625668071,
              -31.959505587072393
            ],
            [
              115.8560793166795,
              -31.95949518707217
            ],
            [
              115.85608373667809,
              -31.959485157071875
            ],
            [
              115.85533728676225,
              -31.95918864711178
            ],
            [
              115.85525515676204,
              -31.95903150711563
            ],
            [
              115.85525041676308,
              -31.959036307115912
            ],
            [
              115.85524213676476,
              -31.959042507116397
            ],
            [
              115.85522930676703,
              -31.959048587117135
            ],
            [
              115.85521512676931,
              -31.95905186711793
            ],
            [
              115.85520046677141,
              -31.959052147118733
            ],
            [
              115.85511138678359,
              -31.959044727123622
            ],
            [
              115.85509743678537,
              -31.95904212712439
            ],
            [
              115.85508455678684,
              -31.95903681712508
            ],
            [
              115.85507606678762,
              -31.959031227125518
            ],
            [
              115.85506675678823,
              -31.959021957125998
            ],
            [
              115.85506060678838,
              -31.959012427126297
            ],
            [
              115.8550446867911,
              -31.95901830712719
            ],
            [
              115.8550333267929,
              -31.959020507127835
            ],
            [
              115.85502168679453,
              -31.95902029712847
            ],
            [
              115.85501320679562,
              -31.959018547128927
            ],
            [
              115.85500781679623,
              -31.95901664712922
            ],
            [
              115.85476489682091,
              -31.95888444714205
            ],
            [
              115.8545068968451,
              -31.958717297155566
            ],
            [
              115.8545099668435,
              -31.95870260715533
            ],
            [
              115.85439339686016,
              -31.958702617161762
            ],
            [
              115.85434637686728,
              -31.95870760716438
            ],
            [
              115.85429940687398,
              -31.95870760716697
            ],
            [
              115.85425239688031,
              -31.958702617169553
            ],
            [
              115.85419837688805,
              -31.958702617172538
            ],
            [
              115.8541513968952,
              -31.958708607175154
            ],
            [
              115.8539903969182,
              -31.958708607184043
            ],
            [
              115.85393038692635,
              -31.95870261718734
            ],
            [
              115.8538834169335,
              -31.95870860718995
            ],
            [
              115.85383640694022,
              -31.95870860719255
            ],
            [
              115.85350636698959,
              -31.9587376172109
            ],
            [
              115.85344639699814,
              -31.958737617214215
            ],
            [
              115.85310340704929,
              -31.958765607233286
            ],
            [
              115.85305639705693,
              -31.958777607235934
            ],
            [
              115.85294236707402,
              -31.958788617242284
            ],
            [
              115.85288838708269,
              -31.95880062724531
            ],
            [
              115.85283440709082,
              -31.95880661724832
            ],
            [
              115.8527944370974,
              -31.95881762725058
            ],
            [
              115.85272745710786,
              -31.95882963725433
            ],
            [
              115.85263343712343,
              -31.95885762725965
            ],
            [
              115.85257944713157,
              -31.95886361726265
            ],
            [
              115.85253243713959,
              -31.958880617265326
            ],
            [
              115.85248542714722,
              -31.958892627267975
            ],
            [
              115.85243144715534,
              -31.958897617270985
            ],
            [
              115.85226343718331,
              -31.958949627280496
            ],
            [
              115.85222342719028,
              -31.958966627282763
            ],
            [
              115.85212841720606,
              -31.958995637288155
            ],
            [
              115.85208841721305,
              -31.95901261729044
            ],
            [
              115.852041437222,
              -31.959041627293164
            ],
            [
              115.85199442722998,
              -31.959058627295825
            ],
            [
              115.85192044724451,
              -31.95911062730014
            ],
            [
              115.85188043725151,
              -31.959127627302422
            ],
            [
              115.85179944726833,
              -31.959196617307203
            ],
            [
              115.85170542728612,
              -31.959253637312646
            ],
            [
              115.85166541729441,
              -31.959287637315
            ],
            [
              115.85146342733506,
              -31.959442647326842
            ],
            [
              115.85143641734113,
              -31.95947163732847
            ],
            [
              115.85140345734796,
              -31.95949964733042
            ],
            [
              115.85136943735458,
              -31.959522647332392
            ],
            [
              115.85134242736063,
              -31.959551647334017
            ],
            [
              115.85126242737647,
              -31.95960964733869
            ],
            [
              115.85114142740159,
              -31.959712637345827
            ],
            [
              115.85110744740903,
              -31.959746637347862
            ],
            [
              115.85106743741694,
              -31.959775647350188
            ],
            [
              115.85098640743415,
              -31.959849647355004
            ],
            [
              115.85094640744205,
              -31.95987863735733
            ],
            [
              115.85091942744805,
              -31.95990664735895
            ],
            [
              115.8508324574657,
              -31.959975637364057
            ],
            [
              115.85079843747323,
              -31.960010637366082
            ],
            [
              115.85076543747964,
              -31.96003264736801
            ],
            [
              115.85073145748713,
              -31.96006765737004
            ],
            [
              115.85064443750481,
              -31.960136657375138
            ],
            [
              115.85061042751227,
              -31.960170657377184
            ],
            [
              115.85052942752863,
              -31.960233657381927
            ],
            [
              115.85049643753592,
              -31.96026765738391
            ],
            [
              115.85042941754989,
              -31.960325657387866
            ],
            [
              115.85040240755595,
              -31.96035466738949
            ],
            [
              115.8503684275625,
              -31.960376657391457
            ],
            [
              115.85034141756859,
              -31.960405667393086
            ],
            [
              115.85030841757539,
              -31.960433657395022
            ],
            [
              115.85018745760273,
              -31.96056565740229
            ],
            [
              115.85003244763712,
              -31.960726657411563
            ],
            [
              115.84985144767782,
              -31.96092166742243
            ],
            [
              115.84981041768623,
              -31.960955657424826
            ],
            [
              115.84978446769301,
              -31.96099568742645
            ],
            [
              115.8497434777015,
              -31.961030687428867
            ],
            [
              115.84972347770695,
              -31.96106467743012
            ],
            [
              115.84965645772178,
              -31.961133677434127
            ],
            [
              115.84962944772822,
              -31.96116768743577
            ],
            [
              115.84960944773373,
              -31.961202687437034
            ],
            [
              115.84958243773971,
              -31.961230677438643
            ],
            [
              115.84955546774661,
              -31.96127066744031
            ],
            [
              115.84944847777112,
              -31.961391677446763
            ],
            [
              115.84940749777955,
              -31.961425687449168
            ],
            [
              115.8492194778208,
              -31.961614677460386
            ],
            [
              115.84914545783616,
              -31.961677667464755
            ],
            [
              115.84903843785753,
              -31.96175768747102
            ],
            [
              115.84901146786356,
              -31.96178667747264
            ],
            [
              115.84891043788456,
              -31.961872677478617
            ],
            [
              115.84880947790467,
              -31.961947677484513
            ],
            [
              115.84876947791169,
              -31.961964677486794
            ],
            [
              115.84864945793616,
              -31.962060677493852
            ],
            [
              115.84827044800677,
              -31.96227769751575
            ],
            [
              115.84812546803214,
              -31.962338697524036
            ],
            [
              115.8479904580538,
              -31.96236969753162
            ],
            [
              115.84786445807494,
              -31.962410697538772
            ],
            [
              115.8476324581103,
              -31.96243970755172
            ],
            [
              115.84760643811407,
              -31.962440707553153
            ],
            [
              115.84755945812034,
              -31.96243468755573
            ],
            [
              115.84745846813477,
              -31.96243468756131
            ],
            [
              115.84741148814193,
              -31.962440707563932
            ],
            [
              115.84733045815338,
              -31.962439257568402
            ],
            [
              115.84720854817068,
              -31.962437157575124
            ],
            [
              115.84685475822103,
              -31.962434597594658
            ],
            [
              115.84680077822918,
              -31.962440627597662
            ],
            [
              115.84675357823548,
              -31.96243459760025
            ],
            [
              115.84643065828162,
              -31.962434597618092
            ],
            [
              115.84636368829082,
              -31.96242963762177
            ],
            [
              115.84630969829853,
              -31.962429637624755
            ],
            [
              115.84618873831492,
              -31.96241757763139
            ],
            [
              115.84608179833019,
              -31.962417577637297
            ],
            [
              115.84602780833833,
              -31.962423607640293
            ],
            [
              115.84596659834709,
              -31.96242360764368
            ],
            [
              115.84579888837237,
              -31.962440627653027
            ],
            [
              115.84575168837911,
              -31.962440627655642
            ],
            [
              115.8456307283973,
              -31.962452597662377
            ],
            [
              115.84548961841966,
              -31.962481567670302
            ],
            [
              115.84533482844566,
              -31.962532607679076
            ],
            [
              115.84530171845215,
              -31.962555647681015
            ],
            [
              115.84501263850136,
              -31.962659597697446
            ],
            [
              115.84497266850885,
              -31.962682627699753
            ],
            [
              115.84493164851551,
              -31.96269361770206
            ],
            [
              115.84487871852485,
              -31.962716647705093
            ],
            [
              115.84483765853155,
              -31.962727637707413
            ],
            [
              115.84470373855463,
              -31.962779567715042
            ],
            [
              115.84454861857984,
              -31.96281961772379
            ],
            [
              115.84448882859014,
              -31.962842657727183
            ],
            [
              115.8443808186073,
              -31.962865617733268
            ],
            [
              115.8442065686344,
              -31.96289458774303
            ],
            [
              115.8441457686435,
              -31.962899637746407
            ],
            [
              115.84396464866947,
              -31.962900617756432
            ],
            [
              115.8438638786847,
              -31.962911607762035
            ],
            [
              115.84381667869225,
              -31.9629225777647
            ],
            [
              115.84374973870231,
              -31.962928607768426
            ],
            [
              115.84370188871003,
              -31.96294057777112
            ],
            [
              115.8435477887338,
              -31.962963627779743
            ],
            [
              115.84335265876207,
              -31.96296856779055
            ],
            [
              115.84314003879693,
              -31.963027447802553
            ],
            [
              115.84308269880584,
              -31.96303660780575
            ],
            [
              115.8429821788228,
              -31.96307118781147
            ],
            [
              115.84291563883372,
              -31.96308960781523
            ],
            [
              115.84276766885755,
              -31.963124627823564
            ],
            [
              115.84272083886462,
              -31.96312956782618
            ],
            [
              115.84261359888167,
              -31.963152617832197
            ],
            [
              115.8425736388887,
              -31.963169627834485
            ],
            [
              115.84251964889776,
              -31.96318762783755
            ],
            [
              115.84244186891215,
              -31.963230557842035
            ],
            [
              115.8423277389341,
              -31.963304637848672
            ],
            [
              115.84221469895613,
              -31.963381577855262
            ],
            [
              115.84212252897453,
              -31.963450597860664
            ],
            [
              115.84209555898059,
              -31.96347958786229
            ],
            [
              115.84201561899985,
              -31.963582637867155
            ],
            [
              115.84195477901378,
              -31.96365158787082
            ],
            [
              115.84183381904546,
              -31.963840577878337
            ],
            [
              115.84182085904988,
              -31.963874607879198
            ],
            [
              115.84179388905677,
              -31.963914557880877
            ],
            [
              115.8417736990627,
              -31.963954617882166
            ],
            [
              115.84173986907066,
              -31.96399564788422
            ],
            [
              115.84171285907794,
              -31.964040637885912
            ],
            [
              115.84155155911714,
              -31.96425259789576
            ],
            [
              115.84151881912445,
              -31.96428761789772
            ],
            [
              115.84149180913134,
              -31.9643275778994
            ],
            [
              115.84134387916603,
              -31.964505577908355
            ],
            [
              115.84132368917153,
              -31.96453960790961
            ],
            [
              115.8411886792052,
              -31.96472859791793
            ],
            [
              115.84115557921645,
              -31.964814647920132
            ],
            [
              115.84112173922516,
              -31.964865587922215
            ],
            [
              115.84099358926137,
              -31.965100577930343
            ],
            [
              115.84097376926768,
              -31.965146567931644
            ],
            [
              115.8409467592746,
              -31.965186627933317
            ],
            [
              115.84093379927911,
              -31.965221627934188
            ],
            [
              115.84089386929047,
              -31.965295607936717
            ],
            [
              115.84085966929838,
              -31.96533556793878
            ],
            [
              115.84083984930423,
              -31.965375617940047
            ],
            [
              115.84081283931029,
              -31.965404587941673
            ],
            [
              115.84078586931722,
              -31.965444637943353
            ],
            [
              115.84075885932327,
              -31.965473627944966
            ],
            [
              115.84072574933022,
              -31.965502597946916
            ],
            [
              115.8406846893382,
              -31.96553059794931
            ],
            [
              115.84065157934555,
              -31.965564617951298
            ],
            [
              115.84057777936005,
              -31.965616637955602
            ],
            [
              115.84034881940234,
              -31.965742637968823
            ],
            [
              115.84030165941037,
              -31.965759637971498
            ],
            [
              115.84025485941929,
              -31.965788627974213
            ],
            [
              115.84012670944237,
              -31.965851627981568
            ],
            [
              115.83980485949972,
              -31.96600058800003
            ],
            [
              115.83973283951525,
              -31.96606960800431
            ],
            [
              115.83967998952977,
              -31.96616149800764
            ],
            [
              115.8396396195409,
              -31.966231618010188
            ],
            [
              115.83953555957068,
              -31.9664276180168
            ],
            [
              115.83939875960687,
              -31.96664660802531
            ],
            [
              115.83915759966776,
              -31.966993648040194
            ],
            [
              115.83901681969995,
              -31.967152578048683
            ],
            [
              115.83888756973077,
              -31.967314588056546
            ],
            [
              115.83876372975902,
              -31.967453628064
            ],
            [
              115.8386546697856,
              -31.967597638070657
            ],
            [
              115.83854560981123,
              -31.967729648077274
            ],
            [
              115.83846781983117,
              -31.967845568082083
            ],
            [
              115.83833966986606,
              -31.968063648090123
            ],
            [
              115.83830579987432,
              -31.9681086380922
            ],
            [
              115.83823166989413,
              -31.96822961809683
            ],
            [
              115.83808478992951,
              -31.96841860810579
            ],
            [
              115.83790980996761,
              -31.968590608116216
            ],
            [
              115.83772155001064,
              -31.96880263812756
            ],
            [
              115.83768771001762,
              -31.968830628129563
            ],
            [
              115.83765388002419,
              -31.968853578131544
            ],
            [
              115.83761354003089,
              -31.96886564813382
            ],
            [
              115.83755956004337,
              -31.968928638137076
            ],
            [
              115.83752678005067,
              -31.968962568139037
            ],
            [
              115.83739863007597,
              -31.96905463814653
            ],
            [
              115.83735866008296,
              -31.96907163814881
            ],
            [
              115.83731187009188,
              -31.969100628151534
            ],
            [
              115.8372107301103,
              -31.96915265815736
            ],
            [
              115.83714375012329,
              -31.96919764816126
            ],
            [
              115.83710378013036,
              -31.969215648163544
            ],
            [
              115.83698859015202,
              -31.969283598170218
            ],
            [
              115.83690183016752,
              -31.96932464817519
            ],
            [
              115.83686763017408,
              -31.96934660817718
            ],
            [
              115.83659260022434,
              -31.96949058819302
            ],
            [
              115.83655154023151,
              -31.96950760819536
            ],
            [
              115.83651876023795,
              -31.96953064819728
            ],
            [
              115.83627684028166,
              -31.969650618211187
            ],
            [
              115.83623581028884,
              -31.969667638213547
            ],
            [
              115.83593378033984,
              -31.96977058823069
            ],
            [
              115.8358797903493,
              -31.969793618233787
            ],
            [
              115.83582577035841,
              -31.969811618236836
            ],
            [
              115.8356515603859,
              -31.969845648246622
            ],
            [
              115.83561086039262,
              -31.96985761824893
            ],
            [
              115.83551654040915,
              -31.969897578254315
            ],
            [
              115.8354225904247,
              -31.969925568259647
            ],
            [
              115.83508672047923,
              -31.970011608278604
            ],
            [
              115.8349117405108,
              -31.970097648288654
            ],
            [
              115.8346795305542,
              -31.97023157830209
            ],
            [
              115.83451575058318,
              -31.97030464831146
            ],
            [
              115.83439479060571,
              -31.97037359831846
            ],
            [
              115.83415287065377,
              -31.970550628332624
            ],
            [
              115.83411867066133,
              -31.970585628334664
            ],
            [
              115.83409888066673,
              -31.97061964833591
            ],
            [
              115.83406574067497,
              -31.970665638337945
            ],
            [
              115.8340117206909,
              -31.970773638341406
            ],
            [
              115.83400453069507,
              -31.970814578341983
            ],
            [
              115.83392354072407,
              -31.971043628347473
            ],
            [
              115.83382382075666,
              -31.97128457835406
            ],
            [
              115.83375578077552,
              -31.971404618358346
            ],
            [
              115.83374283077997,
              -31.971438638359214
            ],
            [
              115.8337028607914,
              -31.971513628361762
            ],
            [
              115.8336416508067,
              -31.971599578365513
            ],
            [
              115.83360854081445,
              -31.971639628367527
            ],
            [
              115.83348685083747,
              -31.97171358837459
            ],
            [
              115.83305666090857,
              -31.97183959839893
            ],
            [
              115.83281474095017,
              -31.971931578412725
            ],
            [
              115.83262684098099,
              -31.971983598423353
            ],
            [
              115.8325526709924,
              -31.971994588427492
            ],
            [
              115.83251270099905,
              -31.97200662842976
            ],
            [
              115.83222362104341,
              -31.972046588445924
            ],
            [
              115.83208288106613,
              -31.972080608453872
            ],
            [
              115.83201484107761,
              -31.972103568457737
            ],
            [
              115.83175956111977,
              -31.972178628472175
            ],
            [
              115.83171281112823,
              -31.972201578474856
            ],
            [
              115.83157166115144,
              -31.97224163848285
            ],
            [
              115.83130959119242,
              -31.972287628497547
            ],
            [
              115.83124875120241,
              -31.97230462850098
            ],
            [
              115.83112778122053,
              -31.972315618507725
            ],
            [
              115.83095357124765,
              -31.9723445885175
            ],
            [
              115.83090565125542,
              -31.9723566485202
            ],
            [
              115.83062379129785,
              -31.97238463853592
            ],
            [
              115.83056977130518,
              -31.97237958853887
            ],
            [
              115.83050283131473,
              -31.97237958854258
            ],
            [
              115.83044272132287,
              -31.972373648545883
            ],
            [
              115.83039483132973,
              -31.972373648548537
            ],
            [
              115.83026774134873,
              -31.972384638555614
            ],
            [
              115.8301936013594,
              -31.97238561855972
            ],
            [
              115.83002581138469,
              -31.972402638569083
            ],
            [
              115.82986383140995,
              -31.97243062857816
            ],
            [
              115.82980371141994,
              -31.97244862858157
            ],
            [
              115.82970253143569,
              -31.972465638587245
            ],
            [
              115.82963559144565,
              -31.97247058859096
            ],
            [
              115.82958880145327,
              -31.972482658593606
            ],
            [
              115.82952182146326,
              -31.97248858859734
            ],
            [
              115.82948079146996,
              -31.972499658599656
            ],
            [
              115.82943364147673,
              -31.97249965860227
            ],
            [
              115.8293796514858,
              -31.97251755860533
            ],
            [
              115.82931987149473,
              -31.97252261860866
            ],
            [
              115.82927953150141,
              -31.97253457861095
            ],
            [
              115.82915175152051,
              -31.972545648618055
            ],
            [
              115.8290235615406,
              -31.972568608625256
            ],
            [
              115.82890983155777,
              -31.972580578631604
            ],
            [
              115.8286405315997,
              -31.97262556864669
            ],
            [
              115.82855377161391,
              -31.972649598651596
            ],
            [
              115.82812971167844,
              -31.972700618675304
            ],
            [
              115.82802277169547,
              -31.972723578681315
            ],
            [
              115.82791476171182,
              -31.97273563868733
            ],
            [
              115.8278618717202,
              -31.972746608690315
            ],
            [
              115.82748461177765,
              -31.97279259871139
            ],
            [
              115.82743059178625,
              -31.972804568714437
            ],
            [
              115.8273708417952,
              -31.972809618717772
            ],
            [
              115.82726302181261,
              -31.972835798723853
            ],
            [
              115.82688670179596,
              -31.971910618740594
            ],
            [
              115.8268317017933,
              -31.97177260874302
            ],
            [
              115.82657773178222,
              -31.971150618754333
            ],
            [
              115.8264237017753,
              -31.970770608761182
            ],
            [
              115.82548076193524,
              -31.97110040881483
            ],
            [
              115.82478602205875,
              -31.971418288854675
            ],
            [
              115.82457771209576,
              -31.971513608866623
            ],
            [
              115.82379628224277,
              -31.971977028911926
            ],
            [
              115.82377172224737,
              -31.97199160891333
            ],
            [
              115.82305950238981,
              -31.972524978955114
            ],
            [
              115.82294270241364,
              -31.972618608961994
            ],
            [
              115.81814973317971,
              -31.97368059923203
            ],
            [
              115.818038233199,
              -31.973724379238394
            ],
            [
              115.81803735319129,
              -31.973621659237985
            ],
            [
              115.8180320631462,
              -31.97302013923563
            ],
            [
              115.81804575306367,
              -31.971962989230214
            ],
            [
              115.8180419930306,
              -31.97152190922846
            ],
            [
              115.81803315295718,
              -31.970542079224643
            ],
            [
              115.81802629286024,
              -31.96925650921936
            ],
            [
              115.81802125275783,
              -31.967903369213673
            ],
            [
              115.81800326264101,
              -31.966336199207756
            ],
            [
              115.81802560260722,
              -31.96593496920475
            ],
            [
              115.81808929255851,
              -31.965415039198934
            ],
            [
              115.81822467249643,
              -31.96485424918897
            ],
            [
              115.81832077246345,
              -31.964601709182528
            ],
            [
              115.81816277248356,
              -31.964569169191144
            ],
            [
              115.8182057324721,
              -31.964499609188444
            ],
            [
              115.8177007125436,
              -31.96449061921638
            ]
          ]
        ]
      }
    }
  ],
  "city": "perth",
  "input": {
    "sa4_names": [
      "Perth - Inner"
    ],
    "extra_sa3_names": [
      "Canning",
      "Bayswater - Bassendean"
    ],
    "extra_sa2_names": []
  },
  "total_area_km2": 205.11,
  "ai_packs": [
    "vegetation",
    "surfaces",
    "building",
    "pavement_marking"
  ]
}